image_id,healthy,multiple_diseases,rust,scab
Test_0,0.00015664250531699508,0.0062349820509552956,0.9933833479881287,0.00022501197236124426
Test_1,0.00010341955930925906,0.05946463346481323,0.9398703575134277,0.0005615581176243722
Test_2,0.00010909276898019016,8.181836892617866e-05,0.0004268316552042961,0.9993822574615479
Test_3,0.9993646740913391,5.841150777996518e-05,4.3631862354232e-05,0.0005333332810550928
Test_4,0.0001414947910234332,0.0017545451410114765,0.9980946183204651,9.429571036889683e-06
Test_5,0.9972193241119385,0.0006568579119630158,0.0005625676712952554,0.0015613725408911705
Test_6,0.9988999366760254,0.0003023702884092927,0.00021708225540351123,0.0005806497647427022
Test_7,0.0030023115687072277,0.012328891083598137,0.0001758630241965875,0.9844928979873657
Test_8,0.022552818059921265,0.900998055934906,0.012196101248264313,0.06425304710865021
Test_9,0.00010163620754610747,0.01924474909901619,0.9805387258529663,0.00011488435848150402
Test_10,0.00029693840770050883,0.2492445409297943,0.750416100025177,4.245746094966307e-05
Test_11,0.9970752000808716,0.00039922617725096643,0.0007438455941155553,0.001781765604391694
Test_12,0.538554310798645,0.050426680594682693,0.0021380786783993244,0.40888094902038574
Test_13,0.9954347014427185,0.0017791055142879486,0.0011320357443764806,0.0016541104996576905
Test_14,0.00019387921201996505,0.0423458032310009,0.9563965797424316,0.0010637223022058606
Test_15,0.0006769541651010513,0.0036765090189874172,0.995633065700531,1.3400944226305e-05
Test_16,0.9923574328422546,0.0036062034778296947,0.0017470961902290583,0.002289172960445285
Test_17,0.1378699690103531,0.3440384268760681,0.009192281402647495,0.5088992714881897
Test_18,0.3572992980480194,0.001186608918942511,0.0008811243460513651,0.6406329274177551
Test_19,3.415244282223284e-05,0.004846427123993635,0.9951072931289673,1.2145045729994308e-05
Test_20,0.00043483791523613036,0.0067598107270896435,0.0010968834394589067,0.9917084574699402
Test_21,0.9869895577430725,0.0018442785367369652,0.0007008364191278815,0.010465268976986408
Test_22,0.01859416253864765,0.2492130994796753,0.7319188714027405,0.00027385420980863273
Test_23,0.00020836826297454536,0.0003553951100911945,6.894798389112111e-06,0.9994292855262756
Test_24,0.9937566518783569,0.002734045498073101,0.00041122728725895286,0.0030980498995631933
Test_25,0.003598178504034877,0.0011350171407684684,0.00013824793859384954,0.9951285123825073
Test_26,0.0881274864077568,0.05323578789830208,0.046842075884342194,0.8117946982383728
Test_27,0.001644832780584693,0.06396210938692093,0.934205949306488,0.0001870535925263539
Test_28,0.9985288381576538,0.00047471022116951644,0.00018093317339662462,0.0008155313553288579
Test_29,0.006277482490986586,0.7919854521751404,0.20065920054912567,0.001077942200936377
Test_30,0.9781447052955627,0.0011792505392804742,0.00042392979958094656,0.020252123475074768
Test_31,0.010684470646083355,0.874291181564331,0.11338412016630173,0.0016402130713686347
Test_32,0.0024737876374274492,0.4160043001174927,0.10406184196472168,0.4774600863456726
Test_33,0.0001916414184961468,0.009860947728157043,0.0031437391880899668,0.9868037104606628
Test_34,0.06279005855321884,0.0017825933173298836,0.00015976608847267926,0.9352676272392273
Test_35,0.0021181481424719095,0.0019789324142038822,0.00010828851372934878,0.9957946538925171
Test_36,0.0009190320852212608,0.0018446871545165777,0.9971828460693359,5.3541902161668986e-05
Test_37,0.11977140605449677,0.0012011055368930101,2.55427021329524e-05,0.879002034664154
Test_38,0.00014576700050383806,0.004738406278192997,0.0008672521798871458,0.9942485094070435
Test_39,0.00010391243995400146,5.1818286010529846e-05,0.999832034111023,1.2146897461207118e-05
Test_40,1.7334787116851658e-05,0.004169105552136898,0.9957956075668335,1.796793549146969e-05
Test_41,0.00028506890521384776,0.007584459148347378,0.9920450448989868,8.543256262782961e-05
Test_42,0.0001535046612843871,0.001653254497796297,2.384005711064674e-05,0.9981694221496582
Test_43,0.013966626487672329,0.02014271728694439,0.965805172920227,8.55053003760986e-05
Test_44,0.15980607271194458,0.7293268442153931,0.026497378945350647,0.08436961472034454
Test_45,0.017228197306394577,0.8365126848220825,0.00664720730856061,0.13961176574230194
Test_46,0.6643446683883667,0.025348227471113205,0.0005242935731075704,0.30978280305862427
Test_47,0.0006510362727567554,0.010463849641382694,0.9886606931686401,0.0002244234929094091
Test_48,0.0006381595158018172,0.009311769157648087,0.9900041222572327,4.586649083648808e-05
Test_49,0.00013071653665974736,7.203860150184482e-05,0.9997889399528503,8.353718840226065e-06
Test_50,0.0036528257187455893,0.16989462077617645,0.824809193611145,0.001643365598283708
Test_51,0.000331076851580292,0.02801244519650936,0.9716216325759888,3.48647081409581e-05
Test_52,0.0012636736501008272,0.19069916009902954,0.807952880859375,8.425321721006185e-05
Test_53,0.0009459180291742086,0.4208448529243469,0.5778766870498657,0.0003326265432406217
Test_54,0.03968530893325806,0.8608308434486389,0.09297563135623932,0.006508199032396078
Test_55,0.00133215740788728,0.0005839127697981894,7.233492215164006e-05,0.998011589050293
Test_56,0.0003693788021337241,0.0077096763998270035,0.001759800361469388,0.9901611804962158
Test_57,0.9714720845222473,0.012496189214289188,0.007584227714687586,0.008447563275694847
Test_58,0.00035479647340252995,0.0004103287938050926,8.547171455575153e-05,0.9991494417190552
Test_59,0.00210952409543097,0.6636662483215332,0.3330018222332001,0.0012224134989082813
Test_60,0.00010361301247030497,0.0006856070831418037,8.781174074101727e-06,0.9992020726203918
Test_61,0.9927425384521484,0.0026246944908052683,0.0009724985575303435,0.0036602667532861233
Test_62,0.013187294825911522,0.4548746943473816,0.1048668846487999,0.42707106471061707
Test_63,0.017038609832525253,0.007820229046046734,0.0018365347059443593,0.9733046293258667
Test_64,0.880285382270813,0.011621633544564247,0.025450222194194794,0.0826428085565567
Test_65,0.002008690731599927,0.36693844199180603,0.6303443312644958,0.0007085137185640633
Test_66,0.9997329115867615,3.907788050128147e-05,4.552557584247552e-05,0.00018247205298393965
Test_67,0.00010970354196615517,0.0016576797934249043,0.9982203841209412,1.2310626516409684e-05
Test_68,0.005667411722242832,0.9341978430747986,0.011327761225402355,0.048807110637426376
Test_69,0.0002856779610738158,0.001725991489365697,0.9979089498519897,7.952169107738882e-05
Test_70,0.0027071875520050526,0.16458630561828613,0.005581998266279697,0.8271244764328003
Test_71,0.0009405103046447039,0.007902220822870731,0.9908884763717651,0.0002688275999389589
Test_72,0.0013748392229899764,0.002213246887549758,0.0004930595750920475,0.9959189295768738
Test_73,0.9993591904640198,0.0001781670725904405,0.00011259125312790275,0.0003500539460219443
Test_74,0.9857615232467651,0.005324447061866522,0.0010520309442654252,0.00786193460226059
Test_75,0.10082437098026276,0.33470502495765686,0.02113594114780426,0.5433347225189209
Test_76,0.9985910058021545,0.0003142207278870046,0.000224787974730134,0.0008699723985046148
Test_77,0.00023571186466142535,0.005404273513704538,0.994086742401123,0.0002732931752689183
Test_78,0.015434231609106064,0.43659940361976624,0.0010011985432356596,0.5469652414321899
Test_79,0.07368143647909164,0.05525106564164162,0.0015762022230774164,0.8694913387298584
Test_80,0.0020698383450508118,0.8174305558204651,0.17767806351184845,0.002821515314280987
Test_81,0.0047715166583657265,0.8087100386619568,0.18544811010360718,0.0010702713625505567
Test_82,0.0014390278374776244,0.16032689809799194,0.7943032383918762,0.04393088072538376
Test_83,0.00037049822276458144,0.4411066770553589,0.5577679872512817,0.0007548935245722532
Test_84,0.025004025548696518,0.0057747336104512215,0.0015255127800628543,0.9676957726478577
Test_85,0.014019213616847992,0.014553803950548172,0.00418512849137187,0.9672418236732483
Test_86,0.0035154775250703096,0.7526149153709412,0.24262741208076477,0.0012422220315784216
Test_87,0.9943214654922485,0.0009681800729595125,0.0017946360167115927,0.0029158235993236303
Test_88,0.007608690299093723,0.009348229505121708,0.0008433007169514894,0.9821997880935669
Test_89,0.7932046055793762,0.0704156830906868,0.0028968583792448044,0.13348279893398285
Test_90,0.0027101607993245125,0.060923200100660324,0.9362516403198242,0.00011494419595692307
Test_91,0.9952313303947449,0.0020333766005933285,0.0006018163985572755,0.00213339040055871
Test_92,0.9975613355636597,0.00040104970685206354,0.001167871174402535,0.0008697137818671763
Test_93,0.0028054609429091215,0.20943233370780945,0.7875211834907532,0.00024097293498925865
Test_94,7.095778710208833e-05,0.00014615741383749992,2.8110796392866177e-06,0.9997801184654236
Test_95,0.9941919445991516,0.0031956082675606012,0.0010834161657840014,0.0015290933661162853
Test_96,0.0018177999882027507,0.001861796248704195,0.00011560850543901324,0.9962047934532166
Test_97,0.9711683988571167,0.014409800060093403,0.002175160450860858,0.012246665544807911
Test_98,0.015210608020424843,0.8997070789337158,0.007723736111074686,0.07735855877399445
Test_99,0.07592780888080597,0.10831662267446518,0.0007854808936826885,0.8149701356887817
Test_100,0.0021698151249438524,0.019718501716852188,0.0004942240193486214,0.9776174426078796
Test_101,0.015201537869870663,0.005298384465277195,0.001311756670475006,0.9781883955001831
Test_102,0.024778755381703377,0.004273235332220793,0.0008290482219308615,0.9701189398765564
Test_103,0.011568314395844936,0.8795562982559204,0.03226155787706375,0.07661377638578415
Test_104,0.0007878710748627782,0.015485011041164398,0.00013794538972433656,0.9835891723632812
Test_105,0.0010302989976480603,0.000844269641675055,0.0003791084454860538,0.9977462887763977
Test_106,0.99359530210495,0.0032594394870102406,0.000599621853325516,0.002545803552493453
Test_107,0.00047800439642742276,0.23322461545467377,0.7616677284240723,0.004629605449736118
Test_108,0.011892993934452534,0.02036498673260212,0.0005799801438115537,0.967162013053894
Test_109,0.8263790011405945,0.12866763770580292,0.022907307371497154,0.022046031430363655
Test_110,0.991600513458252,0.00353528605774045,0.0006392263458110392,0.004225002136081457
Test_111,0.8291361331939697,0.0032734288834035397,0.000985588296316564,0.16660498082637787
Test_112,0.000486705539515242,0.28666090965270996,0.7112879157066345,0.0015645273961126804
Test_113,0.05296500027179718,0.16195254027843475,0.021412411704659462,0.7636700868606567
Test_114,0.022213438525795937,0.8797067403793335,0.009248063899576664,0.0888318121433258
Test_115,4.1452396544627845e-05,0.0014512398047372699,0.9985023736953735,5.008634616388008e-06
Test_116,0.011579412035644054,0.03696288913488388,0.9479500651359558,0.0035077028442174196
Test_117,0.0011922076810151339,0.015910351648926735,0.982774019241333,0.00012353507918305695
Test_118,0.0004612278426066041,0.006913171149790287,0.9925116300582886,0.00011391067528165877
Test_119,0.9963057041168213,0.0007707407930865884,0.0004868136311415583,0.002436772920191288
Test_120,0.000234705294133164,0.021886005997657776,0.9778227210044861,5.65379777981434e-05
Test_121,0.0006407903274521232,0.12634262442588806,0.8565067052841187,0.016509881243109703
Test_122,0.001538554672151804,0.5318926572799683,0.4657195508480072,0.0008492323686368763
Test_123,0.0038426718674600124,0.7812514901161194,0.21363402903079987,0.0012718101497739553
Test_124,0.0028574673924595118,0.005981548689305782,0.00024560964084230363,0.9909153580665588
Test_125,0.016442475840449333,0.7871283888816833,0.026989856734871864,0.16943936049938202
Test_126,0.9985700845718384,0.000204054347705096,0.0002056280936812982,0.0010203379206359386
Test_127,0.004065173212438822,0.015259127132594585,0.0013271557400003076,0.9793485403060913
Test_128,0.0012223387602716684,0.6188745498657227,0.37712305784225464,0.0027801096439361572
Test_129,0.00037182652158662677,0.6245925426483154,0.3746153712272644,0.00042021769331768155
Test_130,0.000512446858920157,0.0020097815431654453,8.17316395114176e-05,0.9973959922790527
Test_131,0.023124467581510544,0.005210780538618565,0.00024345534620806575,0.9714213609695435
Test_132,0.998914361000061,0.00013419536116998643,0.0001688569609541446,0.0007825664361007512
Test_133,0.005524102132767439,0.003925939556211233,7.859370089136064e-05,0.990471363067627
Test_134,0.8547587394714355,0.0016307171899825335,0.0005228451918810606,0.14308775961399078
Test_135,0.00010469373955857009,0.2904303967952728,0.7060503363609314,0.0034145910758525133
Test_136,0.0005485595320351422,6.3034072809387e-05,6.956034894756158e-07,0.9993877410888672
Test_137,0.00095447211060673,0.040990184992551804,0.9579178094863892,0.00013750827929470688
Test_138,0.000435043330071494,0.005750828422605991,0.993803858757019,1.0362104148953222e-05
Test_139,0.998862624168396,2.9877472115913406e-05,5.609302024822682e-05,0.001051455968990922
Test_140,0.022052254527807236,0.06213608384132385,0.9120792150497437,0.0037324519362300634
Test_141,0.0005950047634541988,6.307435978669673e-05,0.0020592426881194115,0.9972826242446899
Test_142,0.0038772476837038994,0.017530716955661774,3.971067781094462e-05,0.9785522818565369
Test_143,0.6871150135993958,0.08327847719192505,0.007991169579327106,0.22161531448364258
Test_144,0.9961732029914856,0.001116270781494677,0.00035374349681660533,0.0023568153847008944
Test_145,0.01186766941100359,0.053994741290807724,0.007110124453902245,0.9270274043083191
Test_146,2.0418599888216704e-05,0.001448758994229138,0.9985060691833496,2.4744329493842088e-05
Test_147,0.0030282631050795317,0.47221606969833374,0.5241331458091736,0.0006225389079190791
Test_148,0.9808027744293213,0.002056052442640066,0.00043651257874444127,0.016704712063074112
Test_149,0.006059118080884218,0.028515556827187538,0.9625949859619141,0.0028302830178290606
Test_150,0.001181644038297236,0.0005106207099743187,1.7086296793422662e-05,0.9982905983924866
Test_151,0.00035466518602333963,0.0012375166406854987,0.9983892440795898,1.855946538853459e-05
Test_152,0.035000964999198914,0.5216158628463745,0.43550926446914673,0.007873911410570145
Test_153,0.00016825011698529124,4.8983096348820254e-05,7.378684676950797e-05,0.9997089505195618
Test_154,0.005169691517949104,0.9357331395149231,0.05581541731953621,0.0032817760948091745
Test_155,0.0004461124772205949,0.22395913302898407,0.7740564346313477,0.001538287615403533
Test_156,0.013126317411661148,0.004875828046351671,0.0007502499502152205,0.98124760389328
Test_157,0.9965713024139404,0.0009189100237563252,0.0006611260469071567,0.0018486984772607684
Test_158,0.0037444184999912977,0.0010190781904384494,0.004070115275681019,0.9911664128303528
Test_159,0.0013151479652151465,0.0539914034307003,0.9442400932312012,0.00045342606608755887
Test_160,0.9873540997505188,0.0005411726888269186,0.0002113149530487135,0.011893361806869507
Test_161,0.05876348540186882,0.059532199054956436,0.007125817704945803,0.8745784759521484
Test_162,0.00011211762466700748,0.00021493586245924234,0.9996410608291626,3.1872321414994076e-05
Test_163,0.0013415091671049595,0.6641449928283691,0.3337468206882477,0.0007667259778827429
Test_164,0.011618510819971561,0.38172295689582825,0.038212958723306656,0.5684455633163452
Test_165,0.000544025853741914,0.0022642139811068773,3.9197624573716894e-05,0.99715256690979
Test_166,8.455775969196111e-06,2.749966733972542e-05,0.9999459981918335,1.796274955268018e-05
Test_167,0.0038390960544347763,0.07341791689395905,0.9223752617835999,0.0003678023349493742
Test_168,0.022272281348705292,0.9234055876731873,0.045501478016376495,0.008820638991892338
Test_169,0.0007910256390459836,0.0017154025845229626,0.9966532588005066,0.0008403052343055606
Test_170,0.023048121482133865,0.5358381271362305,0.0027403791900724173,0.4383733868598938
Test_171,0.00015785398136358708,0.019215716049075127,0.9805613160133362,6.50857764412649e-05
Test_172,0.0063062915578484535,0.7341117262840271,0.25824812054634094,0.0013338335556909442
Test_173,0.00020768167451024055,0.0008188402280211449,0.9989701509475708,3.3055528092518216e-06
Test_174,0.01505749486386776,0.004146090708673,0.00024136410502251238,0.98055499792099
Test_175,0.9919859170913696,0.004994213115423918,0.0012034618994221091,0.0018164090579375625
Test_176,4.9544800276635215e-05,0.00020956802472937852,0.9996764659881592,6.450131331803277e-05
Test_177,0.001332156709395349,0.003067964920774102,0.0006942999898456037,0.9949055910110474
Test_178,2.519456211302895e-05,7.254618685692549e-05,2.7083102395408787e-05,0.9998751878738403
Test_179,0.006200186908245087,0.03583340346813202,0.9402285218238831,0.017737848684191704
Test_180,0.001778587931767106,0.7695879340171814,0.22807545959949493,0.0005579471471719444
Test_181,0.018043238669633865,0.23088176548480988,0.03153165057301521,0.7195433974266052
Test_182,0.0003871465742122382,0.206381693482399,0.791688859462738,0.0015421900898218155
Test_183,0.9805094003677368,0.004952293820679188,0.0010357521241530776,0.013502508401870728
Test_184,0.6192190647125244,0.006031878758221865,0.002035578479990363,0.37271347641944885
Test_185,0.0010801705066114664,0.009718346409499645,0.003124886890873313,0.9860765933990479
Test_186,0.007690152619034052,0.09136264026165009,0.0002577272825874388,0.900689423084259
Test_187,3.2259100407827646e-05,0.0037137933541089296,0.9961115717887878,0.00014231794921215624
Test_188,2.9218783311080188e-05,0.0015968852676451206,0.9970858693122864,0.0012880184222012758
Test_189,0.9973238706588745,0.00045360985677689314,0.0004087786946911365,0.0018137734150514007
Test_190,0.003855288028717041,0.3893733024597168,0.60323566198349,0.0035357405431568623
Test_191,0.0009600789635442197,0.008939427323639393,0.9898097515106201,0.00029075314523652196
Test_192,0.02426282875239849,0.34154343605041504,0.6317557096481323,0.0024380728136748075
Test_193,4.2587089410517365e-06,0.001553851063363254,0.998420238494873,2.1720625227317214e-05
Test_194,0.004564226139336824,0.47109004855155945,0.5231516361236572,0.0011940773110836744
Test_195,0.8607958555221558,0.08628304302692413,0.012078631669282913,0.040842484682798386
Test_196,0.0435921736061573,0.6313981413841248,0.0072373272851109505,0.31777238845825195
Test_197,0.0033510744106024504,0.8520014882087708,0.13100534677505493,0.013642062433063984
Test_198,0.002427181461825967,0.02918052487075329,0.00020525409490801394,0.9681870937347412
Test_199,0.0007264281157404184,0.4033302664756775,0.5948725938796997,0.0010707450564950705
Test_200,0.0010716816177591681,0.08873379975557327,0.9088208079338074,0.0013736577238887548
Test_201,0.0006956956931389868,0.0025201139505952597,0.0012582100462168455,0.9955260157585144
Test_202,0.00034701626282185316,0.018939616158604622,0.9791755676269531,0.001537754898890853
Test_203,0.005469678435474634,0.15864840149879456,0.8354310393333435,0.0004509866703301668
Test_204,0.008499432355165482,0.02341899648308754,0.003561621531844139,0.9645200371742249
Test_205,0.04530511796474457,0.002088176319375634,0.0007215133518911898,0.9518851637840271
Test_206,0.00011692151019815356,0.00036207903758622706,3.3109314244939014e-05,0.9994878768920898
Test_207,0.00029374443693086505,0.0009008832275867462,0.9986863732337952,0.00011906644067494199
Test_208,0.009983137249946594,0.1692304164171219,0.0008178458665497601,0.819968581199646
Test_209,0.00027317850617691875,0.14161615073680878,0.8549988269805908,0.0031118346378207207
Test_210,0.0004847376549150795,0.0005210140952840447,1.562669604027178e-05,0.9989786148071289
Test_211,0.006036126520484686,0.9270893931388855,0.06469254195690155,0.002182001480832696
Test_212,1.2985213288629893e-05,0.00042974267853423953,0.9995367527008057,2.051910814770963e-05
Test_213,0.008351529948413372,0.9408124089241028,0.04584965109825134,0.004986410494893789
Test_214,0.00017333231517113745,0.0016923765651881695,0.9975457787513733,0.0005885242135263979
Test_215,0.02110425755381584,0.2642241418361664,0.006367683410644531,0.7083038687705994
Test_216,0.9985889792442322,0.0005546507309190929,0.0006573917344212532,0.00019905841327272356
Test_217,0.0003889409126713872,0.041053757071495056,0.0006697219214402139,0.9578875303268433
Test_218,0.9916341304779053,0.0005093429354019463,0.0001714262762106955,0.007685049902647734
Test_219,0.00013485357339959592,0.003569973399862647,0.9962434768676758,5.164027970749885e-05
Test_220,0.00042056108941324055,0.00044204897130839527,0.00011943366553168744,0.9990179538726807
Test_221,0.3857573866844177,0.019549299031496048,0.06306752562522888,0.5316258072853088
Test_222,7.835473661543801e-05,0.0003815536038018763,0.9994389414787292,0.00010110116272699088
Test_223,0.0028305607847869396,0.30737268924713135,0.6888934373855591,0.0009032454690895975
Test_224,0.03655456006526947,0.8664437532424927,0.033619340509176254,0.06338227540254593
Test_225,0.9971000552177429,0.0009745787247084081,0.00044332482502795756,0.00148195365909487
Test_226,0.011133405379951,0.5552173256874084,0.4305926561355591,0.003056569257751107
Test_227,0.00048271703417412937,0.0006736108916811645,2.9018026907579042e-05,0.9988147020339966
Test_228,2.2942353098187596e-05,0.00026767479721456766,0.9996985197067261,1.0839072274393402e-05
Test_229,0.005013933405280113,0.1866346299648285,0.8078330755233765,0.0005184372421354055
Test_230,0.002337217563763261,0.16249608993530273,0.01398511789739132,0.82118159532547
Test_231,0.0004597771039698273,0.0014713077107444406,0.000204877695068717,0.9978640675544739
Test_232,0.9971306920051575,0.0004842973139602691,0.0009191312710754573,0.0014660344459116459
Test_233,0.998531699180603,0.0002971181820612401,0.0002873581543099135,0.000883846718352288
Test_234,0.04177788272500038,0.0017577367834746838,0.0003408196207601577,0.9561235308647156
Test_235,0.0004276552062947303,0.00044456488103605807,7.401116363325855e-06,0.9991204142570496
Test_236,0.00466711912304163,0.8274896144866943,0.16415812075138092,0.0036851235199719667
Test_237,0.02166641503572464,0.8022406101226807,0.017252981662750244,0.1588400900363922
Test_238,0.004298974759876728,0.5650551319122314,0.4300978481769562,0.0005480460822582245
Test_239,0.0007621768745593727,0.3224307596683502,0.6766879558563232,0.00011917835945496336
Test_240,0.0010877924505621195,0.3774586319923401,0.6211543679237366,0.0002992309455294162
Test_241,0.0005934931105002761,0.04667022079229355,0.8918020129203796,0.060934364795684814
Test_242,0.009506722912192345,0.05777662247419357,0.00010867278615478426,0.9326079487800598
Test_243,0.9979071617126465,0.00036992260720580816,0.0008060727268457413,0.0009168481919914484
Test_244,0.01778571680188179,0.37662234902381897,0.0029240245930850506,0.6026679277420044
Test_245,0.0020022564567625523,0.6677231788635254,0.32931336760520935,0.0009612246067263186
Test_246,0.0020527499727904797,0.016798943281173706,6.646262045251206e-05,0.9810818433761597
Test_247,0.0003010893997270614,0.0007651965133845806,1.7360777064823196e-06,0.9989319443702698
Test_248,0.00901934877038002,0.8961163759231567,0.022854916751384735,0.0720093846321106
Test_249,0.0002830025041475892,0.13754956424236298,0.8613985776901245,0.0007688471232540905
Test_250,0.9973886609077454,0.0011184383183717728,0.0007128297002054751,0.0007800321327522397
Test_251,0.989044189453125,0.004172261338680983,0.00031112763099372387,0.006472474429756403
Test_252,0.0001367436780128628,0.015603139065206051,0.9836127758026123,0.0006473877001553774
Test_253,0.0029346211813390255,0.740632176399231,0.004138495307415724,0.25229471921920776
Test_254,0.0004612513293977827,0.0008438567165285349,1.521468220744282e-05,0.9986796975135803
Test_255,0.003304580459371209,0.437212735414505,0.010498257353901863,0.5489844083786011
Test_256,0.0039210245013237,0.045560285449028015,0.0008118320256471634,0.9497069120407104
Test_257,0.00016627612058073282,0.0009611652349121869,0.9988721013069153,4.545380534182186e-07
Test_258,0.037542589008808136,0.8034777045249939,0.15356819331645966,0.005411526653915644
Test_259,0.15982474386692047,0.27280551195144653,0.02747907117009163,0.539890706539154
Test_260,0.0001409761025570333,0.0005514733493328094,1.3756474800175056e-05,0.9992938041687012
Test_261,5.30572378920624e-06,0.00019556064216885716,0.9997257590293884,7.337400165852159e-05
Test_262,0.0013936457689851522,0.004206187091767788,0.0002009159215958789,0.994199275970459
Test_263,0.9791123867034912,0.003372214501723647,0.0012432427611202002,0.01627201959490776
Test_264,0.9939360022544861,0.0015747406287118793,0.0016301985597237945,0.0028590240981429815
Test_265,6.544206553371623e-05,0.0019650894682854414,0.99782395362854,0.00014555029338225722
Test_266,0.00019131909357383847,0.0009688976570032537,1.548014915897511e-05,0.9988242983818054
Test_267,0.9995617270469666,5.250743561191484e-05,1.8084427210851572e-05,0.00036765821278095245
Test_268,0.007688385900110006,0.5826590657234192,0.40832632780075073,0.0013261428102850914
Test_269,0.99346524477005,0.000556517334189266,0.0003046193451154977,0.005673675797879696
Test_270,0.001000746269710362,0.015357740223407745,0.10613740980625153,0.8775041699409485
Test_271,0.575620710849762,0.047775425016880035,0.0026399176567792892,0.37396395206451416
Test_272,0.005754876881837845,0.8410078287124634,0.15167783200740814,0.0015594481956213713
Test_273,0.999066174030304,0.00030365842394530773,0.0001459587801946327,0.0004840848268941045
Test_274,0.0008109546615742147,0.0020595646928995848,0.9968650937080383,0.00026438123313710093
Test_275,0.009934003464877605,0.8139716386795044,0.17285625636577606,0.0032379867043346167
Test_276,0.0033722366206347942,0.3544423580169678,0.006558723747730255,0.6356266736984253
Test_277,0.016700299456715584,0.9298508167266846,0.022659340873360634,0.030789636075496674
Test_278,0.00975105632096529,0.00894513726234436,4.732085290015675e-05,0.9812565445899963
Test_279,1.1841370906040538e-05,0.0001807475637178868,0.9998045563697815,2.871992137443158e-06
Test_280,0.00033539318246766925,0.002358668949455023,0.00021569643286056817,0.997090220451355
Test_281,0.00014635283150710166,0.0007272732327692211,0.00013063101505395025,0.9989957213401794
Test_282,0.007311833556741476,0.9166197776794434,0.008522282354533672,0.06754612177610397
Test_283,0.0019935169257223606,0.731316089630127,0.26569169759750366,0.0009986456716433167
Test_284,0.003002576297149062,0.5776661038398743,0.41829442977905273,0.00103690882679075
Test_285,0.07283641397953033,0.0006576075102202594,0.00037820020224899054,0.9261277914047241
Test_286,9.212203440256417e-05,1.666824027779512e-05,5.987981057842262e-05,0.9998313188552856
Test_287,0.0008954443619586527,0.02353636547923088,0.39425256848335266,0.5813155770301819
Test_288,0.0038903888780623674,0.20786736905574799,0.0011142564471811056,0.7871279716491699
Test_289,0.00017431862943340093,0.0003908337384928018,3.1535040761809796e-05,0.9994033575057983
Test_290,0.0018200846388936043,0.2793848216533661,0.7184196710586548,0.000375365256331861
Test_291,0.00034189497819170356,0.017986834049224854,0.9814565181732178,0.0002147192572010681
Test_292,0.993347704410553,0.0006791102350689471,0.001525765168480575,0.0044473218731582165
Test_293,0.0028942693024873734,0.20722167193889618,0.789617657661438,0.00026639303541742265
Test_294,0.00038302488974295557,0.0028135504107922316,0.9939663410186768,0.002836952218785882
Test_295,0.0005032626213505864,0.002427266910672188,0.9967095851898193,0.0003599050687626004
Test_296,0.1570194661617279,0.2434530109167099,0.027585625648498535,0.5719418525695801
Test_297,0.0033143365290015936,0.006882344838231802,5.528007022803649e-05,0.9897481203079224
Test_298,0.004185347817838192,0.43616071343421936,0.5585396885871887,0.0011142692528665066
Test_299,0.004377464298158884,0.8997028470039368,0.09447264671325684,0.0014471004251390696
Test_300,0.4611720144748688,0.05802964046597481,0.0025720768608152866,0.47822630405426025
Test_301,0.997809112071991,0.000572957971598953,0.0002000275708269328,0.0014178844867274165
Test_302,0.0042211515828967094,0.028368819504976273,0.00047810000251047313,0.9669318795204163
Test_303,0.9837069511413574,0.0046579609625041485,0.0006457317504100502,0.010989360511302948
Test_304,0.9866242408752441,0.008292077109217644,0.0020016042981296778,0.0030821040272712708
Test_305,0.9904304146766663,0.0018359222449362278,0.0012624927330762148,0.006471139378845692
Test_306,0.0002385463158134371,0.0001351173996226862,9.436214895686135e-05,0.9995319843292236
Test_307,0.9969083666801453,0.000709635263774544,0.000590256997384131,0.0017918006051331758
Test_308,0.002461038762703538,0.0036071939393877983,0.0002111573558067903,0.9937206506729126
Test_309,0.0005485813599079847,0.17465107142925262,0.8054409027099609,0.0193594079464674
Test_310,0.0012826079037040472,0.2234991490840912,0.7742100954055786,0.0010081672808155417
Test_311,0.005607063416391611,0.8490849137306213,0.14321623742580414,0.0020918662194162607
Test_312,0.0003027816128451377,0.0003403442387934774,0.00019838711887132376,0.999158501625061
Test_313,0.0007559221121482551,0.0009703626856207848,7.373141124844551e-05,0.9981999397277832
Test_314,0.020427951589226723,0.8728234171867371,0.024199366569519043,0.08254927396774292
Test_315,0.009910470806062222,0.0008440630626864731,0.00017020947416312993,0.9890751838684082
Test_316,0.0011412221938371658,0.010521747171878815,0.9875942468643188,0.0007427894161082804
Test_317,3.146580274915323e-05,0.0006264033727347851,0.9991843104362488,0.00015783307026140392
Test_318,0.024572568014264107,0.2120361030101776,0.027279231697320938,0.7361120581626892
Test_319,0.00014125490270089358,0.0102771557867527,0.9893521666526794,0.00022943377553019673
Test_320,0.000308215559925884,0.000537413521669805,0.9991391897201538,1.5172550774877891e-05
Test_321,0.8999306559562683,0.07565877586603165,0.012091195210814476,0.012319405563175678
Test_322,0.9440732002258301,0.03613528981804848,0.003972840961068869,0.015818605199456215
Test_323,0.0025751262437552214,0.07701211422681808,0.9169654250144958,0.0034473182167857885
Test_324,0.00026728742523118854,0.0020573956426233053,0.9975570440292358,0.00011820664076367393
Test_325,0.017640717327594757,0.005829188972711563,0.00026359796174801886,0.9762665033340454
Test_326,0.00010519815259613097,0.000989952590316534,0.9988260865211487,7.869132969062775e-05
Test_327,0.0012233187444508076,0.00020597429829649627,4.834385254071094e-05,0.9985223412513733
Test_328,0.00022485108638647944,0.002250449266284704,0.9972009658813477,0.00032374635338783264
Test_329,0.0018104090122506022,0.20472940802574158,0.792593777179718,0.0008664513006806374
Test_330,0.00212929118424654,0.2476276010274887,0.7479267716407776,0.002316378988325596
Test_331,0.24426278471946716,0.6108999252319336,0.037794675678014755,0.10704261064529419
Test_332,0.9840684533119202,0.0026481016539037228,0.0006704609259031713,0.012612988241016865
Test_333,0.0003802344435825944,0.06881456822156906,0.9305267930030823,0.0002784513926599175
Test_334,3.299692252767272e-05,7.41183539503254e-05,0.9998906850814819,2.201189317929675e-06
Test_335,0.9993476271629333,0.0002104378363583237,0.0002663447812665254,0.00017560651758685708
Test_336,0.010932909324765205,0.11020208895206451,0.8768088221549988,0.002056242898106575
Test_337,0.945002555847168,0.01737263798713684,0.0006301506655290723,0.03699462115764618
Test_338,0.9962998032569885,0.0004248580662533641,0.00015377371164504439,0.0031215725466609
Test_339,0.010997498407959938,0.6568469405174255,0.3312714099884033,0.0008841947419568896
Test_340,0.1185588538646698,0.07612045109272003,0.8012458086013794,0.00407493906095624
Test_341,0.997904896736145,0.0006147522944957018,0.000246762007009238,0.0012336054351180792
Test_342,0.9972357153892517,0.0010158715303987265,0.0014308266108855605,0.00031768277403898537
Test_343,0.7049740552902222,0.0385684035718441,0.00164018792565912,0.254817396402359
Test_344,0.0031182863749563694,0.13599398732185364,0.8606167435646057,0.00027097671409137547
Test_345,0.018867546692490578,0.7571768164634705,0.20333999395370483,0.02061569131910801
Test_346,0.00014130347699392587,0.0005994855309836566,0.9991845488548279,7.46693549444899e-05
Test_347,0.0021128638181835413,0.005844952538609505,0.9918960928916931,0.0001462073705624789
Test_348,0.001172233372926712,0.00019973561575170606,8.458483353024349e-05,0.9985435009002686
Test_349,0.0008047250448726118,0.5909159779548645,0.4006664454936981,0.007612897083163261
Test_350,0.03346864879131317,0.005358364433050156,2.164735269616358e-05,0.9611513614654541
Test_351,1.5722549505881034e-05,0.00010963747627101839,0.9998699426651001,4.612455541064264e-06
Test_352,0.020313387736678123,0.28481224179267883,0.10189466178417206,0.5929796695709229
Test_353,0.003374305320903659,0.8515221476554871,0.064058817923069,0.0810447484254837
Test_354,0.0003068837395403534,0.004246428608894348,0.9951074123382568,0.00033924775198102
Test_355,0.0031561085488647223,0.11581998318433762,0.002313520759344101,0.8787103891372681
Test_356,0.9990121126174927,0.00015783640264999121,8.02286303951405e-05,0.0007497782935388386
Test_357,0.9996265172958374,2.9010219805059023e-05,1.207065270136809e-05,0.0003325246798340231
Test_358,0.09217002987861633,0.6985468864440918,0.037159986793994904,0.17212314903736115
Test_359,0.0013159102527424693,0.005355219356715679,0.0013552885502576828,0.9919736385345459
Test_360,0.0022888826206326485,0.0033140103332698345,0.00706827687099576,0.9873287677764893
Test_361,0.997623860836029,0.0001240088458871469,7.194294448709115e-05,0.002180141396820545
Test_362,0.9803292751312256,0.007432092912495136,0.002734033390879631,0.00950460322201252
Test_363,0.0009705432457849383,0.13925759494304657,0.8595753908157349,0.0001965082046808675
Test_364,0.0013090719003230333,0.10077151656150818,0.8961125612258911,0.0018068656791001558
Test_365,0.003091671969741583,0.7285413146018982,0.26729878783226013,0.0010682357242330909
Test_366,0.0035258743446320295,0.052300821989774704,0.9436899423599243,0.00048335694009438157
Test_367,0.00021980951714795083,0.0013334290124475956,1.970509038073942e-05,0.9984270334243774
Test_368,0.9802042841911316,0.008631565608084202,0.0051103937439620495,0.006053785793483257
Test_369,0.004745008889585733,0.0022856234572827816,1.090665227820864e-05,0.9929584264755249
Test_370,1.8055352484225295e-05,0.00027345377020537853,0.99958735704422,0.00012113995762774721
Test_371,6.331471468001837e-06,0.0007819752208888531,0.9991891980171204,2.25643325393321e-05
Test_372,3.934014603146352e-05,4.3804102460853755e-05,3.862498033413431e-06,0.9999129772186279
Test_373,0.0013977811904624104,0.027800176292657852,0.9706375598907471,0.00016438432794529945
Test_374,0.001446844544261694,0.008459031581878662,0.9898319244384766,0.00026218066341243684
Test_375,0.01835743337869644,0.003505790838971734,0.00021979535813443363,0.977916955947876
Test_376,0.34723031520843506,0.30291029810905457,0.34808847308158875,0.0017708579543977976
Test_377,0.9987586736679077,0.00035874563036486506,0.00018340624228585511,0.0006992058479227126
Test_378,4.9800208216765895e-05,0.005877871531993151,0.993959903717041,0.00011246585927437991
Test_379,0.0043192533776164055,0.7004237771034241,0.2942151725292206,0.0010418248130008578
Test_380,0.006061375141143799,0.822059690952301,0.005931687541306019,0.16594716906547546
Test_381,0.46755290031433105,0.44410961866378784,0.014803446829319,0.07353406399488449
Test_382,0.0015556056750938296,0.0011666176142171025,8.991146387415938e-06,0.9972687363624573
Test_383,0.9985374212265015,0.00014175358228385448,6.452257366618142e-05,0.0012563426280394197
Test_384,1.1529134098964278e-05,0.0005084959557279944,0.9994572997093201,2.267768286401406e-05
Test_385,0.0012551910476759076,0.01741091161966324,0.0013589205918833613,0.9799749255180359
Test_386,9.726402640808374e-05,0.6097585558891296,0.38689395785331726,0.003250163048505783
Test_387,8.952512143878266e-05,0.0017005401896312833,0.001149261137470603,0.9970605969429016
Test_388,0.9703958034515381,0.001250402769073844,0.0007741056615486741,0.027579626068472862
Test_389,0.9996647834777832,3.0466368116321974e-05,0.00013516086619347334,0.00016957143088802695
Test_390,0.7010848522186279,0.07029283046722412,0.003941017668694258,0.2246812880039215
Test_391,0.0035340359900146723,0.7970190048217773,0.1936279684305191,0.005818996578454971
Test_392,4.284622264094651e-05,0.0018996949074789882,0.9980304837226868,2.7059395506512374e-05
Test_393,0.00012126975343562663,0.002830294892191887,0.0005915665533393621,0.9964568018913269
Test_394,0.00230392930097878,8.650956442579627e-05,6.175152520881966e-05,0.9975478053092957
Test_395,0.009497457183897495,0.7984343767166138,0.1911407709121704,0.0009274343028664589
Test_396,0.01642937771975994,0.46803492307662964,0.004282408859580755,0.5112533569335938
Test_397,0.01482861302793026,0.02499297261238098,0.0031631928868591785,0.9570152163505554
Test_398,0.004094542469829321,0.03973759710788727,0.9553871750831604,0.0007807103102095425
Test_399,0.020307542756199837,0.0018296869238838553,0.003228091401979327,0.9746347069740295
Test_400,0.00011227515642531216,0.005067823920398951,0.9947834610939026,3.645766992121935e-05
Test_401,0.00019831597455777228,0.0022560260258615017,0.9969425797462463,0.0006030409131199121
Test_402,0.00015666474064346403,3.518073572195135e-05,1.3550181392929517e-05,0.9997946619987488
Test_403,0.00215224944986403,0.6796124577522278,0.3176558017730713,0.0005795054603368044
Test_404,0.0031890550162643194,0.0036429997999221087,0.00013154424959793687,0.9930363297462463
Test_405,0.0005608064820989966,0.0009521293104626238,9.822195715969428e-05,0.9983888864517212
Test_406,0.001453875913284719,0.0005260098841972649,2.2325175450532697e-05,0.9979978203773499
Test_407,0.002333087380975485,0.0009847867768257856,3.1695220968686044e-05,0.9966503977775574
Test_408,0.00685707526281476,0.8849520087242126,0.012425609864294529,0.0957653596997261
Test_409,0.0003809831687249243,0.003559279488399625,0.9954648613929749,0.000594860059209168
Test_410,0.00032635233947075903,0.002526506083086133,8.149904169840738e-05,0.9970656037330627
Test_411,0.9994586110115051,7.8469944128301e-05,4.2665444198064506e-05,0.0004202685959171504
Test_412,0.0033932772930711508,0.9033319354057312,0.09119738638401031,0.0020773522555828094
Test_413,0.9912618398666382,0.002454388653859496,0.001671865931712091,0.004611958749592304
Test_414,5.356932888389565e-05,0.002566188108175993,0.9973625540733337,1.7771200873539783e-05
Test_415,0.0007941863150335848,0.0415024496614933,0.9572597742080688,0.00044357936712913215
Test_416,0.015339180827140808,0.00443270755931735,0.003718622960150242,0.9765094518661499
Test_417,6.844571908004582e-05,0.00683740247040987,0.9930021166801453,9.19456360861659e-05
Test_418,0.9921934008598328,0.003887467784807086,0.0008675474091432989,0.003051560139283538
Test_419,0.9993971586227417,0.00014777554315514863,0.00028949277475476265,0.00016559597861487418
Test_420,0.002450440777465701,0.6723031401634216,0.3247547745704651,0.00049165403470397
Test_421,0.0010787014616653323,0.0006996631273068488,2.4251012291642837e-05,0.9981973767280579
Test_422,0.10973436385393143,0.2341676950454712,0.00798650924116373,0.6481114625930786
Test_423,0.0032717736903578043,0.8655447363853455,0.12792852520942688,0.003254958661273122
Test_424,5.5459884606534615e-05,0.006080728955566883,0.9938125610351562,5.121512003825046e-05
Test_425,0.03773193061351776,0.7991933822631836,0.014392931945621967,0.14868180453777313
Test_426,0.000906647474039346,0.0004267274052836001,0.9986314177513123,3.526462387526408e-05
Test_427,0.0006565122748725116,0.0014497876400128007,0.0003290919412393123,0.9975646734237671
Test_428,0.00017143393051810563,0.00015608686953783035,3.224694955861196e-05,0.9996402263641357
Test_429,0.00014789949636906385,0.021656055003404617,0.9777686595916748,0.000427259539719671
Test_430,0.0007311354274861515,0.010949088260531425,0.9883031249046326,1.6736581528675742e-05
Test_431,0.959549605846405,0.02154795452952385,0.010691581293940544,0.008210989646613598
Test_432,0.029067756608128548,0.018102876842021942,0.0006623501540161669,0.9521670341491699
Test_433,0.000229389188461937,0.0019409660017117858,0.00012886652257293463,0.9977007508277893
Test_434,0.0002328523842152208,0.0164909977465868,0.00048815287300385535,0.9827880263328552
Test_435,0.9666451215744019,0.016649551689624786,0.004176463931798935,0.012528795748949051
Test_436,0.0006900055450387299,0.06873495876789093,0.005790070630609989,0.9247849583625793
Test_437,0.019234495237469673,0.7656994462013245,0.21115465462207794,0.0039114682003855705
Test_438,0.00312447315081954,0.8581922650337219,0.1376459300518036,0.0010373233817517757
Test_439,0.0016037089517340064,0.01748671568930149,0.979442298412323,0.001467352150939405
Test_440,0.0014580636052414775,0.024658678099513054,0.9738234877586365,5.973928273306228e-05
Test_441,0.9269772171974182,0.021015634760260582,0.0017936797812581062,0.0502135306596756
Test_442,3.244346225983463e-05,0.0009024147875607014,0.9990022778511047,6.282956746872514e-05
Test_443,0.002004074165597558,0.010410572402179241,0.004779881332069635,0.9828054308891296
Test_444,0.9952465891838074,0.001957089640200138,0.0007447226671501994,0.002051623770967126
Test_445,0.005673939827829599,0.21632814407348633,0.7777198553085327,0.00027805406716652215
Test_446,2.9240123694762588e-05,0.0005223088664934039,0.9958006739616394,0.003647762583568692
Test_447,7.650443876627833e-05,0.00036129888030700386,0.9995433688163757,1.8829445252777077e-05
Test_448,0.00141110026743263,0.0050852010026574135,0.9934232234954834,8.044570859055966e-05
Test_449,0.0012765643186867237,0.00508823711425066,0.0009744677226990461,0.9926607608795166
Test_450,0.0005510866758413613,0.0004732533707283437,0.9989594221115112,1.6254229194601066e-05
Test_451,0.0019208950689062476,0.7562243342399597,0.24106334149837494,0.0007913867011666298
Test_452,0.0008001168025657535,0.5813548564910889,0.4164417088031769,0.0014032487524673343
Test_453,0.0013615584466606379,0.00981877651065588,0.00027520148432813585,0.9885444045066833
Test_454,0.00646728603169322,0.6122169494628906,0.3763185739517212,0.00499718775972724
Test_455,5.0032187573378906e-05,9.047778439708054e-05,0.00023567081370856613,0.9996237754821777
Test_456,0.004911147989332676,0.7443348169326782,0.2503414750099182,0.0004125937703065574
Test_457,9.733971819514409e-05,0.0024500626605004072,0.00020459115330595523,0.9972479939460754
Test_458,0.6835867762565613,0.008392766118049622,0.0006327225128188729,0.30738770961761475
Test_459,0.00012911988596897572,0.0008657240541651845,0.9989895224571228,1.5562885891995393e-05
Test_460,0.09342224895954132,0.08587974309921265,0.017181793227791786,0.8035162091255188
Test_461,0.0022041085176169872,0.000736961024813354,1.2392140888550784e-05,0.9970465302467346
Test_462,0.0005503448774106801,0.7295020818710327,0.26881739497184753,0.0011301754275336862
Test_463,0.006681055761873722,0.9588232040405273,0.015180018730461597,0.01931561715900898
Test_464,0.9962820410728455,0.0006966676446609199,0.0004093073366675526,0.002612021751701832
Test_465,0.0001039874623529613,0.00041393053834326565,0.999477207660675,4.900156909570796e-06
Test_466,0.002472464693710208,0.07157352566719055,0.9240508079528809,0.0019031921401619911
Test_467,0.003960532136261463,0.0033726042602211237,6.474686233559623e-05,0.9926021695137024
Test_468,0.9570041298866272,0.028830327093601227,0.007416200824081898,0.006749359890818596
Test_469,0.0024295453913509846,0.06372230499982834,0.9328600764274597,0.0009880653815343976
Test_470,0.00497474754229188,0.6918738484382629,0.03546283394098282,0.2676886022090912
Test_471,0.002140978816896677,0.8463699817657471,0.15067161619663239,0.0008174516260623932
Test_472,0.9985120892524719,0.0003940251190215349,0.0005606015329249203,0.0005332883447408676
Test_473,0.009084147401154041,0.921042799949646,0.057405054569244385,0.012468026019632816
Test_474,3.9905607991386205e-05,0.00016810295346658677,0.9997857213020325,6.283690254349494e-06
Test_475,0.01420907024294138,0.0019515888998284936,0.00017481978284195065,0.9836644530296326
Test_476,0.018258100375533104,0.05796584486961365,0.002237215405330062,0.9215388894081116
Test_477,0.03419524431228638,0.007569240406155586,0.0006942077307030559,0.9575413465499878
Test_478,0.0012399235274642706,0.011299461126327515,0.00016736143152229488,0.9872932434082031
Test_479,0.007039390038698912,0.002490384504199028,0.00232389266602695,0.9881463050842285
Test_480,0.004203782416880131,0.7818642854690552,0.21276049315929413,0.001171378418803215
Test_481,0.0007383186020888388,0.4828779697418213,0.0792827308177948,0.4371010363101959
Test_482,0.026686815544962883,0.024457409977912903,0.0006061540334485471,0.9482496380805969
Test_483,0.00017776864115148783,0.007515599951148033,0.9922324419021606,7.416381413349882e-05
Test_484,0.9900012016296387,0.0038346739020198584,0.0006127870292402804,0.005551396403461695
Test_485,0.9992087483406067,5.168528150534257e-05,0.000194739259313792,0.0005448895390145481
Test_486,0.0015108489897102118,0.004951481241732836,6.210326682776213e-05,0.993475615978241
Test_487,0.9968493580818176,0.0005738651962019503,0.001007930957712233,0.001568795763887465
Test_488,9.916199815052096e-06,0.07922754436731339,0.9182071089744568,0.0025553787127137184
Test_489,0.011660156771540642,0.019713152199983597,0.9685218334197998,0.00010482167999725789
Test_490,0.004289243370294571,0.9232009053230286,0.06854229420423508,0.003967569209635258
Test_491,0.00032791789271868765,0.00021225221280474216,0.9994238615036011,3.600585841923021e-05
Test_492,0.6034330129623413,0.009123452007770538,0.002502404386177659,0.3849412202835083
Test_493,0.014981198124587536,0.0009780088439583778,2.462718475726433e-05,0.9840161800384521
Test_494,0.0008846400887705386,0.03587408363819122,0.9631252288818359,0.00011607827036641538
Test_495,0.0006864458555355668,0.0012632868019863963,1.9920578324672533e-06,0.9980483055114746
Test_496,0.9995356798171997,5.2494349802145734e-05,0.00020803758525289595,0.0002038113452726975
Test_497,0.0005746840033680201,0.00026216486003249884,0.0013987220590934157,0.9977644681930542
Test_498,0.991297721862793,0.0033194893039762974,0.0005345594836398959,0.004848206881433725
Test_499,0.012852704152464867,0.541843056678772,0.4441540837287903,0.001150097232311964
Test_500,0.002084656385704875,0.19292069971561432,0.8045008182525635,0.0004937794292345643
Test_501,0.9968888163566589,0.0008946186862885952,0.00043020377052016556,0.0017864267574623227
Test_502,0.9809312224388123,0.008991491980850697,0.007399318274110556,0.0026778983883559704
Test_503,0.00011017604992957786,0.0001896819449029863,0.9996366500854492,6.355324876494706e-05
Test_504,0.01111367903649807,0.0007138961227610707,0.0008714653085917234,0.9873009920120239
Test_505,0.02538902498781681,0.032958224415779114,0.0054627167992293835,0.9361900091171265
Test_506,0.008177550509572029,0.9014646410942078,0.08790916204452515,0.00244862656109035
Test_507,0.0015792044578120112,0.014536420814692974,0.9824824333190918,0.0014019652735441923
Test_508,2.9888140488765202e-05,0.001337881782092154,0.9986086487770081,2.3598815459990874e-05
Test_509,4.820396134164184e-05,0.002227173652499914,0.9976242184638977,0.00010035403101937845
Test_510,0.003940224181860685,0.7242421507835388,0.2702401578426361,0.0015774242347106338
Test_511,0.00012366421287879348,0.000934320967644453,3.687207572511397e-05,0.9989051818847656
Test_512,0.9989044666290283,9.280547237722203e-05,0.00019390080706216395,0.0008088444592431188
Test_513,0.08394543081521988,0.5677710175514221,0.07353664189577103,0.27474692463874817
Test_514,0.9589149355888367,0.028547558933496475,0.003408671822398901,0.00912882387638092
Test_515,0.0001301926386076957,0.0013935186434537172,0.9983073472976685,0.0001689946511760354
Test_516,4.945028558722697e-05,0.0013604647247120738,0.9985842704772949,5.873467216588324e-06
Test_517,0.0011723866919055581,0.002043071435764432,7.780316991556901e-06,0.9967767596244812
Test_518,0.002090896014124155,0.6858609318733215,0.31125572323799133,0.0007924952660687268
Test_519,0.0012552252737805247,0.007491069845855236,0.00032856810139492154,0.9909250736236572
Test_520,0.0030014135409146547,0.8490334749221802,0.14444893598556519,0.003516111522912979
Test_521,0.9963775277137756,0.00018289397121407092,2.6117089873878285e-05,0.003413481405004859
Test_522,0.00011338986951159313,9.135903383139521e-05,0.9997379183769226,5.731404962716624e-05
Test_523,3.9676629967289045e-05,0.0005551907233893871,0.9993987083435059,6.449202828662237e-06
Test_524,4.220061600790359e-05,0.0013236859813332558,0.9986281394958496,5.89484170632204e-06
Test_525,0.7243570685386658,0.1848304271697998,0.06983023136854172,0.02098228968679905
Test_526,0.009199409745633602,0.7964873313903809,0.19268931448459625,0.0016238788375630975
Test_527,0.002236519707366824,0.7025260925292969,0.29446136951446533,0.0007760145235806704
Test_528,0.003991202916949987,0.10575968772172928,0.8896974921226501,0.00055166200036183
Test_529,0.010911094024777412,0.011135106906294823,0.00022251816699281335,0.9777312874794006
Test_530,0.9939842820167542,0.0009498028666712344,0.0009573891875334084,0.00410842802375555
Test_531,0.0033705374225974083,0.06320568919181824,0.9331748485565186,0.0002489334437996149
Test_532,0.00023985456209629774,0.002665258012712002,0.9941179752349854,0.002976899268105626
Test_533,0.025473682209849358,0.14424218237400055,0.009260431863367558,0.82102370262146
Test_534,4.516489207162522e-05,0.0011428402503952384,0.00019451009575277567,0.9986175298690796
Test_535,3.763178756344132e-05,0.000371292931959033,0.999478280544281,0.00011283762432867661
Test_536,0.02359347604215145,0.10389364510774612,0.8666106462478638,0.005902288015931845
Test_537,0.001898194313980639,0.010757531970739365,0.9871125817298889,0.0002317387261427939
Test_538,0.00016508657427038997,4.090506990905851e-05,6.477062015619595e-06,0.9997875094413757
Test_539,0.0009990832768380642,0.03327608481049538,0.9641419649124146,0.0015828581526875496
Test_540,5.796966888738098e-06,3.2670086511643603e-05,0.9999545812606812,6.947668680368224e-06
Test_541,0.8588914275169373,0.08606725186109543,0.03901594132184982,0.01602538861334324
Test_542,0.9967085123062134,0.001115267165005207,0.0003910198574885726,0.0017852580640465021
Test_543,0.0025564171373844147,0.8620700240135193,0.13451021909713745,0.000863368681166321
Test_544,0.00027267946279607713,0.01884513534605503,0.9808423519134521,3.98827251046896e-05
Test_545,0.0012068023206666112,0.37113258242607117,0.6258730888366699,0.0017875012708827853
Test_546,0.007037682458758354,0.4446139633655548,0.0030745917465537786,0.5452737212181091
Test_547,3.932264917239081e-06,9.28017616388388e-05,0.9998986721038818,4.480174538912252e-06
Test_548,0.001470260671339929,0.6599672436714172,0.33811822533607483,0.00044428076944313943
Test_549,0.01360160019248724,0.12787075340747833,0.0011802131775766611,0.8573474287986755
Test_550,0.0005952156498096883,0.002025788649916649,0.00021368276793509722,0.9971652626991272
Test_551,0.9954001307487488,0.00022805955086369067,9.116349974647164e-05,0.004280721303075552
Test_552,0.010556461289525032,0.810724675655365,0.17646709084510803,0.002251742174848914
Test_553,0.00011287970846751705,0.0009865835309028625,0.001067081349901855,0.9978334307670593
Test_554,0.013661922886967659,0.7814409136772156,0.006864240393042564,0.19803296029567719
Test_555,0.0201900452375412,0.03080572560429573,0.0005028800806030631,0.9485014081001282
Test_556,0.995212197303772,0.0009151476551778615,0.00134233885910362,0.0025301652494817972
Test_557,0.0049041383899748325,0.9069153666496277,0.08549809455871582,0.0026825140230357647
Test_558,0.0030694364104419947,0.7660090327262878,0.2294677495956421,0.001453749486245215
Test_559,0.9966352581977844,0.00035424341331236064,0.00011967653699684888,0.0028908508829772472
Test_560,0.00011090857879025862,0.0008068074239417911,0.9990730285644531,9.190272976411507e-06
Test_561,0.00536799943074584,0.7238894104957581,0.2695334851741791,0.0012091015232726932
Test_562,0.025339044630527496,0.726150631904602,0.24679671227931976,0.0017136207316070795
Test_563,0.00948976818472147,0.9001104235649109,0.08634070307016373,0.00405910424888134
Test_564,0.003560647601261735,0.7713870406150818,0.22413480281829834,0.0009175770101137459
Test_565,0.0013920695055276155,0.0847606286406517,0.9137603640556335,8.697725570527837e-05
Test_566,0.009236471727490425,0.6563155055046082,0.3335860073566437,0.0008619566215202212
Test_567,0.0006868779310025275,0.0007487169932574034,0.00046250762534327805,0.9981018900871277
Test_568,0.014997867867350578,0.06404922157526016,0.9205620884895325,0.0003908489306923002
Test_569,0.1811545491218567,0.029927540570497513,0.13274791836738586,0.6561700105667114
Test_570,0.04485693946480751,0.021154608577489853,0.0005290490807965398,0.933459460735321
Test_571,0.0005551886861212552,0.006608155556023121,0.9898682832717896,0.002968334825709462
Test_572,0.20590949058532715,0.04062719643115997,0.0092376209795475,0.7442256808280945
Test_573,0.009853597730398178,0.003419652581214905,6.978413148317486e-05,0.9866569638252258
Test_574,0.004213001113384962,0.0009486483759246767,0.0023632661905139685,0.9924750924110413
Test_575,0.9831402897834778,0.0013361821183934808,0.00010330927761970088,0.015420293435454369
Test_576,0.04510737955570221,0.051298853009939194,0.04426067695021629,0.8593330383300781
Test_577,0.000971550471149385,0.005245286971330643,0.019953884184360504,0.9738292694091797
Test_578,0.2089221030473709,0.23752930760383606,0.020588181912899017,0.5329604744911194
Test_579,0.8005960583686829,0.14825206995010376,0.010583404451608658,0.0405685193836689
Test_580,1.98658508452354e-05,0.004791459534317255,0.9950201511383057,0.0001685191527940333
Test_581,0.9975152015686035,0.0002165602199966088,0.00013538649363908917,0.0021328211296349764
Test_582,0.0033541624434292316,0.7454600930213928,0.25030064582824707,0.000885139568708837
Test_583,0.9860661625862122,0.0016585452249273658,0.0004327574570197612,0.011842564679682255
Test_584,0.0007228918257169425,0.010535296984016895,0.9886656999588013,7.614691276103258e-05
Test_585,0.0004352149262558669,0.0004872345016337931,0.9987621307373047,0.00031543811201117933
Test_586,0.9890093207359314,0.005960298236459494,0.0007468064432032406,0.004283647518604994
Test_587,0.00021383620332926512,0.006228127516806126,0.9930263757705688,0.0005316645256243646
Test_588,0.0003646229743026197,0.09826476871967316,0.9010488390922546,0.0003218432539142668
Test_589,0.0008754584705457091,0.007893781177699566,0.9491007328033447,0.042130038142204285
Test_590,3.0799110390944406e-05,0.0014409155119210482,0.9985234141349792,4.8480355872015934e-06
Test_591,0.0006971008842810988,0.04885045439004898,0.9503361582756042,0.00011619101132964715
Test_592,0.9380813837051392,0.03269468992948532,0.005515282042324543,0.02370869740843773
Test_593,1.966876516235061e-05,0.0003775453951675445,0.9995675683021545,3.5141227272106335e-05
Test_594,0.006512066349387169,0.7352385520935059,0.2572401463985443,0.0010091722942888737
Test_595,0.0011047432199120522,0.005205998662859201,0.0001595609646756202,0.993529736995697
Test_596,0.9804807305335999,0.013934715650975704,0.0033346291165798903,0.0022498962935060263
Test_597,0.0004825397627428174,0.0028808158822357655,0.00026717272703535855,0.996369481086731
Test_598,0.0030106552876532078,0.8127436637878418,0.1811438351869583,0.0031017835717648268
Test_599,0.016418062150478363,0.9174900650978088,0.03363104537129402,0.03246096521615982
Test_600,0.001425052178092301,0.07763358950614929,0.9208040833473206,0.0001373151026200503
Test_601,0.0069204941391944885,0.026005828753113747,0.0004841587506234646,0.9665895104408264
Test_602,0.023350238800048828,0.2845291495323181,0.004815504886209965,0.6873051524162292
Test_603,0.008162335492670536,0.010425136424601078,0.0012019271962344646,0.9802106022834778
Test_604,0.00796282198280096,0.8469035625457764,0.14391158521175385,0.0012220109347254038
Test_605,0.8904091715812683,0.07894964516162872,0.019932808354496956,0.010708397254347801
Test_606,0.0632496029138565,0.03480123355984688,0.001545504666864872,0.9004036784172058
Test_607,0.42461705207824707,0.10274460911750793,0.00819870550185442,0.46443960070610046
Test_608,0.006616056896746159,0.4666101634502411,0.001252886839210987,0.5255208611488342
Test_609,0.9980535507202148,0.0006052411627024412,0.00035569031024351716,0.0009854884119704366
Test_610,0.00029074682970531285,0.0012567313387989998,3.4169614082202315e-05,0.9984183311462402
Test_611,0.9966799020767212,0.0005983775481581688,0.0007146226125769317,0.0020071668550372124
Test_612,4.111558882868849e-05,0.0007308876374736428,0.9992104768753052,1.7493950508651324e-05
Test_613,0.9553375840187073,0.016065431758761406,0.0028384148608893156,0.025758646428585052
Test_614,0.000738977047149092,0.00645513366907835,0.9927986860275269,7.200359505077358e-06
Test_615,0.004538568668067455,0.10948017239570618,0.885482907295227,0.0004983231192454696
Test_616,0.0006482877652160823,0.0023890878073871136,0.00034374906681478024,0.9966188669204712
Test_617,0.22215689718723297,0.04572029039263725,0.002915499731898308,0.7292073369026184
Test_618,0.00610871659591794,0.011380685493350029,0.00014447075955104083,0.982366144657135
Test_619,0.04892963916063309,0.684127926826477,0.26501718163490295,0.0019252798520028591
Test_620,0.00567277055233717,0.9112313389778137,0.0811038464307785,0.001992083853110671
Test_621,0.006284095346927643,0.004803045652806759,0.0008231112733483315,0.9880897402763367
Test_622,0.00152200972661376,0.35545796155929565,0.6421144604682922,0.0009056309354491532
Test_623,0.0005411913152784109,0.0004935833858326077,2.2931122657610103e-05,0.9989423155784607
Test_624,0.0014076268998906016,0.10869064927101135,0.8889648914337158,0.0009368297760374844
Test_625,0.8210259675979614,0.004295359831303358,0.0008542930008843541,0.1738242506980896
Test_626,0.0030476227402687073,0.03655736893415451,0.9602661728858948,0.0001287272898480296
Test_627,0.054849110543727875,0.8027988076210022,0.13707321882247925,0.005278791766613722
Test_628,0.0019038445316255093,0.0010762909660115838,6.533592386404052e-05,0.9969545602798462
Test_629,0.9966377019882202,0.00044141695252619684,0.0004012931021861732,0.002519568894058466
Test_630,0.9996582269668579,4.523240204434842e-05,3.7333906220737845e-05,0.0002592095115687698
Test_631,0.9937566518783569,0.0018580722389742732,0.00043350772466510534,0.0039517562836408615
Test_632,0.9947404265403748,0.000599925231654197,0.0005316578899510205,0.00412807846441865
Test_633,0.00040966537198983133,0.01156951580196619,0.9876430034637451,0.0003778425743803382
Test_634,6.074450720916502e-05,0.005373890046030283,0.0016660980181768537,0.9928992986679077
Test_635,0.9979602098464966,0.00021692602604161948,8.121401333482936e-05,0.001741682062856853
Test_636,0.004482035059481859,0.18214769661426544,0.003478758269920945,0.8098914623260498
Test_637,4.301686567487195e-05,0.0011382090160623193,0.9985491633415222,0.0002696421870496124
Test_638,0.07873048633337021,0.05783309414982796,0.0035234156530350447,0.8599129915237427
Test_639,0.013340556994080544,0.7020553350448608,0.2836751341819763,0.0009289211011491716
Test_640,0.0022548718843609095,0.0019282195717096329,0.0068492162972688675,0.9889677166938782
Test_641,0.00021233361621852964,0.00635549146682024,0.993374764919281,5.743479050579481e-05
Test_642,0.00011250878014834598,0.0010327715426683426,1.1373575034667738e-05,0.9988433122634888
Test_643,0.9837707281112671,0.010551158338785172,0.0024996083229780197,0.0031785257160663605
Test_644,0.00031140760984271765,0.00014224901678971946,2.7161984689882956e-05,0.9995192289352417
Test_645,0.9953799247741699,0.0005300737102515996,0.00021689216373488307,0.003873121691867709
Test_646,6.912558455951512e-05,0.0007453647558577359,0.9989861845970154,0.00019932969007641077
Test_647,0.002919387072324753,0.8249374032020569,0.1704537719488144,0.0016893466236069798
Test_648,0.9995778203010559,1.1422129318816587e-05,3.0135777706163935e-05,0.0003805581363849342
Test_649,0.0005326798418536782,0.0009595336741767824,0.9980455636978149,0.00046223856043070555
Test_650,0.0007823609630577266,0.054196957498788834,0.9439285397529602,0.0010921264765784144
Test_651,0.006494153756648302,0.7068968415260315,0.0066480436362326145,0.279960960149765
Test_652,2.499111542419996e-05,0.0004763815086334944,0.9994961023330688,2.555349055910483e-06
Test_653,0.9975816011428833,0.0011880475794896483,0.0007764805923216045,0.0004538831126410514
Test_654,0.00510891480371356,0.1200130507349968,0.8746723532676697,0.00020575363305397332
Test_655,0.0007011090638116002,0.024967478588223457,0.004075882025063038,0.9702554941177368
Test_656,0.00020532819326035678,0.0015205463860183954,0.0007038630428723991,0.9975702166557312
Test_657,0.00025124431704171,0.0031736083328723907,0.9965106844902039,6.45555992377922e-05
Test_658,0.9990960359573364,0.00021666298562195152,0.0005671708495356143,0.00012013827654300258
Test_659,0.0005387601559050381,0.0032475674524903297,0.02371918596327305,0.9724944829940796
Test_660,0.00044572091428563,0.006108103320002556,0.9934079647064209,3.830348214250989e-05
Test_661,0.015931226313114166,0.2325557917356491,0.001295740599744022,0.7502172589302063
Test_662,0.00019597055506892502,2.7883954317076132e-05,3.04383729599067e-06,0.9997730851173401
Test_663,0.001176381018012762,0.24053433537483215,0.7534602880477905,0.0048289489932358265
Test_664,0.00015208186232484877,0.0011360951466485858,0.9984670281410217,0.0002447367587592453
Test_665,0.026207299903035164,0.005841867066919804,8.77734855748713e-05,0.9678630828857422
Test_666,0.002307155868038535,0.08116860687732697,0.9151961207389832,0.001328027923591435
Test_667,0.9975523352622986,0.001017001224681735,0.0008812687010504305,0.0005493914941325784
Test_668,0.0010133683681488037,0.7862136363983154,0.20963852107524872,0.0031345197930932045
Test_669,0.0002312591386726126,0.007237117737531662,0.992194652557373,0.0003370295453350991
Test_670,0.004399514757096767,0.3843441605567932,0.6099913716316223,0.0012649581767618656
Test_671,0.0015803626738488674,0.07604163885116577,0.9215590953826904,0.0008189229411073029
Test_672,0.9940099716186523,0.0013591967290267348,0.0014118050457909703,0.003219107398763299
Test_673,0.0034324382431805134,0.6836163997650146,0.31209447979927063,0.0008567473269067705
Test_674,0.0011616129195317626,0.31465819478034973,0.6815898418426514,0.0025903768837451935
Test_675,0.9981892704963684,0.0007622897392138839,0.0004795168060809374,0.0005689222016371787
Test_676,0.9990217685699463,0.0003203720843885094,9.17028373805806e-05,0.000566216476727277
Test_677,0.0007260486017912626,0.006083485670387745,0.00034379775752313435,0.992846667766571
Test_678,0.24986466765403748,0.05766025930643082,0.018203668296337128,0.6742713451385498
Test_679,6.894598482176661e-05,0.001110439421609044,0.9988033771514893,1.723486820992548e-05
Test_680,3.799594196607359e-05,0.00014067586744204164,2.7326154850015882e-06,0.9998186230659485
Test_681,0.9886266589164734,0.004349397029727697,0.0020354450680315495,0.004988475237041712
Test_682,0.9658700227737427,0.0006524050841107965,0.00011579942656680942,0.03336181491613388
Test_683,0.010839711874723434,0.6402924656867981,0.004329479765146971,0.3445383906364441
Test_684,0.0002956547250505537,0.0004235712985973805,2.6158559194300324e-06,0.9992781281471252
Test_685,0.9849315881729126,0.008154082112014294,0.0045576333068311214,0.002356736222282052
Test_686,0.0020283060148358345,0.001318280235864222,3.719161668414017e-06,0.9966496825218201
Test_687,0.9966562986373901,0.001834966940805316,0.0006696672062389553,0.0008391061564907432
Test_688,0.0022635525092482567,0.20873217284679413,0.10694081336259842,0.6820634007453918
Test_689,4.56868510809727e-05,0.0003822339349426329,0.00012216749018989503,0.9994499087333679
Test_690,0.0027162134647369385,0.003349637147039175,3.056745481444523e-05,0.9939035773277283
Test_691,0.9993681311607361,0.0001484672393416986,0.00011773916776292026,0.000365694664651528
Test_692,0.005301610101014376,0.2061399221420288,0.7877522110939026,0.0008063066634349525
Test_693,0.9946234226226807,0.0008254151325672865,0.0011221138993278146,0.0034290035255253315
Test_694,0.022127553820610046,0.34463953971862793,0.004450737498700619,0.6287821531295776
Test_695,0.9901735782623291,0.004343533422797918,0.0017658156575635076,0.003717056941241026
Test_696,0.00018604504293762147,0.003229001769796014,0.9964839220046997,0.00010094335448229685
Test_697,0.004478184971958399,0.3886745572090149,0.6059605479240417,0.0008867101860232651
Test_698,0.8682064414024353,0.0010853993007913232,0.00044186520972289145,0.13026633858680725
Test_699,0.0004042514774482697,0.0002434478374198079,1.3638738892041147e-05,0.999338686466217
Test_700,8.706316293682903e-05,0.0015260577201843262,0.9982670545578003,0.0001198716854560189
Test_701,0.1067531630396843,0.3193903863430023,0.01558705884963274,0.5582693815231323
Test_702,0.49439406394958496,0.004727819934487343,0.00027080439031124115,0.5006073117256165
Test_703,0.0011152636725455523,0.3384513854980469,0.6603441834449768,8.918016828829423e-05
Test_704,0.00012764777056872845,0.005988439079374075,0.9920099973678589,0.0018738643266260624
Test_705,0.003691325895488262,0.5660929083824158,0.4297724962234497,0.00044325320050120354
Test_706,0.99886155128479,0.0003800153499469161,0.0006164429942145944,0.00014204118633642793
Test_707,0.009797625243663788,0.25484296679496765,0.0111736124381423,0.7241858243942261
Test_708,0.46155667304992676,0.028150077909231186,0.0021904869936406612,0.5081027746200562
Test_709,0.0005973969819024205,0.0001592519984114915,0.9992221593856812,2.1254547391436063e-05
Test_710,0.002184172160923481,0.8009243011474609,0.1962926834821701,0.00059885362861678
Test_711,0.9974378347396851,0.000787540280725807,0.0003525465144775808,0.0014220435405150056
Test_712,0.005558418110013008,0.001052308944053948,7.439746696036309e-05,0.9933149218559265
Test_713,0.0025565840769559145,0.759555459022522,0.015007248148322105,0.22288066148757935
Test_714,0.012618932873010635,0.9121683835983276,0.07181850075721741,0.0033941250294446945
Test_715,5.0045586249325424e-05,0.0004158121009822935,0.9995063543319702,2.778733141894918e-05
Test_716,0.00035191597999073565,0.000581954256631434,0.0005423665279522538,0.9985237717628479
Test_717,0.00186192209366709,0.10968989133834839,0.8849900960922241,0.0034580309875309467
Test_718,0.005579355172812939,0.0011869739973917603,0.9931390881538391,9.457521082367748e-05
Test_719,0.0017662366153672338,0.6523672342300415,0.34449753165245056,0.0013689696788787842
Test_720,0.9926981329917908,0.004121283534914255,0.001242510275915265,0.0019379936857149005
Test_721,0.00039249847759492695,0.02231420762836933,0.9740921854972839,0.0032010849099606276
Test_722,0.0033650468103587627,0.18696774542331696,0.8090266585350037,0.0006406073225662112
Test_723,0.9989832043647766,0.00034940303885377944,0.00013012890121899545,0.0005371799925342202
Test_724,0.0003740746178664267,0.03824681416153908,0.96107017993927,0.0003088574158027768
Test_725,0.14397646486759186,0.05580522492527962,0.015949135646224022,0.7842691540718079
Test_726,0.0030765500850975513,0.00406109681352973,0.0024438106920570135,0.9904184937477112
Test_727,0.0035758796148002148,0.965785026550293,0.023905368521809578,0.006733725778758526
Test_728,0.0034857550635933876,0.1862015724182129,0.8097188472747803,0.0005938342656008899
Test_729,0.00798939261585474,0.01603464037179947,0.9759353995323181,4.0655886550666764e-05
Test_730,0.007145262788981199,0.9130232930183411,0.07350385934114456,0.006327623967081308
Test_731,0.008746841922402382,0.20860615372657776,0.7822652459144592,0.0003817402175627649
Test_732,0.0053236354142427444,0.9126303791999817,0.07891242206096649,0.0031336371321231127
Test_733,0.0012106496142223477,0.6169639229774475,0.38074252009391785,0.0010829457314684987
Test_734,0.9993225336074829,0.00017043785192072392,6.891811062814668e-05,0.00043803275912068784
Test_735,0.9937567710876465,0.00036650511901825666,0.00010794340050779283,0.005768775939941406
Test_736,0.9908949136734009,0.0008163788006640971,0.0003519656602293253,0.007936745882034302
Test_737,0.009247854351997375,0.0004233657382428646,0.0008079988183453679,0.989520788192749
Test_738,0.9905574321746826,0.00037541190977208316,0.0001518823264632374,0.008915352635085583
Test_739,0.0001689987984718755,0.0023613504599779844,0.9971701502799988,0.00029952198383398354
Test_740,0.0006130777182988822,0.0005263569764792919,1.4284039480116917e-06,0.998859167098999
Test_741,0.00359526090323925,0.003916185814887285,5.686068834620528e-05,0.992431640625
Test_742,0.005573121830821037,0.005006177816540003,1.0191944966209121e-05,0.9894104599952698
Test_743,0.0006084063788875937,0.012766660191118717,0.9863325953483582,0.0002923317952081561
Test_744,0.03984842076897621,0.12941303849220276,0.005127411801367998,0.8256111741065979
Test_745,0.6096003651618958,0.19005271792411804,0.00707543408498168,0.1932714581489563
Test_746,0.0020247905049473047,0.6913022398948669,0.3059128522872925,0.0007600706303492188
Test_747,0.9874427914619446,0.002802732167765498,0.0002458090311847627,0.009508662857115269
Test_748,0.0017675870331004262,0.17331263422966003,0.006036148872226477,0.8188836574554443
Test_749,0.0012661977671086788,0.00015777158841956407,2.0805513486266136e-05,0.9985552430152893
Test_750,0.07353231310844421,0.1254711002111435,0.03132232651114464,0.7696743011474609
Test_751,0.0027832856867462397,0.3054531216621399,0.691116988658905,0.0006465401384048164
Test_752,0.00015107345825526863,0.0006195908063091338,0.001744355889968574,0.9974849224090576
Test_753,1.794487252482213e-05,0.0010734950192272663,0.9986403584480286,0.00026816243189387023
Test_754,0.014348278753459454,0.805086612701416,0.12644514441490173,0.054120033979415894
Test_755,0.01964615471661091,0.0029938500374555588,0.0004967302083969116,0.9768632650375366
Test_756,0.9989142417907715,0.00014173473755363375,0.00010603512055240571,0.000838110048789531
Test_757,0.024256978183984756,0.00172296108212322,0.00044163924758322537,0.9735784530639648
Test_758,0.9910581111907959,0.000832179794088006,0.0019136018818244338,0.006196118425577879
Test_759,0.28217393159866333,0.1520778387784958,0.002176782814785838,0.5635714530944824
Test_760,0.9934535026550293,0.00163771933875978,0.0040299841202795506,0.0008787892875261605
Test_761,0.0022050307597965,0.03773446008563042,0.002226348267868161,0.9578341245651245
Test_762,0.00043036858551204205,0.12702399492263794,0.8723663091659546,0.00017931366164702922
Test_763,0.00027878323453478515,0.011822710745036602,0.9870579838752747,0.000840487948153168
Test_764,0.9994227886199951,4.363973130239174e-05,8.676255674799904e-05,0.0004468626866582781
Test_765,0.30540961027145386,0.060510553419589996,0.01806427352130413,0.6160154938697815
Test_766,0.0002733745495788753,0.001392114209011197,0.0010009814286604524,0.9973335266113281
Test_767,0.9534125328063965,0.027576081454753876,0.006033150013536215,0.012978180311620235
Test_768,0.0018538035219535232,0.003767814952880144,0.0017656268319115043,0.9926127195358276
Test_769,0.002287071431055665,0.12994003295898438,0.8658697605133057,0.0019030413823202252
Test_770,0.24112063646316528,0.0031729924958199263,0.011066733859479427,0.7446396350860596
Test_771,6.74284528940916e-05,0.00018541862664278597,0.9997398257255554,7.295327577594435e-06
Test_772,0.02778589352965355,0.6169536709785461,0.04791669920086861,0.3073437511920929
Test_773,0.01567685790359974,0.7321714758872986,0.24776296317577362,0.004388667643070221
Test_774,0.0006503632757812738,0.005635684356093407,0.00010790365922730416,0.9936059713363647
Test_775,0.0006946814246475697,0.12579186260700226,0.8727025389671326,0.0008109388872981071
Test_776,0.9171671271324158,0.04068182408809662,0.029498502612113953,0.012652421370148659
Test_777,0.9978384375572205,0.00048053948557935655,0.0005089440965093672,0.0011720281327143312
Test_778,0.4436533451080322,0.25147420167922974,0.2994220554828644,0.0054503921419382095
Test_779,0.00041488814167678356,5.9328645875211805e-05,4.647266905521974e-06,0.9995211362838745
Test_780,0.9983293414115906,0.0003394990926608443,0.0004654651856981218,0.0008656784775666893
Test_781,0.9985413551330566,0.0006721971440128982,0.0002707008388824761,0.0005158300627954304
Test_782,8.65134279592894e-05,0.02292240783572197,0.9767851233482361,0.00020600808784365654
Test_783,0.00015326567518059164,0.013365743681788445,0.986125648021698,0.00035538070369511843
Test_784,6.452285015257075e-05,0.0002290216216351837,0.9996755123138428,3.101374750258401e-05
Test_785,0.998630702495575,0.0005136760883033276,0.00015474040992558002,0.0007007793756201863
Test_786,0.001458768150769174,0.5070779323577881,0.490596741437912,0.0008666099747642875
Test_787,7.023995567578822e-05,0.005657854024320841,0.9921229481697083,0.0021489583887159824
Test_788,0.9953314661979675,0.0003997923922725022,0.00029178487602621317,0.0039770277217030525
Test_789,0.002222383162006736,0.42062824964523315,0.5765020251274109,0.0006473622051998973
Test_790,0.005016847513616085,0.9473511576652527,0.042888205498456955,0.004743742290884256
Test_791,0.039891403168439865,0.2322261929512024,0.0084508266299963,0.7194315791130066
Test_792,0.0002325794630451128,0.0017170568462461233,0.9979165196418762,0.00013377738650888205
Test_793,0.006955818273127079,0.5125950574874878,0.4795934557914734,0.0008556859102100134
Test_794,0.0036347070708870888,0.7852457761764526,0.17355649173259735,0.03756297007203102
Test_795,0.0022991779260337353,0.0011106912279501557,0.0023098315577954054,0.9942803382873535
Test_796,0.00011693459236994386,0.0003635248576756567,0.9995129108428955,6.706780368403997e-06
Test_797,0.9956101775169373,0.0009444626048207283,0.0019088051049038768,0.0015365240396931767
Test_798,0.000668237276840955,0.02175714634358883,0.9775251746177673,4.9436708650318906e-05
Test_799,0.0011757067404687405,0.003381765680387616,0.9949687123298645,0.00047387645463459194
Test_800,0.00027123664040118456,0.016144055873155594,0.9827663898468018,0.0008182809688150883
Test_801,0.0001656910899328068,0.027905546128749847,0.971921980381012,6.781061529181898e-06
Test_802,0.010115835815668106,0.127803236246109,0.8580119609832764,0.0040688784793019295
Test_803,0.1635330766439438,0.0449741967022419,0.028477517887949944,0.7630152702331543
Test_804,0.005457405000925064,0.8738283514976501,0.1184881180524826,0.0022261645644903183
Test_805,0.0010638631647452712,0.0008062106790021062,0.9980893731117249,4.061770232510753e-05
Test_806,0.7557526230812073,0.13289527595043182,0.013735164888203144,0.09761696308851242
Test_807,0.19338613748550415,0.7234444618225098,0.05791206285357475,0.02525733783841133
Test_808,0.9951660633087158,0.002405538223683834,0.0017435252666473389,0.0006848264602012932
Test_809,0.9973762035369873,0.0005665294011123478,0.00047657222603447735,0.001580669661052525
Test_810,0.00019136982155032456,0.0014855962945148349,0.9982596039772034,6.347805174300447e-05
Test_811,0.9992377758026123,0.0001006443053483963,8.305321534862742e-05,0.0005785637767985463
Test_812,0.002410671440884471,0.13965831696987152,0.8578492999076843,8.173703099600971e-05
Test_813,0.9982447624206543,0.00015600518963765353,0.00015825274749659002,0.0014409975847229362
Test_814,0.00791466236114502,0.0002298883773619309,0.00014391700096894056,0.9917114973068237
Test_815,0.0034411416854709387,0.004184920806437731,0.0005322181386873126,0.9918416738510132
Test_816,0.0017249021911993623,0.9192182421684265,0.07100881636142731,0.008048079907894135
Test_817,0.008146297186613083,0.866569459438324,0.12062772363424301,0.004656563512980938
Test_818,0.22382213175296783,0.011204104870557785,0.013287089765071869,0.751686692237854
Test_819,0.0010153603507205844,0.002165434882044792,0.9956632256507874,0.0011559872655197978
Test_820,0.9908937215805054,0.0026356179732829332,0.0006252992898225784,0.005845364183187485
Test_821,0.0015369130996987224,0.00046902307076379657,1.2270674005776527e-06,0.9979928731918335
Test_822,0.9785963296890259,0.012070114724338055,0.0037396890111267567,0.005593881476670504
Test_823,0.9888893365859985,0.0017548812320455909,0.0004209359467495233,0.008934836834669113
Test_824,0.9248449206352234,0.022089160978794098,0.001991885481402278,0.05107399448752403
Test_825,0.002523778472095728,0.6967771649360657,0.29712703824043274,0.003572131972759962
Test_826,0.00016107231203932315,0.0004295634280424565,0.9993895292282104,1.9735265595954843e-05
Test_827,0.003277026815339923,0.13956403732299805,0.8551946878433228,0.0019643260166049004
Test_828,0.010188011452555656,0.589239776134491,0.3986811339855194,0.0018909991485998034
Test_829,0.0015087287174537778,0.0004211462801322341,2.1078491045045666e-05,0.9980490207672119
Test_830,0.0001863007782958448,0.0009693815372884274,0.9988429546356201,1.2651784118133946e-06
Test_831,0.0002621269959490746,0.003769660834223032,0.9957440495491028,0.0002240891772089526
Test_832,0.9992840886116028,0.0002716231974773109,0.00020436606428120285,0.00023991793568711728
Test_833,8.05424788268283e-05,0.002652639988809824,0.9972624778747559,4.259132765582763e-06
Test_834,0.00017602700972929597,0.010583395138382912,0.9891196489334106,0.00012097710714442655
Test_835,0.0009690321166999638,0.0006146941450424492,0.9984115362167358,4.719619028037414e-06
Test_836,0.035012174397706985,0.8156353235244751,0.14371241629123688,0.005639991257339716
Test_837,0.009308808483183384,0.12489977478981018,0.07525205612182617,0.7905393838882446
Test_838,0.005785020068287849,0.05284954607486725,0.0024543695617467165,0.9389110803604126
Test_839,7.86936652730219e-05,0.0030747102573513985,0.9968268275260925,1.9687548046931624e-05
Test_840,5.5652511946391314e-05,0.012610426172614098,0.9872423410415649,9.150616824626923e-05
Test_841,0.01240597479045391,0.12077590078115463,0.000558992032893002,0.8662592172622681
Test_842,0.9963324666023254,0.0006420743302442133,0.00022561218065675348,0.0027997822035104036
Test_843,0.001557282404974103,0.04943067580461502,0.9489036202430725,0.00010840580944204703
Test_844,0.019801871851086617,0.15081246197223663,0.03925542160868645,0.7901303172111511
Test_845,0.00030505473841913044,0.0010381161700934172,0.9985609650611877,9.586284431861714e-05
Test_846,0.49096524715423584,0.0008598406566306949,3.3661373890936375e-05,0.508141279220581
Test_847,0.02346380054950714,0.5815460681915283,0.3893311321735382,0.005659008398652077
Test_848,0.0034256891813129187,0.002636916236951947,0.993798553943634,0.00013882921484764665
Test_849,0.19541852176189423,0.01486132387071848,0.0012060446897521615,0.7885141968727112
Test_850,0.0006392404902726412,0.4892864227294922,0.5096763968467712,0.0003979422908741981
Test_851,0.06515909731388092,0.00042829583981074393,0.0006580330664291978,0.933754563331604
Test_852,9.54830557020614e-06,0.001450238167308271,0.9985285997390747,1.1568499758141115e-05
Test_853,0.001138230669312179,0.01755167543888092,0.9808036684989929,0.0005063801072537899
Test_854,5.3447005484486e-05,9.413201769348234e-05,6.155244773253798e-05,0.9997908473014832
Test_855,0.0058276415802538395,0.0032499153167009354,0.0019338475540280342,0.9889885783195496
Test_856,0.9957811832427979,0.0010374722769483924,0.0003679486399050802,0.0028133378364145756
Test_857,0.00020260974997654557,0.1964574158191681,0.8032090067863464,0.00013097334885969758
Test_858,0.00045828838483430445,0.022381627932190895,0.9770593047142029,0.00010078868945129216
Test_859,0.0007158145308494568,8.604725007899106e-05,9.553166819387116e-06,0.9991886019706726
Test_860,0.9986867308616638,0.0004321649903431535,0.0004123709804844111,0.0004687225155066699
Test_861,0.0001689836208242923,0.2962816059589386,0.7027786374092102,0.0007708093035034835
Test_862,0.0002470792969688773,0.03140298277139664,0.9625633955001831,0.005786560475826263
Test_863,0.10167782008647919,0.011749563738703728,0.005622838623821735,0.8809497356414795
Test_864,0.014041288755834103,0.14269974827766418,0.8425665497779846,0.000692394154611975
Test_865,0.00028504966758191586,0.00882445927709341,0.9908642172813416,2.6176179744652472e-05
Test_866,0.0027682457584887743,0.31627753376960754,0.680608332157135,0.0003458532446529716
Test_867,0.0767914205789566,0.5357818007469177,0.011607321910560131,0.37581947445869446
Test_868,2.1680973077309318e-05,0.0005874788039363921,0.999386191368103,4.675122909247875e-06
Test_869,0.005668654106557369,0.0030713458545506,0.00043461748282425106,0.990825355052948
Test_870,0.09200634807348251,0.7780802845954895,0.01755904220044613,0.11235428601503372
Test_871,0.00038938302895985544,0.001330473111011088,0.002659038407728076,0.9956211447715759
Test_872,0.0018548667430877686,0.013130486011505127,0.00025259601534344256,0.9847620725631714
Test_873,0.0014301493065431714,0.004386205226182938,0.00442673871293664,0.9897568821907043
Test_874,0.04909386858344078,0.03466873615980148,0.0383262075483799,0.8779111504554749
Test_875,0.009675385430455208,0.016152484342455864,0.001149070798419416,0.9730230569839478
Test_876,0.002762540942057967,0.10121898353099823,0.007334339898079634,0.8886841535568237
Test_877,0.9843944907188416,0.0006372330244630575,7.656688103452325e-05,0.014891871251165867
Test_878,0.9964199066162109,0.001632095780223608,0.0005818689824081957,0.00136613380163908
Test_879,0.004256357438862324,0.019163677468895912,0.9679885506629944,0.008591431193053722
Test_880,5.0407707021804526e-05,0.003177895210683346,0.9967116117477417,6.013763413648121e-05
Test_881,0.0008773418376222253,0.06382054835557938,0.9325198531150818,0.0027822842821478844
Test_882,0.004717344418168068,0.8910973072052002,0.10219959914684296,0.001985813956707716
Test_883,0.01279484573751688,0.8955732583999634,0.07571661472320557,0.015915311872959137
Test_884,0.12341094017028809,0.7900198698043823,0.06176166981458664,0.02480752021074295
Test_885,0.9693996906280518,0.021050656214356422,0.005914723966270685,0.003634992055594921
Test_886,0.9960005879402161,0.0002528435143176466,0.00014751312846783549,0.003599069081246853
Test_887,0.930092453956604,0.03518778458237648,0.004397675395011902,0.030322082340717316
Test_888,0.000725233054254204,0.019508661702275276,0.9797269105911255,3.919189111911692e-05
Test_889,0.0001225994055857882,0.006639142986387014,0.9932172894477844,2.095261515933089e-05
Test_890,0.001970337936654687,0.46968570351600647,0.528021514415741,0.0003224822867196053
Test_891,0.000848055467940867,0.0003239758952986449,1.9258333850302733e-05,0.998808741569519
Test_892,0.00013351744564715773,0.013996372930705547,0.9851816296577454,0.0006884444155730307
Test_893,0.006657214369624853,0.9520041346549988,0.0339009091258049,0.00743780517950654
Test_894,0.0012759555829688907,0.0010141690727323294,0.004104031715542078,0.9936058521270752
Test_895,0.998731791973114,0.00012984294153284281,0.00021759825176559389,0.0009206479298882186
Test_896,0.004846559837460518,0.4303187429904938,0.004277750849723816,0.5605570077896118
Test_897,0.9838334918022156,0.0005053813220001757,0.0005146415205672383,0.01514653954654932
Test_898,0.008550089783966541,0.09530310332775116,0.04558885470032692,0.8505579233169556
Test_899,3.764086795854382e-05,0.006928677670657635,0.9929540753364563,7.963033567648381e-05
Test_900,0.00012389889161568135,0.0012805404840037227,6.5646349867165554e-06,0.9985889792442322
Test_901,0.007998106069862843,0.740056037902832,0.2502930760383606,0.0016527161933481693
Test_902,0.9930177927017212,0.003369868267327547,0.0015813199570402503,0.0020310988184064627
Test_903,0.00022239099780563265,0.002603075699880719,0.9971641898155212,1.0302730515832081e-05
Test_904,0.8713762164115906,0.06767569482326508,0.04676354303956032,0.014184483326971531
Test_905,0.0034934903960675,0.8614754676818848,0.1340993344783783,0.0009317075600847602
Test_906,0.003886130405589938,0.010876286774873734,0.9804962277412415,0.004741367418318987
Test_907,0.15460766851902008,0.027456024661660194,0.005151823628693819,0.8127844929695129
Test_908,0.00027519764262251556,0.00047827314119786024,1.8730668671196327e-05,0.99922776222229
Test_909,0.9966059923171997,0.0006305931601673365,0.00023842326481826603,0.002525011543184519
Test_910,0.0061109112575650215,0.5689079761505127,0.42367810010910034,0.0013031016569584608
Test_911,0.024315515533089638,0.03929368779063225,0.004196853376924992,0.93219393491745
Test_912,0.001695452257990837,0.2788826525211334,0.7185836434364319,0.0008382953819818795
Test_913,0.00024680967908352613,9.369062900077552e-05,0.9996579885482788,1.52018344579119e-06
Test_914,0.0004033476870972663,0.0008827479905448854,0.0003249547444283962,0.9983890056610107
Test_915,0.006033812649548054,0.21289388835430145,0.7782785892486572,0.0027937316335737705
Test_916,0.22479940950870514,0.05872577056288719,0.0019896121229976416,0.714485228061676
Test_917,0.008488189429044724,0.8277939558029175,0.16183476150035858,0.0018831214401870966
Test_918,0.00016037495515774935,0.000415863556554541,0.9994213581085205,2.325091372767929e-06
Test_919,0.0029354598373174667,0.003534114919602871,0.01438238937407732,0.9791480302810669
Test_920,0.000189501020940952,0.00017287286755163223,0.9996322393417358,5.413961844169535e-06
Test_921,0.014855815097689629,0.9074070453643799,0.07273513823747635,0.0050019193440675735
Test_922,0.9941864013671875,0.0029624998569488525,0.0009180858614854515,0.0019330383511260152
Test_923,0.0012100781314074993,0.006428665481507778,0.992142915725708,0.00021836438099853694
Test_924,0.004244639538228512,0.366244375705719,0.001183840911835432,0.6283271312713623
Test_925,0.993259072303772,0.003230075351893902,0.001137689920142293,0.002373217139393091
Test_926,0.0007923959637992084,0.04965061694383621,0.949492871761322,6.422089791158214e-05
Test_927,0.9568172097206116,0.029228659346699715,0.007355527952313423,0.006598607636988163
Test_928,0.0012027169577777386,0.030361127108335495,0.9679834246635437,0.00045283741201274097
Test_929,0.0025960986968129873,0.6546764969825745,0.016430985182523727,0.32629647850990295
Test_930,0.026253821328282356,0.9088833332061768,0.056400757282972336,0.008462033234536648
Test_931,0.9958012700080872,0.0015776032814756036,0.002139872871339321,0.00048124484601430595
Test_932,0.003838087897747755,0.9518789052963257,0.04186827316880226,0.0024147341027855873
Test_933,0.9953579306602478,0.0010724480962380767,0.00039244364597834647,0.003177275415509939
Test_934,0.003992350306361914,0.93937087059021,0.05124117061495781,0.005395623855292797
Test_935,0.001837588963098824,0.5147591829299927,0.47908371686935425,0.004319458734244108
Test_936,0.00266569503583014,0.0002581455046311021,0.00013224323629401624,0.9969438910484314
Test_937,0.0004764854093082249,0.003159723710268736,0.9963418841362,2.1850268240086734e-05
Test_938,0.06440548598766327,0.012776857241988182,0.0010915661696344614,0.9217261075973511
Test_939,0.9995898604393005,2.8349269996397197e-05,5.9528829297050834e-05,0.00032215402461588383
Test_940,0.0003980819310527295,8.531243656761944e-05,9.642631084716413e-06,0.999506950378418
Test_941,0.008581770583987236,9.776702063390985e-05,2.53737744060345e-05,0.9912950992584229
Test_942,0.00218044500797987,0.016121627762913704,9.928566578309983e-05,0.9815985560417175
Test_943,0.00013578143261838704,0.0010387175716459751,0.9987120628356934,0.00011349908163538203
Test_944,0.0016107993433251977,0.17539459466934204,0.797473132610321,0.025521518662571907
Test_945,0.9954659938812256,0.0007598773227073252,0.00018448570335749537,0.0035896017216145992
Test_946,0.004079732112586498,0.5582926273345947,0.43625378608703613,0.0013738306006416678
Test_947,0.017056820914149284,0.0023468569852411747,0.0002273863210575655,0.9803689122200012
Test_948,0.7909175157546997,0.16848157346248627,0.021597204729914665,0.01900365576148033
Test_949,0.983794629573822,0.0098800677806139,0.0029356719460338354,0.0033896854147315025
Test_950,0.0015054934192448854,0.004225503653287888,2.851498175004963e-05,0.9942405223846436
Test_951,5.523926665773615e-05,0.0016419908497482538,0.9982794523239136,2.3295100618270226e-05
Test_952,0.005425560288131237,0.0020351489074528217,0.0005193192046135664,0.9920199513435364
Test_953,0.0001629414182389155,0.0014333506114780903,0.00023071702162269503,0.9981729984283447
Test_954,0.9941436648368835,0.0006928522489033639,0.00022461902699433267,0.004938916768878698
Test_955,0.9950834512710571,0.0007701609283685684,0.00027453494840301573,0.00387199386022985
Test_956,0.01662946678698063,0.001044148113578558,1.4712214579049032e-05,0.9823117256164551
Test_957,0.0036783553659915924,0.08519826829433441,0.24517419934272766,0.6659491658210754
Test_958,0.00475521432235837,0.9104856252670288,0.013925700448453426,0.07083349674940109
Test_959,0.0005539883859455585,0.0008016384672373533,0.9986385703086853,5.78287108510267e-06
Test_960,6.325323920464143e-05,0.00010475266753928736,0.9998268485069275,5.0906492106150836e-06
Test_961,0.9045489430427551,0.003529437119141221,0.0007718889974057674,0.09114977717399597
Test_962,0.011867543682456017,0.09803928434848785,0.8868245482444763,0.003268679603934288
Test_963,0.9955534338951111,0.00044390623224899173,0.0005663775373250246,0.003436298808082938
Test_964,0.00036552423262037337,0.0004364788474049419,0.999142050743103,5.594328831648454e-05
Test_965,0.9990737438201904,0.0003530031826812774,0.00033084885217249393,0.00024241201754193753
Test_966,0.005293800495564938,0.8638089895248413,0.1269855946302414,0.003911586944013834
Test_967,4.7834979341132566e-05,0.000947226129937917,0.9989901185035706,1.4779814591747709e-05
Test_968,1.852155037340708e-05,0.00014554662629961967,0.9998038411140442,3.210817158105783e-05
Test_969,5.712972779292613e-05,0.00011059446114813909,0.999822199344635,1.0165626008529216e-05
Test_970,0.9981039762496948,0.00045218513696454465,0.0011129791382700205,0.0003309374151285738
Test_971,7.547748100478202e-05,0.00011700732284225523,0.00010004368959926069,0.9997074007987976
Test_972,0.0005122742149978876,0.00014538614777848125,0.9993379712104797,4.317713319323957e-06
Test_973,0.0033902430441230536,0.857639491558075,0.13598448038101196,0.0029857291374355555
Test_974,0.05881660431623459,0.08298645913600922,0.001258820528164506,0.8569380640983582
Test_975,0.9876091480255127,0.0041641006246209145,0.002435794798657298,0.005791004281491041
Test_976,0.005105973221361637,0.11701842397451401,0.8769437670707703,0.0009318655356764793
Test_977,0.006313736084848642,0.19127848744392395,0.0008724982617422938,0.8015353083610535
Test_978,2.7550826416700147e-05,0.000924340623896569,0.9989651441574097,8.305834489874542e-05
Test_979,0.9987795948982239,0.00011815359175670892,0.00022803670435678214,0.0008742465870454907
Test_980,0.004005765542387962,0.43348631262779236,0.004123363643884659,0.5583845376968384
Test_981,0.006247334647923708,0.0023212681990116835,0.012461391277611256,0.9789699912071228
Test_982,0.976889431476593,0.0007391383405774832,0.0007176132639870048,0.021653829142451286
Test_983,0.006815293338149786,0.8448327779769897,0.14604172110557556,0.0023102157283574343
Test_984,0.0033951869700104,0.008791185915470123,5.135940227773972e-05,0.9877623319625854
Test_985,0.002723059616982937,0.9302181005477905,0.06361441314220428,0.003444499569013715
Test_986,0.002218022244051099,0.0005478371167555451,1.0780173397506587e-05,0.9972233772277832
Test_987,0.007736789528280497,0.9593417644500732,0.0286436565220356,0.004277873784303665
Test_988,0.9785856008529663,0.00823497399687767,0.0020665263291448355,0.011112868785858154
Test_989,0.9982596039772034,0.00033526576589792967,0.000291349773760885,0.0011139134876430035
Test_990,0.006400769576430321,0.777141273021698,0.2092238962650299,0.007234066724777222
Test_991,0.004927180241793394,0.9441182613372803,0.04821518436074257,0.002739307004958391
Test_992,0.0013970871223136783,0.002810536650940776,0.0007209232426248491,0.995071530342102
Test_993,0.707766056060791,0.1676885336637497,0.0807129293680191,0.04383249208331108
Test_994,0.22505858540534973,0.12013480812311172,0.022603532299399376,0.6322031021118164
Test_995,0.09153024852275848,0.7305590510368347,0.16681082546710968,0.011099832132458687
Test_996,0.001412566751241684,0.27576637268066406,0.7219251990318298,0.0008957652025856078
Test_997,0.00013864539505448192,0.06446360051631927,0.923306405544281,0.012091368436813354
Test_998,5.63199573662132e-05,0.1391783505678177,0.8605871200561523,0.00017824787937570363
Test_999,1.6776806660345756e-05,3.528274828568101e-05,0.9999425411224365,5.313275778462412e-06
Test_1000,0.007629694417119026,0.34537172317504883,0.6458367705345154,0.0011618449352681637
Test_1001,0.19927571713924408,0.031494516879320145,0.0062591745518147945,0.7629705667495728
Test_1002,4.470872227102518e-05,0.0005453904159367085,0.9993906021118164,1.9302548025734723e-05
Test_1003,0.0007645093137398362,0.0011195755796507,0.00015204785449896008,0.9979639053344727
Test_1004,0.0002576950937509537,0.006189314182847738,0.0008774824091233313,0.9926754832267761
Test_1005,0.9477002024650574,0.03388482704758644,0.005789885763078928,0.012625101022422314
Test_1006,0.001754590542986989,0.8150672912597656,0.17947368323802948,0.0037044924683868885
Test_1007,0.019434861838817596,0.07083263993263245,0.0005446289433166385,0.9091878533363342
Test_1008,0.9956918358802795,0.0006842776783742011,0.0001733894314384088,0.003450446529313922
Test_1009,0.00558513356372714,0.5742724537849426,0.3752315640449524,0.04491082951426506
Test_1010,9.63848942774348e-05,0.0011210717493668199,0.9986693859100342,0.00011324934894219041
Test_1011,0.00013950264838058501,0.0037141575012356043,0.9961270689964294,1.9286102542537265e-05
Test_1012,0.00457685487344861,0.003148424904793501,0.0005243417690508068,0.9917504191398621
Test_1013,5.065086588729173e-05,0.0005593847599811852,0.9993652701377869,2.4621216653031297e-05
Test_1014,0.00012464493920560926,0.13617466390132904,0.8626611828804016,0.0010394967393949628
Test_1015,0.9875118732452393,0.0007975327898748219,0.00047385512152686715,0.011216813698410988
Test_1016,4.900692874798551e-05,0.0001922156661748886,0.99962317943573,0.00013560143997892737
Test_1017,0.0005389239522628486,0.00042145393672399223,0.9990320205688477,7.613150046381634e-06
Test_1018,0.002374672796577215,0.00031952947028912604,2.7872458758793073e-06,0.9973030090332031
Test_1019,0.0036988065112382174,0.5968714952468872,0.3984142243862152,0.0010155230993404984
Test_1020,0.00022154614271130413,0.00209801085293293,0.9975787997245789,0.00010167255823034793
Test_1021,0.005657874513417482,0.17747674882411957,0.8153682351112366,0.001497194403782487
Test_1022,0.00019416744180489331,0.0003311538603156805,0.9994589686393738,1.5763580449856818e-05
Test_1023,0.9989908337593079,0.00021633110009133816,0.00039301824290305376,0.0003997895400971174
Test_1024,0.9965025186538696,0.0013290995266288519,0.0010578804649412632,0.0011105835437774658
Test_1025,0.0026346032973378897,0.023964574560523033,0.006165410857647657,0.9672353863716125
Test_1026,0.9972155094146729,0.0006471095257438719,0.0013609945308417082,0.000776244152802974
Test_1027,0.000600151252001524,5.250603862805292e-05,1.6273199435090646e-05,0.9993311166763306
Test_1028,0.996464729309082,0.0004728401836473495,0.0004446801031008363,0.0026177081745117903
Test_1029,0.9838470816612244,0.010905664414167404,0.002183783333748579,0.003063441254198551
Test_1030,0.9920852780342102,0.0022787938360124826,0.001716731465421617,0.003919156268239021
Test_1031,0.00018772493058349937,9.339479584014043e-05,3.722003020811826e-05,0.9996817111968994
Test_1032,0.00041473802411928773,0.006975182797759771,0.0030011176131665707,0.9896089434623718
Test_1033,0.00021977690630592406,0.026139209046959877,0.9735805988311768,6.045231566531584e-05
Test_1034,0.0010110554285347462,0.21261213719844818,0.7859528064727783,0.00042393573676235974
Test_1035,0.02762344665825367,0.06606345623731613,0.9053879976272583,0.0009250708390027285
Test_1036,0.9970914125442505,0.00021704082610085607,0.0001406627125106752,0.0025509365368634462
Test_1037,0.014146712608635426,0.5304510593414307,0.45486965775489807,0.0005324961384758353
Test_1038,0.006503248121589422,0.0021400745026767254,0.00020663958275690675,0.9911500215530396
Test_1039,0.007609553635120392,0.00199303962290287,6.780849798815325e-05,0.9903296232223511
Test_1040,0.03288924694061279,0.05870841443538666,0.0012640439672395587,0.9071382880210876
Test_1041,0.0023151137866079807,0.39819470047950745,0.5986879467964172,0.0008022457477636635
Test_1042,0.0017764464719220996,0.010921275243163109,0.9871326684951782,0.00016953628801275045
Test_1043,0.0003228538844268769,0.0007556751952506602,0.998916506767273,4.970675490767462e-06
Test_1044,0.000393762398744002,0.004143502097576857,3.770324110519141e-05,0.9954250454902649
Test_1045,0.0006011268123984337,0.08386830985546112,0.9096272587776184,0.005903298035264015
Test_1046,0.025063345208764076,0.9103710055351257,0.030601711943745613,0.03396400064229965
Test_1047,0.99620121717453,0.0012933496618643403,0.0004703286977019161,0.00203508953563869
Test_1048,0.0005411604652181268,0.0012708950089290738,3.241284139221534e-05,0.9981555342674255
Test_1049,0.0038462935481220484,0.014668956398963928,0.0030350987799465656,0.9784496426582336
Test_1050,5.5910248192958534e-05,0.0007836116710677743,0.9991463422775269,1.4200236364558805e-05
Test_1051,0.1198296919465065,0.004540238529443741,0.0016296079847961664,0.8740004301071167
Test_1052,0.01100082229822874,0.03869409114122391,0.0009649852872826159,0.9493400454521179
Test_1053,5.200882878853008e-05,0.001555949100293219,0.9983720183372498,2.001920438488014e-05
Test_1054,0.9992305040359497,0.00013078562915325165,0.00017376949836034328,0.00046492976252920926
Test_1055,0.0042729158885777,0.8926290273666382,0.004329406190663576,0.0987687036395073
Test_1056,0.0014174296520650387,0.005051074083894491,0.9933424592018127,0.00018912898667622358
Test_1057,0.001572660868987441,0.004321014508605003,0.017114562913775444,0.9769918322563171
Test_1058,0.9807496666908264,0.005619756877422333,0.0006520599126815796,0.012978586368262768
Test_1059,0.06231040135025978,0.3818821310997009,0.009905294515192509,0.5459021925926208
Test_1060,0.0038268459029495716,0.20766673982143402,0.003700322937220335,0.7848060727119446
Test_1061,0.9820727109909058,0.005703366361558437,0.0009835745440796018,0.011240340769290924
Test_1062,0.9977965354919434,0.0002160357980756089,0.00018592164269648492,0.0018016098765656352
Test_1063,3.837411350104958e-05,0.0022829631343483925,0.9975897073745728,8.894221537047997e-05
Test_1064,0.00982285849750042,0.5199087858200073,0.008274717256426811,0.46199360489845276
Test_1065,0.9956464171409607,0.0005226738285273314,0.00021177165035624057,0.0036190925166010857
Test_1066,0.0007556967902928591,0.003091130405664444,0.00028376275440678,0.9958693385124207
Test_1067,0.019741671159863472,0.9157723784446716,0.034594155848026276,0.029891788959503174
Test_1068,0.0055950055830180645,0.021789556369185448,3.10936666210182e-05,0.9725843667984009
Test_1069,0.002496511209756136,0.017693128436803818,0.9797391295433044,7.125679985620081e-05
Test_1070,0.9165121912956238,0.04736025631427765,0.02666073478758335,0.009466804563999176
Test_1071,0.00014916023064870387,0.012911013327538967,0.9866659045219421,0.00027388596208766103
Test_1072,0.04348501190543175,0.845405101776123,0.005439847707748413,0.10567004233598709
Test_1073,0.014392002485692501,0.019472764804959297,0.0005605552578344941,0.9655747413635254
Test_1074,0.008695311844348907,0.48908939957618713,0.47500500082969666,0.027210373431444168
Test_1075,0.0012153014540672302,0.637789249420166,0.36054110527038574,0.0004543747054412961
Test_1076,0.9242936372756958,0.005351059138774872,0.003327571088448167,0.06702770292758942
Test_1077,0.9800283908843994,0.004284445196390152,0.0009304707054980099,0.014756771735846996
Test_1078,0.00016994609904941171,0.1381598711013794,0.8615168929100037,0.00015334297495428473
Test_1079,4.2097388359252363e-05,0.0005486977752298117,0.9993997812271118,9.465875336900353e-06
Test_1080,0.27777978777885437,0.4578248858451843,0.24340516328811646,0.020990166813135147
Test_1081,0.019472986459732056,0.917325496673584,0.05876694247126579,0.004434629343450069
Test_1082,5.757367398473434e-05,0.000489726837258786,0.0022180366795510054,0.9972346425056458
Test_1083,0.9905242323875427,0.005328968167304993,0.0009663526434451342,0.003180473344400525
Test_1084,0.007448992691934109,0.8373039364814758,0.15313102304935455,0.0021160587202757597
Test_1085,0.00031365777249448,0.001585376332513988,9.058822797669563e-06,0.9980918765068054
Test_1086,0.0007648795144632459,0.2967069149017334,0.7019562125205994,0.0005719468463212252
Test_1087,0.008705373853445053,0.31546661257743835,0.02572862058877945,0.6500993967056274
Test_1088,0.0009235169854946434,0.10716556757688522,0.8917766213417053,0.00013437676534522325
Test_1089,0.003173256991431117,0.001128777046687901,3.665516487671994e-05,0.9956613183021545
Test_1090,0.035088345408439636,9.287985449191183e-05,8.061980042839423e-05,0.9647381901741028
Test_1091,0.9900947213172913,0.005259213037788868,0.001855028560385108,0.002791044535115361
Test_1092,0.9916539192199707,0.003545215353369713,0.0007324307807721198,0.00406830757856369
Test_1093,0.0015545671340078115,0.0008399651269428432,2.4602746634627692e-05,0.997580885887146
Test_1094,0.9977468848228455,0.00041418112232349813,0.00104911916423589,0.000789816549513489
Test_1095,0.004048584494739771,0.020646771416068077,7.386335346382111e-05,0.9752307534217834
Test_1096,0.0001764690241543576,0.0036450843326747417,0.00020497314108069986,0.9959734082221985
Test_1097,0.9940502047538757,0.001813839073292911,0.0007024969672784209,0.003433406352996826
Test_1098,0.3866133391857147,0.008327467367053032,0.011412754654884338,0.5936464667320251
Test_1099,0.003991319332271814,0.0312577560544014,0.0017571637872606516,0.9629938006401062
Test_1100,0.00026009324938058853,0.0462726354598999,0.9530648589134216,0.0004024544032290578
Test_1101,0.9853388071060181,0.006485018413513899,0.005360847804695368,0.002815352054312825
Test_1102,3.253310569562018e-05,0.004584916401654482,0.995145857334137,0.00023667899949941784
Test_1103,0.014070217497646809,0.8989657163619995,0.049615826457738876,0.037348199635744095
Test_1104,0.6725318431854248,0.01586751826107502,0.0009371618507429957,0.31066349148750305
Test_1105,0.0011216934071853757,0.0008032042533159256,0.0004515633045230061,0.9976235032081604
Test_1106,0.9996252059936523,8.882450492819771e-05,0.00018797603843268007,9.801596752367914e-05
Test_1107,0.0017790577840059996,0.16766217350959778,0.829714298248291,0.000844469468574971
Test_1108,0.9944126009941101,0.002163841389119625,0.0007680498529225588,0.002655512187629938
Test_1109,0.9975242018699646,0.0006008924683555961,0.0003414108359720558,0.0015335272764787078
Test_1110,0.0006375372759066522,0.002149254083633423,0.997147262096405,6.596399180125445e-05
Test_1111,0.00011265819193795323,0.007424635346978903,0.99244225025177,2.0522040358628146e-05
Test_1112,0.9992594122886658,0.00013944492093287408,7.186605944298208e-05,0.0005292071145959198
Test_1113,9.068453073268756e-05,0.08012218028306961,0.9189597964286804,0.0008273019921034575
Test_1114,0.00012776805670000613,0.00016897839668672532,0.9996927976608276,1.0438726349093486e-05
Test_1115,0.0005975624662823975,0.0007687077159062028,0.9984762072563171,0.0001574741181684658
Test_1116,0.0004389337555039674,0.013891259208321571,0.9845739006996155,0.001095873536542058
Test_1117,0.9950059056282043,0.0018209610134363174,0.0016994982725009322,0.0014737044693902135
Test_1118,8.803909440757707e-05,0.0200337041169405,0.9793319702148438,0.0005461974651552737
Test_1119,0.00509524904191494,0.00362540315836668,0.00011561252176761627,0.9911637306213379
Test_1120,0.0032353827264159918,0.8328067660331726,0.16329540312290192,0.0006623469525948167
Test_1121,0.0006067081121727824,0.7643285989761353,0.23124100267887115,0.0038236076943576336
Test_1122,0.0012275411281734705,8.607233030488715e-05,1.2331490779615706e-06,0.9986851811408997
Test_1123,0.9919890761375427,0.0037748587783426046,0.0018686362309381366,0.0023672867100685835
Test_1124,5.351302388589829e-05,0.0027095340192317963,0.9966117739677429,0.0006251997547224164
Test_1125,0.017269527539610863,0.8923416137695312,0.057753656059503555,0.03263518959283829
Test_1126,0.9988847374916077,0.00017233076505362988,7.716764957876876e-05,0.0008657810394652188
Test_1127,0.0008872593170963228,0.00703832833096385,0.0014259492745622993,0.9906484484672546
Test_1128,0.0030119081493467093,0.010854627937078476,0.9859669804573059,0.00016643039998598397
Test_1129,6.999985544098308e-06,3.5577828384703025e-05,0.999953031539917,4.449389507499291e-06
Test_1130,0.0003632527368608862,0.0012489976361393929,2.209271588071715e-05,0.9983657002449036
Test_1131,0.9875034689903259,0.005839467514306307,0.002819834277033806,0.003837218740954995
Test_1132,0.04213733226060867,0.8985371589660645,0.036366842687129974,0.022958749905228615
Test_1133,0.8485144972801208,0.0017664104234427214,0.007426464930176735,0.1422925740480423
Test_1134,5.800231883767992e-05,0.03333572298288345,0.9592030644416809,0.007403209805488586
Test_1135,0.974053680896759,0.012608532793819904,0.007133509032428265,0.006204370409250259
Test_1136,9.830143972067162e-05,0.0003025198820978403,3.997179192083422e-06,0.9995952248573303
Test_1137,0.16928748786449432,0.007469524629414082,0.005835109855979681,0.8174078464508057
Test_1138,0.00048311398131772876,0.04222675785422325,0.0007010949775576591,0.9565891027450562
Test_1139,0.0002556820691097528,0.295168399810791,0.6686004400253296,0.03597550094127655
Test_1140,0.030348623171448708,0.052989646792411804,0.00036705247475765646,0.9162946343421936
Test_1141,0.0007453173748217523,0.001772124320268631,0.002034735633060336,0.9954478144645691
Test_1142,0.003572785062715411,0.43160179257392883,0.5645026564598083,0.00032276607817038894
Test_1143,0.004901029635220766,0.6271457672119141,0.3661838173866272,0.0017693944973871112
Test_1144,0.0008832862367853522,0.0014700961764901876,0.9976353645324707,1.1316504242131487e-05
Test_1145,0.23519398272037506,0.05687747150659561,0.08402034640312195,0.6239082217216492
Test_1146,0.0024100590962916613,0.0008667599759064615,0.9966580867767334,6.509232480311766e-05
Test_1147,0.000177030946360901,0.0001188264213851653,1.6113124729599804e-05,0.9996880292892456
Test_1148,0.004494085442274809,0.5124884843826294,0.48108384013175964,0.0019336298573762178
Test_1149,0.011783475056290627,0.9422394633293152,0.038640912622213364,0.007336250506341457
Test_1150,0.007271553389728069,0.02193581499159336,0.016497816890478134,0.9542948007583618
Test_1151,0.998101532459259,0.0003365522716194391,0.0009577808086760342,0.0006040844018571079
Test_1152,0.9985679388046265,0.0003221037914045155,7.794986595399678e-05,0.001031938474625349
Test_1153,0.0013473851140588522,6.291079625952989e-05,2.5763763915165327e-05,0.9985639452934265
Test_1154,0.00013430300168693066,0.00751058105379343,0.9916492700576782,0.0007058361079543829
Test_1155,0.0003261767269577831,0.0006080098683014512,0.999004065990448,6.181732169352472e-05
Test_1156,0.022827228531241417,0.08985769003629684,0.002662304323166609,0.8846527338027954
Test_1157,0.0061990078538656235,0.8650428652763367,0.007756893523037434,0.12100119143724442
Test_1158,0.00609813816845417,0.9364453554153442,0.052690327167510986,0.004766147118061781
Test_1159,0.001339888316579163,0.4406791627407074,0.5577254295349121,0.00025541274226270616
Test_1160,0.9957554340362549,0.00205621006898582,0.0016986316768452525,0.0004897487815469503
Test_1161,0.0005452063051052392,0.09310195595026016,0.9061689376831055,0.00018382558482699096
Test_1162,0.0009155233856290579,0.0021020579151809216,6.20151186012663e-05,0.9969204664230347
Test_1163,0.9959731698036194,0.0015598313184455037,0.0005699191824533045,0.0018970973324030638
Test_1164,0.004360441584140062,0.5085005760192871,0.486225962638855,0.0009130677208304405
Test_1165,0.010215953923761845,0.39040514826774597,0.5985032320022583,0.000875737692695111
Test_1166,0.24915984272956848,0.2429647147655487,0.0047385431826114655,0.503136932849884
Test_1167,0.040638186037540436,0.07913687825202942,0.8800387978553772,0.00018624201766215265
Test_1168,3.17869707942009e-05,0.00011363079102011397,0.9998538494110107,6.915626613590575e-07
Test_1169,0.008077346719801426,0.0011000161757692695,0.005454508122056723,0.9853680729866028
Test_1170,0.08651912957429886,0.8158239722251892,0.07787255197763443,0.019784344360232353
Test_1171,0.0009751892066560686,0.006373080890625715,0.0009169401600956917,0.9917348623275757
Test_1172,0.9992697834968567,2.970406239910517e-05,4.938593338010833e-05,0.0006511440733447671
Test_1173,0.013307925313711166,0.7913163900375366,0.05851304903626442,0.1368626058101654
Test_1174,0.006762972567230463,0.002526759635657072,0.0014469935558736324,0.9892632365226746
Test_1175,0.00011634409020189196,0.024395713582634926,0.9754010438919067,8.686265209689736e-05
Test_1176,0.051528844982385635,0.04572096839547157,0.022050902247428894,0.8806992769241333
Test_1177,0.9913933277130127,0.002899262821301818,0.0009203677764162421,0.004787003621459007
Test_1178,0.9960930943489075,0.0005239878664724529,0.0023214032407850027,0.00106140342541039
Test_1179,3.216154073015787e-05,0.003571056993678212,0.9948242902755737,0.0015725467819720507
Test_1180,0.9203941226005554,0.05325980484485626,0.0033127472270280123,0.0230332612991333
Test_1181,0.0008063613204285502,0.05138057842850685,0.9474372267723083,0.0003758612438105047
Test_1182,0.9375589489936829,0.028910674154758453,0.003151585580781102,0.030378855764865875
Test_1183,0.0049598366022109985,0.15783728659152985,0.012801161035895348,0.8244016766548157
Test_1184,4.888664261670783e-05,0.00010334212856832892,0.9998340606689453,1.3665750884683803e-05
Test_1185,0.0031487576197832823,0.722078800201416,0.2540706396102905,0.020701806992292404
Test_1186,0.00014939486572984606,0.11045599728822708,0.8889675736427307,0.0004270699864719063
Test_1187,0.01281479187309742,3.499166632536799e-05,0.00010503243538551033,0.9870452284812927
Test_1188,0.20937398076057434,0.03815744072198868,0.00029954584897495806,0.7521690130233765
Test_1189,0.0052799563854932785,0.9538216590881348,0.02104613371193409,0.019852200523018837
Test_1190,0.01943930983543396,0.11504143476486206,0.8634026050567627,0.0021166864316910505
Test_1191,0.0044610206969082355,0.18047919869422913,0.0003940983733627945,0.8146657347679138
Test_1192,0.00013807044888380915,0.00014872914471197873,0.9996637105941772,4.940102371620014e-05
Test_1193,0.0017931325128301978,0.804179847240448,0.1815982162952423,0.012428759597241879
Test_1194,0.9070138335227966,0.032220564782619476,0.009312011301517487,0.05145367234945297
Test_1195,0.9982652068138123,0.0007216912927106023,0.00045286412932910025,0.0005601143348030746
Test_1196,0.0004070923023391515,0.07848652452230453,0.009293608367443085,0.9118127226829529
Test_1197,0.004675441887229681,0.000767870747949928,6.406760076060891e-05,0.9944926500320435
Test_1198,2.7731281079468317e-05,0.011334380134940147,0.9884825348854065,0.0001553205365780741
Test_1199,2.116424002451822e-05,0.0029464904218912125,0.9968324303627014,0.00019990916189271957
Test_1200,0.003563627600669861,0.7382882237434387,0.25726318359375,0.0008849152363836765
Test_1201,0.007897070609033108,0.19579008221626282,0.006373399868607521,0.7899394631385803
Test_1202,0.031450167298316956,0.021662354469299316,0.0008249401580542326,0.9460625648498535
Test_1203,0.9930450320243835,0.0009312957990914583,0.0005729856202378869,0.0054507446475327015
Test_1204,0.02894185110926628,0.9209508895874023,0.04290436953306198,0.0072029028087854385
Test_1205,0.0003268709988333285,0.00440735649317503,0.9951971173286438,6.865500472486019e-05
Test_1206,8.5203555499902e-06,7.955432374728844e-05,0.9998028874397278,0.00010909154661931098
Test_1207,9.70569672062993e-05,0.011946644634008408,0.00018248337437398732,0.9877738356590271
Test_1208,0.0005216493736952543,0.0015466148033738136,1.506868557044072e-05,0.9979166388511658
Test_1209,0.00036532297963276505,0.002417073817923665,0.9971891045570374,2.847482028300874e-05
Test_1210,0.0005710028926841915,0.0007270018104463816,0.001167520065791905,0.9975345134735107
Test_1211,0.00043489100062288344,0.0577610619366169,0.0005665668868459761,0.9412375092506409
Test_1212,0.04485693946480751,0.021154608577489853,0.0005290490807965398,0.933459460735321
Test_1213,0.00027416402008384466,7.509686838602647e-05,5.976798433948716e-07,0.9996501207351685
Test_1214,0.004049955867230892,0.009398046880960464,7.657791866222396e-05,0.98647540807724
Test_1215,0.0012341446708887815,0.012694085016846657,0.00011528054164955392,0.9859565496444702
Test_1216,3.194205419276841e-05,0.00048158029676415026,0.9994729161262512,1.3536600818042643e-05
Test_1217,0.0040337392129004,0.6963238716125488,0.03249206021428108,0.26715031266212463
Test_1218,6.375062366714701e-05,0.00042685074731707573,0.0004698137636296451,0.9990395903587341
Test_1219,0.0009837840916588902,0.004779704846441746,0.9929157495498657,0.0013206598814576864
Test_1220,0.004331215750426054,0.000755468150600791,0.0006561334012076259,0.9942572116851807
Test_1221,0.9980360865592957,0.001099421177059412,0.00063755689188838,0.0002269413525937125
Test_1222,0.0013200119137763977,0.8907065987586975,0.10326776653528214,0.004705624654889107
Test_1223,0.9566461443901062,0.0156883355230093,0.0029061895329505205,0.024759307503700256
Test_1224,0.006758228410035372,0.9159243702888489,0.07567083835601807,0.0016465228982269764
Test_1225,0.0011367234401404858,0.5711214542388916,0.4260784983634949,0.0016633043996989727
Test_1226,0.00012117932783439755,0.008964940905570984,0.9908874034881592,2.644109190441668e-05
Test_1227,0.0014658495783805847,0.01418454758822918,0.9839949607849121,0.0003546926600392908
Test_1228,0.00141102762427181,0.023129211738705635,0.9753320813179016,0.00012763940321747214
Test_1229,0.9954108595848083,0.0017000660300254822,0.0002206970821134746,0.002668352797627449
Test_1230,0.004051468800753355,0.08412450551986694,0.9115414619445801,0.0002825799456331879
Test_1231,0.996623158454895,0.0005068311584182084,0.0003419603453949094,0.0025280839763581753
Test_1232,0.9882374405860901,0.005349903367459774,0.0022243147250264883,0.004188358783721924
Test_1233,0.007724327966570854,0.881115198135376,0.10955061763525009,0.0016098443884402514
Test_1234,4.4739077566191554e-05,0.0004093644383829087,0.9995361566543579,9.806132766243536e-06
Test_1235,0.9990058541297913,0.00013561440573539585,7.242977153509855e-05,0.000786155927926302
Test_1236,0.015431848354637623,0.049295928329229355,0.004048374947160482,0.9312238693237305
Test_1237,0.0007510846480727196,0.8595311641693115,0.13670261204242706,0.0030152529943734407
Test_1238,0.015617634169757366,0.09114256501197815,0.8902072310447693,0.0030324943363666534
Test_1239,0.0647815689444542,0.0750298723578453,0.02435484528541565,0.835833728313446
Test_1240,0.001408841460943222,0.1036958172917366,0.8944656252861023,0.0004297338309697807
Test_1241,0.9592125415802002,0.0007240794948302209,0.0005994435050524771,0.0394640751183033
Test_1242,0.00013303387095220387,0.0006476168637163937,0.00011068143794545904,0.999108612537384
Test_1243,0.0004545340489130467,0.009251806885004044,0.9902340173721313,5.964039883110672e-05
Test_1244,0.004050544463098049,0.00048594133113510907,0.000672793947160244,0.99479079246521
Test_1245,0.0012964413035660982,0.005079540424048901,0.00010166513675358146,0.9935223460197449
Test_1246,0.8966162204742432,0.0026069912128150463,0.0024975042324513197,0.09827921539545059
Test_1247,2.607817259558942e-05,0.00017886118439491838,0.9993411898612976,0.0004538848006632179
Test_1248,0.006711861118674278,0.9011780023574829,0.08990231901407242,0.0022078503388911486
Test_1249,0.002835274441167712,0.6237000823020935,0.372076153755188,0.0013884177897125483
Test_1250,0.11305607110261917,0.071187824010849,0.0863235592842102,0.7294325232505798
Test_1251,0.0030656023882329464,0.00010670049960026518,0.00018647429533302784,0.9966412782669067
Test_1252,3.7107591197127476e-05,0.000322276318911463,0.9996365308761597,4.016362709080568e-06
Test_1253,2.3273825718206353e-05,0.0016373114194720984,2.1027954062446952e-05,0.9983184337615967
Test_1254,0.8433974385261536,0.002679810393601656,0.00019602059910539538,0.1537266969680786
Test_1255,0.13835707306861877,0.714451253414154,0.025772444903850555,0.12141924351453781
Test_1256,0.004366662818938494,0.8777919411659241,0.1148538589477539,0.0029874893371015787
Test_1257,0.0002650442474987358,0.00105233711656183,7.193057535914704e-05,0.9986106157302856
Test_1258,0.9918328523635864,0.001895194873213768,0.0020199541468173265,0.00425195787101984
Test_1259,0.9989527463912964,0.00014766449749004096,8.165025064954534e-05,0.0008179096621461213
Test_1260,0.012482746504247189,0.900879979133606,0.03354313597083092,0.053094152361154556
Test_1261,0.0007779309526085854,0.0039854454807937145,0.9952099919319153,2.6727275326265953e-05
Test_1262,0.9870495200157166,0.005131749901920557,0.0020953076891601086,0.00572347454726696
Test_1263,1.7769461919669993e-05,0.000802373921032995,0.999167799949646,1.2040905858157203e-05
Test_1264,0.5168038606643677,0.011949462816119194,0.0012600356712937355,0.46998658776283264
Test_1265,0.061011284589767456,0.007589373737573624,0.0027881308924406767,0.928611159324646
Test_1266,0.00010861537884920835,0.000655171403195709,0.9992215633392334,1.4648582691734191e-05
Test_1267,0.19290004670619965,0.09304031729698181,0.02353597618639469,0.6905236840248108
Test_1268,6.472737732110545e-05,0.003395168110728264,0.9963544607162476,0.00018568091036286205
Test_1269,0.0001062382070813328,0.08822599798440933,0.9014807343482971,0.010186993516981602
Test_1270,0.0038633192889392376,0.9309388399124146,0.0614013671875,0.003796488046646118
Test_1271,0.00013470265548676252,9.592370770405978e-05,1.2983558917767368e-05,0.999756395816803
Test_1272,8.717147284187376e-05,0.0013174857012927532,0.9984923601150513,0.000102926955150906
Test_1273,0.9967604279518127,0.0006480809533968568,0.0005686268559657037,0.0020229415968060493
Test_1274,0.0009045329061336815,0.0009700687369331717,0.0001103597242035903,0.9980150461196899
Test_1275,0.004293543286621571,0.14098510146141052,0.8545321226119995,0.00018921593436971307
Test_1276,0.003174432786181569,0.00019742961740121245,9.695489097794052e-06,0.996618390083313
Test_1277,0.00019046517263632268,0.0019126635743305087,0.9977983236312866,9.860550198936835e-05
Test_1278,0.6548799872398376,0.035763196647167206,0.002252262318506837,0.30710458755493164
Test_1279,0.00029538077069446445,0.0004030726267956197,0.00010079945059260353,0.9992007613182068
Test_1280,0.0009983695344999433,0.3268502652645111,0.6715556383132935,0.0005957683897577226
Test_1281,0.007066651247441769,0.922240138053894,0.06704888492822647,0.0036442740820348263
Test_1282,0.9525754451751709,0.031981080770492554,0.009600157849490643,0.005843347869813442
Test_1283,0.0005551665090024471,0.18624670803546906,0.8123122453689575,0.000885858666151762
Test_1284,0.9188981056213379,0.0539826937019825,0.006217006128281355,0.020902208983898163
Test_1285,0.8154748678207397,0.13587184250354767,0.042689476162195206,0.005963905714452267
Test_1286,0.9959474205970764,0.0016812991816550493,0.0005782212247140706,0.0017931301845237613
Test_1287,0.993228018283844,0.002139919437468052,0.0006159339682199061,0.004016166087239981
Test_1288,0.9951279163360596,0.0015282239764928818,0.0010558586800470948,0.0022880169562995434
Test_1289,0.002590008545666933,0.0018194125732406974,0.000334585492964834,0.9952560067176819
Test_1290,0.0030558269936591387,0.12658251821994781,0.0032586101442575455,0.8671030402183533
Test_1291,0.0007337802089750767,0.0035385312512516975,0.00018956114945467561,0.9955381155014038
Test_1292,0.0037561580538749695,0.0838097408413887,0.9119569063186646,0.0004772355023305863
Test_1293,0.00216731708496809,0.9558020234107971,0.038519904017448425,0.00351086282171309
Test_1294,0.7393736839294434,0.02260967530310154,0.0013119172072038054,0.23670479655265808
Test_1295,0.00033847050508484244,0.005051400512456894,0.9945418238639832,6.8255489168223e-05
Test_1296,0.9985412359237671,0.0006193271838128567,0.0005564912571571767,0.0002829025615938008
Test_1297,0.0006398115074262023,0.0002670447574928403,4.622059805114986e-06,0.9990885257720947
Test_1298,1.2549844541354105e-05,2.5846835342235863e-05,0.9999595880508423,2.03942317966721e-06
Test_1299,0.00030319090001285076,0.0256029199808836,0.9737486243247986,0.0003452191886026412
Test_1300,0.000432002852903679,0.05813899636268616,0.9408085942268372,0.0006204712553881109
Test_1301,0.00376325286924839,0.7047780752182007,0.2909725606441498,0.0004861234046984464
Test_1302,0.00027079085703007877,0.00014654606638941914,0.00014232924149837345,0.9994403719902039
Test_1303,0.0001802109181880951,0.003477889345958829,0.9961793422698975,0.00016255892114713788
Test_1304,0.0010320114670321345,0.5154367685317993,0.48274123668670654,0.0007899308693595231
Test_1305,0.01747424341738224,0.7959994673728943,0.18455201387405396,0.0019742052536457777
Test_1306,0.0036391443572938442,0.0006757255760021508,6.0476322687463835e-05,0.9956247210502625
Test_1307,0.0006436039693653584,0.0433659702539444,0.9554845690727234,0.0005058958777226508
Test_1308,0.00016552588203921914,0.00021740750526078045,6.3161005527945235e-06,0.9996107220649719
Test_1309,0.7005312442779541,0.22924131155014038,0.057741984724998474,0.01248550321906805
Test_1310,0.008894204162061214,0.7991451025009155,0.011199594475328922,0.18076106905937195
Test_1311,0.9704329967498779,0.018714381381869316,0.006618206854909658,0.004234400112181902
Test_1312,0.007511026691645384,0.47979745268821716,0.493164986371994,0.019526559859514236
Test_1313,0.0001522530073998496,0.006233383901417255,0.993476927280426,0.0001375450665364042
Test_1314,0.0009281103266403079,0.02701379545032978,0.9716301560401917,0.00042785677942447364
Test_1315,0.9952048063278198,0.00032651799847371876,0.00012998521560803056,0.004338666796684265
Test_1316,0.9892175197601318,0.0015329110901802778,0.0003776431258302182,0.00887202937155962
Test_1317,0.0026564181316643953,0.002702265279367566,0.00013657704403158277,0.9945047497749329
Test_1318,0.023074936121702194,0.0171805489808321,0.002993002301082015,0.9567515254020691
Test_1319,4.463539517018944e-05,0.008866766467690468,0.9908351898193359,0.0002533092920202762
Test_1320,0.0028485963121056557,0.0026838432531803846,0.00017225882038474083,0.9942952990531921
Test_1321,0.001316468114964664,0.7442498207092285,0.25345906615257263,0.0009746603318490088
Test_1322,0.9984110593795776,0.000342571031069383,0.0007979814545251429,0.0004484005621634424
Test_1323,0.0001816448784666136,0.00410150783136487,0.9956186413764954,9.811545896809548e-05
Test_1324,0.9977216124534607,0.0004928845446556807,0.0010549507569521666,0.0007304942118935287
Test_1325,0.001241863938048482,0.00044062742381356657,2.485115146555472e-06,0.9983150959014893
Test_1326,0.000194139065570198,0.0031938340980559587,4.679942867369391e-05,0.9965652823448181
Test_1327,0.0008965758606791496,0.18703095614910126,0.8115229606628418,0.0005495232180692255
Test_1328,0.001784732798114419,0.1576697826385498,0.016976986080408096,0.8235684633255005
Test_1329,0.0005011294852010906,0.000794829917140305,0.9986467957496643,5.723681169911288e-05
Test_1330,0.971184253692627,0.007002385798841715,0.0026332952547818422,0.0191800557076931
Test_1331,0.0008036360377445817,0.13201645016670227,0.8670380711555481,0.0001418533647665754
Test_1332,0.0005109286867082119,0.0005046853329986334,1.4529706277244259e-05,0.9989699125289917
Test_1333,0.01372543629258871,0.030048808082938194,0.009314618073403835,0.946911096572876
Test_1334,0.010116664692759514,0.006471217144280672,0.00404050899669528,0.9793716669082642
Test_1335,0.0004650623886846006,0.18624146282672882,0.8125268220901489,0.0007666106102988124
Test_1336,0.003025683807209134,0.29278451204299927,0.703710675239563,0.0004790484963450581
Test_1337,0.0038522747345268726,0.9105443358421326,0.0828239768743515,0.002779456553980708
Test_1338,0.00022833752154838294,0.0006869715871289372,0.99892657995224,0.00015808982425369322
Test_1339,0.9929821491241455,0.0034400655422359705,0.0006771555636078119,0.0029006488621234894
Test_1340,0.004823009017854929,0.4211139976978302,0.11191577464342117,0.4621471166610718
Test_1341,7.825950160622597e-05,0.00032486204872839153,0.9995455145835876,5.131468060426414e-05
Test_1342,0.002862675813958049,0.7077377438545227,0.28881198167800903,0.0005876504583284259
Test_1343,0.011241013184189796,0.0009001282742246985,0.000512022350449115,0.9873468279838562
Test_1344,0.0005642932374030352,0.0027549443766474724,0.9965879917144775,9.27810906432569e-05
Test_1345,0.0021261111833155155,0.23948179185390472,0.6299769282341003,0.1284150779247284
Test_1346,0.07652375102043152,0.0032356546726077795,0.00013630535977426916,0.9201042652130127
Test_1347,0.0014623136958107352,0.000567216076888144,0.00011641054879873991,0.9978540539741516
Test_1348,0.007284065708518028,0.9496625661849976,0.026329291984438896,0.016724130138754845
Test_1349,0.0003729775780811906,0.4082092344760895,0.5906345844268799,0.0007831687107682228
Test_1350,0.9881132245063782,0.0007178115774877369,0.00013469926489051431,0.011034179478883743
Test_1351,0.0008103299769572914,0.7469265460968018,0.24766802787780762,0.004595049656927586
Test_1352,0.002449354389682412,0.2113061398267746,0.784316897392273,0.0019275202648714185
Test_1353,0.9711564779281616,0.014053774066269398,0.004482137970626354,0.010307526215910912
Test_1354,0.9987654685974121,0.0002813271712511778,0.00044721810263581574,0.0005059792893007398
Test_1355,0.9964383840560913,0.0016579319490119815,0.0012403884902596474,0.0006634188466705382
Test_1356,0.0003176394384354353,0.0004356321587692946,2.3269481971510686e-05,0.9992234706878662
Test_1357,0.0005591344670392573,0.02749120071530342,0.9718020558357239,0.00014759410987608135
Test_1358,0.01798594743013382,0.0006524463533423841,2.596548256406095e-05,0.9813356399536133
Test_1359,0.9940057992935181,0.0009105013450607657,0.0008275252184830606,0.004256110638380051
Test_1360,3.5978140658698976e-05,0.006566854193806648,0.9932956099510193,0.00010154901974601671
Test_1361,0.00039323876262642443,0.011364833451807499,0.9878261685371399,0.00041577251977287233
Test_1362,0.0002463393611833453,0.00020662332826759666,0.999546468257904,5.828206326441432e-07
Test_1363,0.0015701506054028869,0.17943227291107178,0.8188564777374268,0.0001411108096363023
Test_1364,0.005651313811540604,0.6897282004356384,0.3026924729347229,0.0019281457643955946
Test_1365,0.9763240218162537,0.008358542807400227,0.0026220777072012424,0.012695319019258022
Test_1366,0.03693472966551781,0.0064486064948141575,0.005572749301791191,0.951043963432312
Test_1367,0.0038937402423471212,0.181482195854187,0.8143650889396667,0.00025892883422784507
Test_1368,0.00015906071348581463,0.00200656964443624,0.997794508934021,3.986249430454336e-05
Test_1369,0.9992627501487732,0.00018732636817730963,0.00018243389786221087,0.00036752704181708395
Test_1370,0.0011777948820963502,0.02352452464401722,0.9749580025672913,0.00033956041443161666
Test_1371,0.00040539479232393205,0.0003819882113020867,0.00011092404020018876,0.9991017580032349
Test_1372,0.9974473714828491,0.0001884687808342278,4.307948620407842e-05,0.0023211778607219458
Test_1373,0.0007196612423285842,0.04569375887513161,0.09837858378887177,0.8552080392837524
Test_1374,0.0017064459389075637,0.2602507174015045,0.737678050994873,0.00036476305103860795
Test_1375,0.03158852085471153,0.9144681096076965,0.021308043971657753,0.03263537958264351
Test_1376,0.9962161183357239,0.0007622414850629866,0.0002908188325818628,0.002730810083448887
Test_1377,0.0032393336296081543,0.012124983593821526,0.9839481711387634,0.0006874205428175628
Test_1378,0.12624631822109222,0.3686424791812897,0.0497124008834362,0.4553987979888916
Test_1379,0.0033989495132118464,0.9050343632698059,0.0887090191245079,0.00285763805732131
Test_1380,0.02609921433031559,0.8855911493301392,0.06758108735084534,0.020728616043925285
Test_1381,0.8642305731773376,0.06399038434028625,0.0511736236512661,0.02060544118285179
Test_1382,0.00015163513307925314,0.005997741129249334,0.9938380122184753,1.2558167327370029e-05
Test_1383,0.0008977930410765111,0.0006527311634272337,0.00015829573385417461,0.9982911944389343
Test_1384,0.0003358953690622002,0.0030752571765333414,0.00014182559971231967,0.9964470267295837
Test_1385,0.013425316661596298,0.31687840819358826,0.005856551695615053,0.6638396978378296
Test_1386,0.002440747804939747,0.08063775300979614,0.9160555005073547,0.0008659834857098758
Test_1387,0.0006567006930708885,0.0014813535381108522,1.1115487723145634e-05,0.9978508949279785
Test_1388,0.00013831623073201627,0.00016986629634629935,0.999640703201294,5.109702760819346e-05
Test_1389,0.00014112341159489006,0.02790406532585621,0.9712609648704529,0.000693855807185173
Test_1390,0.006625923328101635,0.6755771040916443,0.3167169690132141,0.0010799485025927424
Test_1391,7.531815208494663e-05,0.0013231625780463219,0.9985060691833496,9.541904728394002e-05
Test_1392,0.004641836509108543,0.14531178772449493,0.848859965801239,0.0011864745756611228
Test_1393,0.0026738366577774286,0.002227895427495241,0.9946292042732239,0.00046909862430766225
Test_1394,0.004089453257620335,0.05939327925443649,0.0004650056071113795,0.9360522031784058
Test_1395,0.0005057246307842433,0.07642702013254166,0.9225586652755737,0.0005086387973278761
Test_1396,0.0012906226329505444,0.6701511144638062,0.3227120637893677,0.005846187472343445
Test_1397,0.00010266171011608094,0.001247409381903708,0.9986364245414734,1.3437985217024107e-05
Test_1398,0.000678997952491045,0.003180956933647394,0.9960063099861145,0.0001338479487458244
Test_1399,7.033476867945865e-05,0.010455034673213959,0.9880152344703674,0.001459390507079661
Test_1400,0.0003420763823669404,0.0004182054253760725,0.0006021744338795543,0.9986374974250793
Test_1401,0.001692367484793067,0.003621974727138877,0.0008773948065936565,0.9938082098960876
Test_1402,0.9955322742462158,0.0017901515820994973,0.0003258582146372646,0.0023517480585724115
Test_1403,0.0010018530301749706,0.5580745935440063,0.43876975774765015,0.00215379660949111
Test_1404,0.0006606693495996296,0.010591981932520866,0.9875026345252991,0.0012446356704458594
Test_1405,0.0009745680144988,0.1608649492263794,0.8379337787628174,0.00022661135881207883
Test_1406,5.5454343964811414e-05,0.00010687820758903399,0.9998303651809692,7.316459232242778e-06
Test_1407,0.0012434268137440085,0.0010602311231195927,3.4186541597591713e-06,0.9976929426193237
Test_1408,0.9635399580001831,0.003300583688542247,0.0003872716042678803,0.032772064208984375
Test_1409,0.00621491763740778,0.31572961807250977,0.0078296372666955,0.6702257990837097
Test_1410,0.0010111316805705428,0.05156479403376579,0.946052074432373,0.0013719204580411315
Test_1411,1.1822969099739566e-05,0.00030319971847347915,0.00040644448017701507,0.9992786049842834
Test_1412,0.00862126238644123,0.0012827585451304913,0.0001082257876987569,0.9899877905845642
Test_1413,0.00024530396331101656,0.00030465517193078995,1.8641472706804052e-05,0.9994314312934875
Test_1414,0.0002578544372227043,0.014580294489860535,0.9849036931991577,0.0002581287990324199
Test_1415,0.5763676166534424,0.004474253859370947,0.00031329027842730284,0.41884487867355347
Test_1416,0.9841986894607544,0.009636054746806622,0.0036558418069034815,0.0025093569420278072
Test_1417,0.004636664874851704,0.03189120441675186,0.0024601349141448736,0.9610119462013245
Test_1418,0.02995152771472931,0.23546534776687622,0.002140049822628498,0.7324430346488953
Test_1419,0.00018178750178776681,0.006510936189442873,0.9932751655578613,3.2140076655196026e-05
Test_1420,0.07180904597043991,0.27645450830459595,0.01861841231584549,0.6331180930137634
Test_1421,0.0012704974506050348,0.0029444380197674036,2.6804913431988098e-05,0.9957582354545593
Test_1422,0.003422041889280081,0.6297425031661987,0.36573082208633423,0.0011046291328966618
Test_1423,2.1443540390464477e-05,0.00021632437710650265,0.9997221827507019,4.002430796390399e-05
Test_1424,0.9953106045722961,0.0008066163863986731,0.0005569476052187383,0.0033258290495723486
Test_1425,0.00012413495278451592,0.008070212788879871,0.9914426207542419,0.0003630937426351011
Test_1426,0.0005272126873023808,0.010325931943953037,0.9866449236869812,0.0025019266176968813
Test_1427,0.0006079665035940707,0.0024087841156870127,0.0005270426045171916,0.9964562058448792
Test_1428,0.003167468123137951,0.017188476398587227,0.013687573373317719,0.9659565091133118
Test_1429,0.9918785095214844,0.004926582798361778,0.001861871569417417,0.0013330817455425858
Test_1430,0.9796445369720459,0.011612688191235065,0.0046920934692025185,0.004050770308822393
Test_1431,0.9907893538475037,0.0027888440527021885,0.000568687915802002,0.005853163078427315
Test_1432,1.7366944575769594e-06,0.0003989450342487544,0.9993973970413208,0.00020197969570290297
Test_1433,0.0007480423664674163,0.0210197102278471,0.9621772766113281,0.016055025160312653
Test_1434,8.585230534663424e-05,0.0019771470688283443,0.9973480701446533,0.0005889302119612694
Test_1435,0.00011509911564644426,0.0005263307830318809,1.6257260995189426e-06,0.9993569254875183
Test_1436,0.010725384578108788,0.8783804774284363,0.10902373492717743,0.001870433916337788
Test_1437,0.00028804480098187923,0.004576398525387049,0.9947996139526367,0.0003360027039889246
Test_1438,5.5755659559508786e-05,0.007211256772279739,0.992448091506958,0.0002848900912795216
Test_1439,0.9921248555183411,0.0023581937421113253,0.0002860556705854833,0.005230870563536882
Test_1440,0.005220238119363785,0.913002073764801,0.07995671778917313,0.0018210571724921465
Test_1441,1.4125208508630749e-05,0.003263553138822317,0.9967129230499268,9.433622835786082e-06
Test_1442,0.013085287995636463,0.8989202976226807,0.026733659207820892,0.06126078590750694
Test_1443,0.9975487589836121,0.00014060609100852162,7.236552482936531e-05,0.002238276181742549
Test_1444,0.0004180447431281209,0.03144845366477966,0.966324508190155,0.0018089880468323827
Test_1445,0.16141211986541748,0.0028448791708797216,0.0005986286560073495,0.8351444005966187
Test_1446,0.9983701109886169,0.0005957572720944881,0.00015877907571848482,0.0008753135916776955
Test_1447,0.00024211009440477937,0.0010917576728388667,1.7987795217777602e-05,0.9986481070518494
Test_1448,0.9348978996276855,0.03662034496665001,0.018994376063346863,0.009487409144639969
Test_1449,0.00014856054622214288,0.03811328485608101,0.9612733721733093,0.0004647516179829836
Test_1450,0.9962031245231628,0.0006817102548666298,0.0006240815855562687,0.0024912108201533556
Test_1451,0.0014822306111454964,0.0007449208060279489,2.7998874429613352e-05,0.9977449178695679
Test_1452,0.005109896883368492,0.0032847386319190264,9.868872439255938e-06,0.991595447063446
Test_1453,3.269515946158208e-05,0.0005779903731308877,0.9993419051170349,4.740993972518481e-05
Test_1454,0.9975104331970215,0.000499528250657022,0.000346695160260424,0.001643257332034409
Test_1455,0.0023996513336896896,0.07412513345479965,0.0014007004210725427,0.9220744967460632
Test_1456,0.0007046660175547004,0.016598327085375786,0.982680082321167,1.7035328710335307e-05
Test_1457,0.0004989925073459744,0.032676905393600464,0.966685950756073,0.0001382016926072538
Test_1458,0.00018895394168794155,7.337255374295637e-05,7.686411663598847e-06,0.9997299313545227
Test_1459,0.0024144118651747704,0.7188757658004761,0.2763279974460602,0.002381740603595972
Test_1460,0.0004937784397043288,0.03993474692106247,0.958713710308075,0.0008577816770412028
Test_1461,2.2003273443260696e-06,0.00012482232705224305,0.999855637550354,1.72767377080163e-05
Test_1462,0.005149521864950657,0.004583186469972134,0.9901420474052429,0.00012524519115686417
Test_1463,0.0014165624743327498,0.2710781991481781,0.7274315357208252,7.369473314611241e-05
Test_1464,0.0019920498598366976,0.8333593010902405,0.16180381178855896,0.0028447930235415697
Test_1465,2.6969591999659315e-05,0.0005533801740966737,0.9993946552276611,2.4997756554512307e-05
Test_1466,0.9669083952903748,0.007029820699244738,0.0037994678132236004,0.022262340411543846
Test_1467,0.9543642401695251,0.012870389968156815,0.004340721294283867,0.0284245815128088
Test_1468,0.025770755484700203,0.042308416217565536,0.0007755724946036935,0.931145191192627
Test_1469,0.9977357387542725,0.0004791789979208261,0.00017343313083983958,0.0016116671031340957
Test_1470,0.0009166708332486451,0.0005157266859896481,9.394616790814325e-05,0.9984737038612366
Test_1471,0.0006260225200094283,0.8300537467002869,0.16843192279338837,0.0008883042028173804
Test_1472,0.0009078183211386204,0.10708371549844742,0.8916518688201904,0.0003565649676602334
Test_1473,0.9928009510040283,0.003520907601341605,0.001841785036958754,0.0018363551935181022
Test_1474,0.0013407269725576043,0.8529965877532959,0.14477622509002686,0.0008864682167768478
Test_1475,0.006174133624881506,0.7299659252166748,0.2631409466266632,0.0007189243333414197
Test_1476,0.0037531238049268723,0.006406586617231369,6.19605416432023e-05,0.9897783398628235
Test_1477,0.00017270429816562682,0.00015067101048771292,9.388838952872902e-05,0.9995827078819275
Test_1478,0.00056218117242679,0.005880796350538731,0.9934900999069214,6.687874702038243e-05
Test_1479,0.010230003856122494,0.8942612409591675,0.06935932487249374,0.0261494480073452
Test_1480,1.7367088730679825e-05,0.0009289552690461278,0.9988144636154175,0.0002392250025877729
Test_1481,0.00013410740939434618,0.0017963215941563249,0.012098437175154686,0.9859711527824402
Test_1482,6.292535545071587e-05,0.003995619714260101,0.002177376300096512,0.9937641024589539
Test_1483,0.019585324451327324,0.00037321331910789013,1.9221921320422553e-05,0.9800221920013428
Test_1484,0.9986656904220581,0.0003026204358320683,0.00019331077055539936,0.0008383714593946934
Test_1485,0.9973209500312805,0.0001459253253415227,0.00016070212586782873,0.0023723954800516367
Test_1486,0.0002592797973193228,0.009861713275313377,0.9891841411590576,0.000694901857059449
Test_1487,0.00482778437435627,0.5098556280136108,0.484856516122818,0.00046004695468582213
Test_1488,0.003925833385437727,0.8845370411872864,0.11017252504825592,0.0013645784929394722
Test_1489,3.3506763429613784e-05,0.0011336862808093429,0.9986324906349182,0.0002002017863560468
Test_1490,0.0037097337190061808,0.003928301855921745,0.005078865680843592,0.9872831106185913
Test_1491,0.006008666008710861,0.8234986066818237,0.1578965187072754,0.012596223503351212
Test_1492,3.3926513424376026e-05,0.006981806363910437,0.9924861192703247,0.0004980726516805589
Test_1493,0.9948359727859497,0.0016855596331879497,0.0008221764001064003,0.0026562868151813745
Test_1494,0.9987555742263794,8.947715832618997e-05,0.00030104111647233367,0.0008538837428204715
Test_1495,0.03259514644742012,0.12518168985843658,0.011503812856972218,0.8307193517684937
Test_1496,0.0013824980705976486,0.00039217708399519324,4.178416929789819e-05,0.99818354845047
Test_1497,0.0008590997313149273,0.034604523330926895,0.9644616842269897,7.475146412616596e-05
Test_1498,0.001142553286626935,0.0011654371628537774,1.4921776028131717e-06,0.9976905584335327
Test_1499,0.0002135859103873372,0.00010612162441248074,0.9996747970581055,5.4912516134209e-06
Test_1500,0.6358613967895508,0.021610353142023087,0.005624148994684219,0.33690404891967773
Test_1501,0.001256497809663415,0.0006316154613159597,3.981423560617259e-06,0.99810791015625
Test_1502,0.011321312747895718,0.6758408546447754,0.009739452041685581,0.3030983507633209
Test_1503,0.9968407154083252,0.0005566320614889264,0.0008464865968562663,0.0017562105786055326
Test_1504,0.030012894421815872,0.3432740867137909,0.6238074898719788,0.0029055385384708643
Test_1505,0.00029971374897286296,0.006267847027629614,0.9933678507804871,6.451673834817484e-05
Test_1506,0.012649603188037872,0.7882314324378967,0.19748422503471375,0.0016348358476534486
Test_1507,0.9604722261428833,0.023386653512716293,0.005103571340441704,0.011037479154765606
Test_1508,0.00011596776312217116,0.0009174278238788247,0.9986775517463684,0.000289021001663059
Test_1509,0.0007120189256966114,0.0020612848456948996,3.273780021118e-05,0.9971939325332642
Test_1510,0.00027705979300662875,0.4764845371246338,0.5204628705978394,0.0027755447663366795
Test_1511,0.002109870780259371,0.0074623883701860905,0.00036556064151227474,0.9900622367858887
Test_1512,8.979935228126124e-05,0.000500883033964783,0.9993129968643188,9.639000199967995e-05
Test_1513,4.9462301831226796e-05,0.00021801699767820537,0.99970942735672,2.316532118129544e-05
Test_1514,0.00018029267084784806,0.003655110951513052,0.9960849285125732,7.968297722982243e-05
Test_1515,3.99160198867321e-05,0.0006206997204571962,0.99933260679245,6.8447225203271955e-06
Test_1516,0.001182342879474163,0.016323070973157883,0.02803582139313221,0.9544587135314941
Test_1517,0.0008019751403480768,0.1371954381465912,0.8613383769989014,0.0006642197258770466
Test_1518,0.011868767440319061,0.4656875431537628,0.0013822774635627866,0.5210614800453186
Test_1519,0.003573325462639332,0.01280443836003542,0.001530529698356986,0.9820917248725891
Test_1520,0.001388966222293675,0.004242414608597755,2.117455005645752e-05,0.9943473935127258
Test_1521,0.9954356551170349,0.0008212485117837787,0.000447809521574527,0.003295164555311203
Test_1522,0.002714175032451749,0.20515182614326477,0.7918732762336731,0.00026073254412040114
Test_1523,0.0035962271504104137,4.657644240069203e-05,2.4837072487571277e-05,0.9963323473930359
Test_1524,0.9988712668418884,0.00028987874975427985,0.00019997752679046243,0.0006389950285665691
Test_1525,0.9996680021286011,1.4210102563083638e-05,3.670095975394361e-05,0.00028113918961025774
Test_1526,0.0003005593898706138,0.007590567227452993,2.1535215637413785e-05,0.9920873045921326
Test_1527,0.002896202029660344,0.8333421349525452,0.15776745975017548,0.005994214676320553
Test_1528,0.004469398874789476,0.002206003526225686,0.0020599837880581617,0.9912646412849426
Test_1529,9.910689186654054e-06,0.005303115583956242,0.9935868978500366,0.0011000531958416104
Test_1530,0.9952974915504456,0.0015364099526777864,0.000638804689515382,0.002527395263314247
Test_1531,0.003345528384670615,0.7565268874168396,0.23939520120620728,0.0007323588361032307
Test_1532,0.9276793003082275,0.0008501249249093235,0.0013283658772706985,0.0701422244310379
Test_1533,0.0025989061687141657,0.15383575856685638,0.8412314057350159,0.0023339528124779463
Test_1534,0.005486493464559317,0.6212379932403564,0.28239336609840393,0.09088211506605148
Test_1535,0.0007819607271812856,0.1218094453215599,0.873206377029419,0.00420221034437418
Test_1536,0.008558525703847408,0.7750691771507263,0.2153686285018921,0.0010036751627922058
Test_1537,0.0010227453894913197,0.00029846173129044473,7.956987246870995e-05,0.9985992312431335
Test_1538,0.0003005026956088841,0.0023519243113696575,0.9973125457763672,3.506452412693761e-05
Test_1539,0.006355247460305691,0.2672542929649353,0.7255727052688599,0.0008177691488526762
Test_1540,0.004126384388655424,0.9005369544029236,0.013810055330395699,0.08152662962675095
Test_1541,0.006517693400382996,0.5540890097618103,0.004204995930194855,0.435188353061676
Test_1542,0.008772497065365314,0.7863038778305054,0.20275671780109406,0.0021668707486242056
Test_1543,4.2070278141181916e-05,0.009795197285711765,0.9901260137557983,3.676545384223573e-05
Test_1544,0.0695314109325409,0.739041805267334,0.05540752038359642,0.13601917028427124
Test_1545,9.553707059239969e-05,0.0005925080622546375,0.00019035761943086982,0.9991216063499451
Test_1546,0.9940808415412903,0.0004327914211899042,0.00014851648302283138,0.005337845534086227
Test_1547,0.9979016780853271,0.0004881469067186117,0.0005577703122980893,0.0010524482931941748
Test_1548,0.010047079995274544,0.06394743919372559,0.09088560193777084,0.835119903087616
Test_1549,0.002604624954983592,0.001555451424792409,1.3936229152022861e-05,0.995826005935669
Test_1550,9.512332326266915e-05,0.0013683742145076394,7.121446105884388e-05,0.9984652996063232
Test_1551,0.0003603679360821843,4.005686059826985e-05,0.00011126323079224676,0.9994882345199585
Test_1552,0.002470141975209117,0.0011698314920067787,4.1140108805848286e-05,0.9963188171386719
Test_1553,0.002138802083209157,0.14010858535766602,0.004668633919209242,0.8530840277671814
Test_1554,0.0014772835420444608,0.3928224444389343,0.6044706702232361,0.0012295079650357366
Test_1555,0.7416614294052124,0.06060780584812164,0.003036703448742628,0.19469410181045532
Test_1556,0.00034438128932379186,0.04264182597398758,0.9569236636161804,9.012212103698403e-05
Test_1557,0.005548106972128153,0.10491717606782913,0.025791581720113754,0.8637431859970093
Test_1558,6.12877556704916e-05,0.001175743411295116,0.9918808341026306,0.006882122252136469
Test_1559,0.00440010754391551,0.07423999905586243,0.9207708239555359,0.0005891260807402432
Test_1560,0.995848536491394,0.0014446494169533253,0.0005144524038769305,0.002192244865000248
Test_1561,0.004602585919201374,0.017946528270840645,0.0051566059701144695,0.972294270992279
Test_1562,0.001196747412905097,0.02427278459072113,0.9744262099266052,0.00010432772251078859
Test_1563,0.00021183947683312,0.007832196541130543,0.9918837547302246,7.220918632810935e-05
Test_1564,0.005607410334050655,0.8960301280021667,0.09593560546636581,0.00242697075009346
Test_1565,0.0010960844811052084,0.4570602774620056,0.5414766073226929,0.0003669938596431166
Test_1566,0.014080904424190521,0.0015722516691312194,0.0017109563341364264,0.9826358556747437
Test_1567,7.843970524845645e-05,0.00018421336426399648,0.9996414184570312,9.592246351530775e-05
Test_1568,0.0005126913893036544,0.14514973759651184,0.8542738556861877,6.378280522767454e-05
Test_1569,0.001026103156618774,0.17875289916992188,0.819924533367157,0.0002964744926430285
Test_1570,0.04503372311592102,0.0009148173267021775,3.271863533882424e-05,0.954018771648407
Test_1571,0.0007498181075789034,0.41288620233535767,0.5854977965354919,0.000866098387632519
Test_1572,0.0017450129380449653,0.12606266140937805,0.8717804551124573,0.00041182502172887325
Test_1573,0.0004202107957098633,0.007202251814305782,0.9923191666603088,5.830995360156521e-05
Test_1574,0.0036624763160943985,0.3662746250629425,0.6283522248268127,0.001710715820081532
Test_1575,0.005880692508071661,0.3185984790325165,0.6742890477180481,0.001231849193572998
Test_1576,0.9868550300598145,0.0062926942482590675,0.0019256368977949023,0.004926607944071293
Test_1577,2.1680272766388953e-05,0.002440560841932893,0.9975019097328186,3.579221083782613e-05
Test_1578,0.002044948283582926,0.3615107834339142,0.635966420173645,0.0004779325390700251
Test_1579,0.9916336536407471,0.003918842412531376,0.0013143351534381509,0.0031332431826740503
Test_1580,0.9978493452072144,0.0005244168569333851,0.00017691204266157,0.0014493429334834218
Test_1581,0.0001801843027351424,0.0014329436235129833,1.12953248390113e-05,0.9983755350112915
Test_1582,0.0031585409305989742,0.11610667407512665,0.8804831504821777,0.00025157275376841426
Test_1583,0.001709192874841392,0.020510993897914886,0.9771029949188232,0.00067686423426494
Test_1584,0.03038300946354866,0.0557871013879776,0.009609571658074856,0.9042202830314636
Test_1585,0.0004896222380921245,0.06455754488706589,0.9340804815292358,0.0008723628707230091
Test_1586,0.0006891334778629243,0.04351181536912918,0.9556387066841125,0.00016036079614423215
Test_1587,0.0037357716355472803,0.512148380279541,0.4798037111759186,0.004312104545533657
Test_1588,0.9418510794639587,0.024557465687394142,0.03265796974301338,0.0009334677015431225
Test_1589,0.00036037800600752234,0.012800877913832664,0.9864917397499084,0.0003470904193818569
Test_1590,0.005512039177119732,0.9549270272254944,0.03687407821416855,0.00268692709505558
Test_1591,0.9553360342979431,0.03139691427350044,0.00485230190679431,0.008414681069552898
Test_1592,0.9579668045043945,0.0005749680567532778,0.00037934526335448027,0.04107886552810669
Test_1593,0.0017342562787234783,0.0011224200716242194,0.00015841081039980054,0.9969848990440369
Test_1594,0.0018552179681137204,0.00039492693031206727,0.0003686344134621322,0.9973811507225037
Test_1595,0.00755383912473917,0.9413186311721802,0.03904284909367561,0.01208474114537239
Test_1596,0.9972724318504333,0.0010206858860328794,0.0005309177213348448,0.0011758821783587337
Test_1597,5.329111809260212e-05,0.00042331471922807395,0.9994726777076721,5.072064959676936e-05
Test_1598,0.008329788222908974,0.9509519934654236,0.02478731796145439,0.0159309022128582
Test_1599,0.0011667138896882534,0.03295372053980827,0.9656965136528015,0.00018306726997252554
Test_1600,0.9954224228858948,0.000604161701630801,0.0003233144525438547,0.0036500785499811172
Test_1601,0.06112166866660118,0.019201835617423058,0.0004804092750418931,0.9191960692405701
Test_1602,0.9326976537704468,0.0436619333922863,0.014580338262021542,0.00906009878963232
Test_1603,0.000429589010309428,0.00010399456368759274,0.9994538426399231,1.2622397662198637e-05
Test_1604,1.696616345725488e-05,5.032227636547759e-05,0.9999319314956665,8.102305741886084e-07
Test_1605,0.003752433229237795,0.31641170382499695,0.01446010172367096,0.6653757691383362
Test_1606,0.0034159261267632246,0.8198950886726379,0.1751335859298706,0.0015555662102997303
Test_1607,0.8707126975059509,0.0011612734524533153,0.0003410005010664463,0.12778505682945251
Test_1608,0.006399086210876703,0.42038553953170776,0.5729182958602905,0.00029708677902817726
Test_1609,0.0032171374186873436,0.8672415614128113,0.12812301516532898,0.0014182720333337784
Test_1610,0.9975457787513733,0.0012539805611595511,0.0006677507772110403,0.0005325675010681152
Test_1611,0.003388774348422885,0.0016764382598921657,0.018585508689284325,0.9763492345809937
Test_1612,0.0012981650652363896,0.7564894556999207,0.24142220616340637,0.0007901255157776177
Test_1613,0.005810691509395838,0.9255947470664978,0.06648065894842148,0.0021139068994671106
Test_1614,0.004256750922650099,0.45318660140037537,0.5405863523483276,0.0019702869467437267
Test_1615,0.00013429269893094897,0.002433878369629383,0.000276014645351097,0.9971557855606079
Test_1616,0.0003387037431821227,0.002603642176836729,0.9970216155052185,3.602572905947454e-05
Test_1617,0.002993909176439047,0.3255234956741333,0.6675509810447693,0.003931525629013777
Test_1618,0.8093604445457458,0.022751260548830032,0.0038777729496359825,0.16401055455207825
Test_1619,0.03833168372511864,0.002513766987249255,8.565920870751143e-05,0.9590688347816467
Test_1620,7.740724868199322e-06,0.007785394322127104,0.9920079708099365,0.000198884736164473
Test_1621,0.023597419261932373,0.42160704731941223,0.0028098479378968477,0.5519856810569763
Test_1622,0.4776834547519684,0.00400907127186656,0.0006389046320691705,0.5176685452461243
Test_1623,0.017860835418105125,0.04791224002838135,0.0006853431113995612,0.9335415959358215
Test_1624,0.9979674220085144,0.0005863928236067295,0.0004667755856644362,0.0009793469216674566
Test_1625,0.00067474803654477,0.058531079441308975,0.9373682737350464,0.00342587404884398
Test_1626,0.0026927776634693146,0.006022000685334206,0.9912550449371338,3.0186192816472612e-05
Test_1627,0.00353662739507854,0.889983594417572,0.10439762473106384,0.0020820582285523415
Test_1628,0.0007199979736469686,0.022716809064149857,0.9746038317680359,0.001959447981789708
Test_1629,0.006334915291517973,0.036141287535429,0.00025824239128269255,0.9572655558586121
Test_1630,7.253543299157172e-05,2.274330472573638e-05,1.0906915122177452e-05,0.9998937845230103
Test_1631,9.497578867012635e-05,0.0028103040531277657,0.9970536231994629,4.1098581277765334e-05
Test_1632,0.00017518790264148265,0.008704430423676968,0.9910037517547607,0.00011663520854199305
Test_1633,3.914170520147309e-05,0.000894415657967329,0.9989610910415649,0.00010533596650930122
Test_1634,0.01492221187800169,0.9304155707359314,0.04898637533187866,0.005675960797816515
Test_1635,0.0017362424405291677,0.07179038971662521,0.9263126850128174,0.00016070967831183225
Test_1636,0.013071196153759956,0.8831720948219299,0.1012435033917427,0.0025131674483418465
Test_1637,0.0010729386704042554,0.0032252410892397165,0.9956342577934265,6.753348861820996e-05
Test_1638,0.9966880679130554,0.0008533787331543863,0.00046807853505015373,0.001990494318306446
Test_1639,0.0009518189472146332,0.0065677352249622345,0.0021046437323093414,0.990375816822052
Test_1640,0.9996182918548584,2.200382914452348e-05,7.03308469383046e-05,0.0002893329947255552
Test_1641,0.0007516024052165449,0.0016020145267248154,0.0005032325861975551,0.9971430897712708
Test_1642,0.9981119632720947,0.00035654185921885073,0.00022276164963841438,0.0013086885446682572
Test_1643,0.009423631243407726,0.764654815196991,0.22495222091674805,0.0009694219916127622
Test_1644,0.0048848288133740425,0.5734223127365112,0.4197547435760498,0.001938127912580967
Test_1645,2.6193823941866867e-05,0.007577985990792513,0.9922888875007629,0.00010688369366107509
Test_1646,0.004064576700329781,0.08663789927959442,0.9084437489509583,0.0008538438705727458
Test_1647,0.003276481758803129,0.0016566227423027158,0.9885691404342651,0.0064978147856891155
Test_1648,0.0015195695450529456,0.6584683060646057,0.33758431673049927,0.0024278992787003517
Test_1649,0.00026292024995200336,0.003547058440744877,0.996179461479187,1.0533552995184436e-05
Test_1650,0.005878299009054899,0.5733007192611694,0.4198600947856903,0.0009609131957404315
Test_1651,0.009304671548306942,0.0040581063367426395,0.02491980418562889,0.961717426776886
Test_1652,0.00022354211250785738,0.015148823149502277,0.9845431447029114,8.451219764538109e-05
Test_1653,0.0005995266255922616,0.2623542845249176,0.7356588840484619,0.0013872446725144982
Test_1654,0.0025050723925232887,0.5746480226516724,0.4184149503707886,0.00443191546946764
Test_1655,0.0011489973403513432,0.0011201603338122368,0.00020833559392485768,0.9975225329399109
Test_1656,9.476538252783939e-05,0.04899486526846886,0.9507389068603516,0.0001714904501568526
Test_1657,0.9911280870437622,0.0029043476097285748,0.0018590635154396296,0.004108375869691372
Test_1658,0.0028487835079431534,0.7001737952232361,0.2964620590209961,0.0005153371603228152
Test_1659,5.625155972666107e-05,0.011923751793801785,0.9878126978874207,0.00020731354015879333
Test_1660,0.0007042323122732341,0.007237933576107025,0.0002518180990591645,0.9918060302734375
Test_1661,0.007861576974391937,0.023308750241994858,0.9454392194747925,0.023390499874949455
Test_1662,0.9978085160255432,0.0009099191520363092,0.0002998106356244534,0.000981685589067638
Test_1663,0.00578670296818018,0.4029023051261902,0.5907440781593323,0.0005669230595231056
Test_1664,0.00192206387873739,0.0173917468637228,0.015917642042040825,0.9647685885429382
Test_1665,0.027398571372032166,0.7269836068153381,0.2408180981874466,0.004799681715667248
Test_1666,0.006965515669435263,0.23606450855731964,0.7504624724388123,0.006507507991045713
Test_1667,0.9989162683486938,0.0001628057361813262,6.278828368522227e-05,0.0008582218433730304
Test_1668,0.00015800991968717426,1.3801079148834106e-05,1.1892185511896969e-06,0.9998270869255066
Test_1669,0.0008419311488978565,0.632632851600647,0.36535993218421936,0.0011652538087219
Test_1670,0.000698246993124485,0.00836319848895073,0.0007886874373070896,0.9901498556137085
Test_1671,3.925300552509725e-05,0.016204796731472015,0.9836034774780273,0.0001525760890217498
Test_1672,0.005009490065276623,0.2935218811035156,0.0010221496922895312,0.7004464864730835
Test_1673,0.001134288846515119,0.007766407914459705,0.0002497841196600348,0.990849494934082
Test_1674,0.001796282478608191,0.014225580729544163,7.132573227863759e-05,0.9839067459106445
Test_1675,0.9952178001403809,0.0006257665809243917,0.003296877723187208,0.0008595003746449947
Test_1676,0.11994321644306183,0.7909709811210632,0.030061837285757065,0.05902392789721489
Test_1677,0.008926178328692913,0.006925824098289013,0.00023805454839020967,0.9839099645614624
Test_1678,7.274142262758687e-05,0.00782542023807764,0.9920525550842285,4.9280934035778046e-05
Test_1679,0.0015511744422838092,0.060771118849515915,0.0010249557672068477,0.9366527795791626
Test_1680,7.610768807353452e-05,0.0012662498047575355,3.262351583543932e-06,0.9986543655395508
Test_1681,0.004198458977043629,0.9364380240440369,0.020762166008353233,0.038601405918598175
Test_1682,0.0015943341422826052,0.43997278809547424,0.554399311542511,0.0040335445664823055
Test_1683,0.0004276244144421071,0.09678914397954941,0.9007361531257629,0.0020470989402383566
Test_1684,0.9817219376564026,0.0064888871274888515,0.0024057694245129824,0.009383423253893852
Test_1685,0.9951466917991638,0.002412620233371854,0.0005841816309839487,0.001856625429354608
Test_1686,0.9534090757369995,0.0071821971796453,0.000728946877643466,0.038679685443639755
Test_1687,0.017101576551795006,0.9294692873954773,0.045283377170562744,0.008145785890519619
Test_1688,3.2366315281251445e-05,0.00014874582120683044,0.9998149275779724,3.948055109503912e-06
Test_1689,0.95377117395401,0.03251475468277931,0.008766806684434414,0.004947190638631582
Test_1690,0.02280190773308277,0.012174353003501892,0.0011338657932356,0.9638898372650146
Test_1691,0.010839711874723434,0.6402924656867981,0.004329479765146971,0.3445383906364441
Test_1692,0.0015624102670699358,0.21457438170909882,0.783722996711731,0.0001402281632181257
Test_1693,0.0010182794649153948,0.008489366620779037,0.000651434704195708,0.9898409247398376
Test_1694,0.0025322078727185726,0.20669353008270264,0.7846565842628479,0.006117692682892084
Test_1695,0.00022965154494158924,0.002877487102523446,0.9967711567878723,0.00012173251889180392
Test_1696,0.0028223295230418444,0.430509090423584,0.012075543403625488,0.5545931458473206
Test_1697,0.0005069501930847764,0.0016991363372653723,0.9977431297302246,5.078371032141149e-05
Test_1698,0.010295080952346325,0.06511474400758743,0.8885263800621033,0.03606369346380234
Test_1699,0.006069987080991268,0.0012092989636585116,2.674598181329202e-05,0.9926939010620117
Test_1700,0.998661994934082,0.00031347558251582086,0.0003822756989393383,0.0006422805599868298
Test_1701,0.011248065158724785,0.7187354564666748,0.26843786239624023,0.0015786797739565372
Test_1702,0.0006531550316140056,0.41603884100914,0.5773197412490845,0.005988305434584618
Test_1703,0.007460441440343857,0.3517838716506958,0.6368535757064819,0.0039021549746394157
Test_1704,0.9932483434677124,0.002835934516042471,0.000794685329310596,0.0031210652086883783
Test_1705,0.002121544210240245,0.06769239157438278,0.9300126433372498,0.00017339762416668236
Test_1706,0.008802542462944984,0.11233992129564285,0.00327098835259676,0.8755865693092346
Test_1707,0.00535672577098012,0.36025699973106384,0.6315903067588806,0.002796053420752287
Test_1708,0.000985348247922957,0.66450434923172,0.33258044719696045,0.001929808990098536
Test_1709,0.002336368663236499,0.8154736757278442,0.18016041815280914,0.002029481576755643
Test_1710,2.0113458958803676e-05,2.3314138161367737e-05,0.9999426603317261,1.3971396583656315e-05
Test_1711,0.30164453387260437,0.14169886708259583,0.2585873305797577,0.2980692386627197
Test_1712,0.00010438250319566578,0.0239405520260334,0.9759443998336792,1.0647603630786762e-05
Test_1713,7.984289550222456e-05,0.0017558764666318893,0.9974473714828491,0.000716934388037771
Test_1714,0.003965130541473627,0.8496423363685608,0.0418245904147625,0.10456790775060654
Test_1715,0.001376040163449943,0.0002758022164925933,3.9547725464217365e-05,0.9983086585998535
Test_1716,0.9786746501922607,0.0011245922651141882,0.00033796695061028004,0.019862784072756767
Test_1717,6.130330439191312e-05,0.008002495393157005,0.0006757452501915395,0.9912604689598083
Test_1718,0.9892995357513428,0.00429615518078208,0.0028486468363553286,0.003555579809471965
Test_1719,0.0005069940234534442,0.00587870180606842,0.9932849407196045,0.00032937884679995477
Test_1720,0.00017185027536470443,0.0004065886605530977,0.9994090795516968,1.2465007785067428e-05
Test_1721,0.012094139121472836,0.007830965332686901,0.9798598885536194,0.00021500771981664002
Test_1722,0.00024413004575762898,0.025588344782590866,0.9741200804710388,4.735227776109241e-05
Test_1723,0.005476505029946566,0.19498905539512634,0.776617705821991,0.022916728630661964
Test_1724,0.0002256822190247476,0.0026339255273342133,0.9969648718833923,0.00017552261124365032
Test_1725,0.0006532862316817045,0.09498143196105957,0.9020686745643616,0.002296599792316556
Test_1726,0.016979830339550972,0.0784817710518837,0.006216237787157297,0.8983221650123596
Test_1727,0.9990410208702087,7.548012945335358e-05,0.0001637693349039182,0.0007197462255135179
Test_1728,0.07833355665206909,0.8477653861045837,0.06466903537511826,0.00923191849142313
Test_1729,1.9334391254233196e-05,0.0005460343672893941,0.9991604089736938,0.0002742223732639104
Test_1730,0.9917578101158142,0.004096780903637409,0.0021470715291798115,0.001998291816562414
Test_1731,0.0005499835242517292,0.03845568746328354,0.9609476923942566,4.665622327593155e-05
Test_1732,0.00020907216821797192,0.0040029240772128105,0.9957335591316223,5.4457825171994045e-05
Test_1733,0.1254621297121048,0.5320641994476318,0.014667460694909096,0.3278062045574188
Test_1734,0.0016148268477991223,0.5462647080421448,0.4502248764038086,0.0018955778796225786
Test_1735,4.4583750423043966e-05,0.0005531836650334299,0.9993923902511597,9.919312105921563e-06
Test_1736,2.542715628806036e-05,0.0009784180438145995,0.9981535077095032,0.0008426298154518008
Test_1737,0.006464109290391207,0.03241351991891861,0.009931664913892746,0.951190710067749
Test_1738,0.0034072441048920155,0.0005615964764729142,7.70356291468488e-06,0.996023416519165
Test_1739,0.0001885604579001665,0.0010373229160904884,0.9986780285835266,9.601700730854645e-05
Test_1740,0.0013387809740379453,0.18068774044513702,0.8170301914215088,0.0009432660881429911
Test_1741,0.014705073088407516,0.010563804768025875,0.006252985447645187,0.9684781432151794
Test_1742,7.475727761629969e-05,0.03108294866979122,0.9676231741905212,0.0012191745918244123
Test_1743,0.0026578460820019245,0.17426276206970215,0.8226959705352783,0.0003834454983007163
Test_1744,0.0002627369831316173,0.0009817099198698997,0.9981763362884521,0.0005792859592474997
Test_1745,0.0001592253684066236,4.9378853873349726e-05,0.9997422099113464,4.9234538892051205e-05
Test_1746,0.017247747629880905,0.8853163719177246,0.0937274917960167,0.003708392381668091
Test_1747,0.10554283112287521,0.001128005562350154,0.0009644929668866098,0.8923646807670593
Test_1748,0.006107972003519535,0.8443016409873962,0.14840009808540344,0.001190304639749229
Test_1749,0.002028626622632146,0.36335453391075134,0.6343311071395874,0.0002857702493201941
Test_1750,0.0026970801409333944,0.0026192753575742245,0.0008912974153645337,0.9937923550605774
Test_1751,0.00413234019652009,0.0007295258692465723,0.00037131007411517203,0.9947668313980103
Test_1752,0.9681088328361511,0.004338615573942661,0.0013405212666839361,0.026211965829133987
Test_1753,0.9965254664421082,0.0015082807512953877,0.0007963490788824856,0.0011699345195665956
Test_1754,0.9908896088600159,0.0023346387315541506,0.0039242408238351345,0.0028514887671917677
Test_1755,0.0029801346827298403,0.7160134315490723,0.2797658443450928,0.0012406616006046534
Test_1756,0.0017731058178469539,0.714788019657135,0.281468003988266,0.0019707921892404556
Test_1757,0.2797764837741852,0.0011718901805579662,2.3283446353161708e-05,0.7190284132957458
Test_1758,0.995945155620575,0.0007576349307782948,0.0004994278424419463,0.0027977849822491407
Test_1759,0.0018860776908695698,0.0030942424200475216,0.0028430253732949495,0.9921767115592957
Test_1760,0.002141571370884776,0.773009181022644,0.22055120766162872,0.004298043437302113
Test_1761,0.9920877814292908,0.002374925883486867,0.00048682678607292473,0.00505050690844655
Test_1762,0.01915358565747738,0.005019566975533962,0.0027547101490199566,0.9730721712112427
Test_1763,5.043850978836417e-05,0.005262160208076239,0.994599461555481,8.802590309642255e-05
Test_1764,4.1280261939391494e-05,0.0003988261742051691,0.9995366334915161,2.322854197700508e-05
Test_1765,0.7791742086410522,0.023501096293330193,0.00042994823888875544,0.1968948394060135
Test_1766,0.9075378179550171,0.024076567962765694,0.0037185046821832657,0.06466710567474365
Test_1767,0.00020007044076919556,0.001537545002065599,0.9982380867004395,2.4280001525767148e-05
Test_1768,0.0003557325981091708,0.006377831567078829,0.9932041168212891,6.229292193893343e-05
Test_1769,0.9989457726478577,0.00012547173537313938,6.257827044464648e-05,0.0008662150939926505
Test_1770,0.0006777684902772307,0.005454809870570898,9.070971282199025e-05,0.9937766790390015
Test_1771,0.00453107338398695,0.5285777449607849,0.46587637066841125,0.0010147530119866133
Test_1772,0.0005821872036904097,0.6111318469047546,0.3878623843193054,0.00042353765456937253
Test_1773,0.004186281003057957,0.824449896812439,0.011172628030180931,0.16019117832183838
Test_1774,0.9992432594299316,7.38929957151413e-05,0.00015958132280502468,0.0005232959520071745
Test_1775,3.782688145292923e-05,0.005756231490522623,0.9932383298873901,0.0009676060872152448
Test_1776,0.005740503780543804,0.027197640389204025,0.012583550065755844,0.9544782638549805
Test_1777,0.0002613307151477784,0.04530128091573715,0.9541134238243103,0.00032393523724749684
Test_1778,0.9991010427474976,0.00022900835028849542,6.0397465858841315e-05,0.0006095331045798957
Test_1779,0.0022556157782673836,0.7001630067825317,0.2962663769721985,0.0013151157181710005
Test_1780,0.017237182706594467,0.7966282963752747,0.1842057853937149,0.0019287754548713565
Test_1781,0.008747403509914875,0.8640292882919312,0.12556351721286774,0.00165973836556077
Test_1782,0.000341928331181407,0.5271780490875244,0.4701593518257141,0.0023207194171845913
Test_1783,0.0009298609802499413,0.18678292632102966,0.8038904666900635,0.008396713994443417
Test_1784,0.0007450209814123809,0.030251290649175644,0.9689187407493591,8.4919054643251e-05
Test_1785,0.004709979519248009,0.0023258535657078028,0.00207246420904994,0.9908917546272278
Test_1786,0.9709803462028503,0.014455165714025497,0.0025052230339497328,0.012059241533279419
Test_1787,0.03152218461036682,0.005307032726705074,0.00018852368521038443,0.9629822969436646
Test_1788,0.9968131184577942,0.0008523819851689041,0.00018986348004546016,0.002144575584679842
Test_1789,0.9962607026100159,0.0005953918443992734,0.0003438543062657118,0.0028000464662909508
Test_1790,0.9727001786231995,0.017011001706123352,0.002636819379404187,0.007651940453797579
Test_1791,0.9985085129737854,0.0001880334020825103,0.00013092391600366682,0.0011724232463166118
Test_1792,0.0011361766373738647,0.012806018814444542,0.9854485392570496,0.0006092152907513082
Test_1793,0.0003252002352382988,0.009786437265574932,0.9897223114967346,0.00016613119805697352
Test_1794,0.00026863362290896475,0.00031951325945556164,0.9993870258331299,2.4800927349133417e-05
Test_1795,0.9387897849082947,0.008725940249860287,0.007300829514861107,0.0451834611594677
Test_1796,0.0013866922818124294,0.4978552460670471,0.49947643280029297,0.0012815850786864758
Test_1797,0.0006321849650703371,0.1939423382282257,0.7972357869148254,0.008189731277525425
Test_1798,0.9927442073822021,0.004090806934982538,0.0011838051723316312,0.0019812032114714384
Test_1799,0.0001262788282474503,0.00041656458051875234,0.00013578862126450986,0.9993213415145874
Test_1800,0.9964486360549927,0.00020391428552102298,0.0002780736540444195,0.00306935072876513
Test_1801,0.03695715218782425,0.8647847771644592,0.09026132524013519,0.007996768690645695
Test_1802,0.00011591574730118737,0.002771376632153988,0.9971049427986145,7.683290277782362e-06
Test_1803,0.0021435993257910013,0.3254711627960205,0.660209596157074,0.012175592593848705
Test_1804,0.0006676398334093392,0.02356831170618534,0.9755355715751648,0.00022851188259664923
Test_1805,0.9979324340820312,0.0004090523289050907,0.00030414166394621134,0.0013544124085456133
Test_1806,0.0009232230950146914,0.009748687967658043,4.3095180444652215e-05,0.9892849326133728
Test_1807,0.7507797479629517,0.010811464861035347,0.004870491102337837,0.2335381805896759
Test_1808,0.0017269543604925275,0.0002793057938106358,3.661453774839174e-06,0.9979901313781738
Test_1809,0.9991846680641174,0.0002944335574284196,0.00014224534970708191,0.0003786633023992181
Test_1810,0.00686613516882062,0.7988538146018982,0.19178394973278046,0.002496076514944434
Test_1811,0.3687552213668823,0.007782728411257267,0.00462582940235734,0.6188362240791321
Test_1812,6.55421317787841e-05,0.002077143406495452,0.9978193044662476,3.8097106880741194e-05
Test_1813,0.0024676809553056955,0.007954764179885387,0.0007531777955591679,0.9888244271278381
Test_1814,0.011119355447590351,0.552107572555542,0.436077356338501,0.0006956941215321422
Test_1815,2.4305751139763743e-05,0.0004465986567083746,0.9994434714317322,8.564392192056403e-05
Test_1816,2.0319243049016222e-05,0.002270469907671213,0.9976486563682556,6.057140853954479e-05
Test_1817,0.005268238950520754,0.5507310628890991,0.007940258830785751,0.43606045842170715
Test_1818,0.0009363135905005038,0.07043632119894028,0.9285501837730408,7.712014485150576e-05
Test_1819,0.9946568012237549,0.0014048119774088264,0.0004774741246365011,0.003460855456069112
Test_1820,0.002758986549451947,0.09075427055358887,0.00084244942991063,0.9056442975997925
