id,has_cactus
000940378805c44108d287872b2f04ce.jpg,0.9813793897628784
0017242f54ececa4512b4d7937d1e21e.jpg,0.9999265670776367
001ee6d8564003107853118ab87df407.jpg,0.09047499299049377
002e175c3c1e060769475f52182583d0.jpg,0.10215909034013748
0036e44a7e8f7218e9bc7bf8137e4943.jpg,0.8743961453437805
0038ed6f7417b8275b393307f66cb1e3.jpg,0.9970974922180176
0059dfa41de4441fc23b9a4b98ba99cb.jpg,0.9984837174415588
0061bd302d735db829418cb90b4e6040.jpg,0.999521017074585
00754573d8c7223e73da553dd43780bd.jpg,0.9958273768424988
008d9fce71c8e03a4c9cdd15ea908573.jpg,0.02403496764600277
00a36d4d6d152404670276fc983273bc.jpg,0.9936809539794922
00b706122b87e0fa275ff59e39d4d94b.jpg,0.9998742341995239
00c054da839d5518e59790f7d867f317.jpg,0.9997641444206238
00c88441b0510cdb3a6e9b3fa7b632af.jpg,0.9587619304656982
00e1e29865202c8ca715b0f14848d577.jpg,0.07773660868406296
00e20b0e6d779e7c36cea29710eed88e.jpg,0.9601738452911377
00feb0be23ac80f397a55b0ed8502def.jpg,0.9994649291038513
01185a1a81bb8041fa5e9c9ada9374eb.jpg,0.9997848868370056
0124398c0fcf6d1c92d9800337636b4e.jpg,0.9998088479042053
0127044dfc88dfaed0118c8764909800.jpg,0.3246605098247528
012c260033e652ab9690ea4bb3f63483.jpg,0.9999854564666748
0145b0da83f36fcfe1a1309355154c9f.jpg,0.03669188916683197
01723d584648a9c88704625121443d46.jpg,0.9998254179954529
017396273d436137bbecaeb650dca415.jpg,0.07376078516244888
0188f5ba08afcb5fa036a8c48aff1d1a.jpg,0.9167525172233582
01a840130560403d291c6b7cb3ed6cf3.jpg,0.144148051738739
01b73e88077f801b357064e7dd914db6.jpg,0.9989207983016968
01c77430f6e5062bfde2427cdd312a39.jpg,0.9988808035850525
01cd51bb115fe5c0c37acd8d8800613e.jpg,0.9959787130355835
01e890418e216253bf5339ee4c96b65e.jpg,0.6885014772415161
020585f52ae099cea100b6e302697dd5.jpg,0.7023215889930725
02203be3c4fce1e83c3fa6693c0dea39.jpg,0.9962957501411438
022092850a5d17c77ccfab20e8ceb651.jpg,0.9991047978401184
024b35ae8ae64039f3d5fcda7886e1cc.jpg,0.9986568689346313
025b80775bc9773d352b22f72903c528.jpg,0.9904652833938599
0265d36392efd03a0f0843b8f82d7d92.jpg,0.21522563695907593
027e9a2a129836fc0e4f50a2e1f37fa1.jpg,0.9912099838256836
028aea34ccc8169bd662c740c5ac3799.jpg,0.08712846040725708
028c67154cbac90ff396f41aebe58656.jpg,0.7024228572845459
0296bb22541623c8775e6629a9405afd.jpg,0.9481453895568848
02a677f6390cd9084c60b29ec061e940.jpg,0.9947853684425354
02b072147b3c4c01b823a760366616be.jpg,0.9937693476676941
02b422f16c6707a0289acbf6201496ea.jpg,0.011322376318275928
02b6bf84b395ab828e103e5f989699f8.jpg,0.024022623896598816
02bcf5298914cffa4229ffa04a73543c.jpg,0.9983578324317932
02e8d60f2699f2fbf1611edbe1657c10.jpg,0.957012414932251
02f33fce768ce764cea1a14c5ef0fe1b.jpg,0.774019181728363
02f82b5e7a3db0c30bec14dad642c518.jpg,0.7912454009056091
02f8f294a8e0480b08495dee1760d86c.jpg,0.9981581568717957
034bcb31a837f4656e7156d916a02bb6.jpg,0.08433656394481659
03575f3071e381afa7ce6cee4aed9193.jpg,0.9059275388717651
03622becbeb1bf30439384a37d4a7e15.jpg,0.5525972843170166
036842555ac420b9a7bd025db396e525.jpg,0.2826036810874939
036feabe3bb928071be0308c61f387f3.jpg,0.22055001556873322
03756802e560a1b757d2748233489774.jpg,0.9395686388015747
03854bb8a431afcc9995d639d7761055.jpg,0.9681633710861206
03957d7c5d8f1bf776f64b41c862a0d5.jpg,0.9626615643501282
03a4b8b68f32ba8d5d4e43f011d8db09.jpg,0.9973050355911255
03ac37b4c306cac6cdd8ccdf3e8f06f2.jpg,0.9976832866668701
03afce70cb5d2165b4258b8171c69601.jpg,0.022741790860891342
03b0cb77e214caa4f3b4ac543a4ae54b.jpg,0.9984490871429443
03d078b619c5236814070e7df7875cb9.jpg,0.9999713897705078
03d6ce2cd6f36bcca7a90d37c2de45d9.jpg,0.02207210101187229
03db9a9c4b36dd6227419d625d5b4e1a.jpg,0.6137574315071106
03e480f4743ad87397ea0a3736630e82.jpg,0.9999620914459229
03e9c53a1e7aba85b2f5938da9022da5.jpg,0.9681086540222168
03f4e80f5d9f88e1c76ecb2772bbe5a3.jpg,0.018378600478172302
03fc8ca7431be41f5cc03a62e85c251a.jpg,0.9722080826759338
0432589fff3b56bf4f0075189aefa476.jpg,0.4451732635498047
043ed19696749350bdf9098f918ce5a0.jpg,0.8457399010658264
04423d3a0fba5f4d4c7ccec61dc2c9d0.jpg,0.3325182795524597
0445f75e7f6d734236d68c5bc9051a14.jpg,0.5349883437156677
046b06976ba3fe43daae25d229eab22a.jpg,0.2411644160747528
048bc3a4829535dc759d3b89f60b0b88.jpg,0.9981545805931091
0492a1611ec3664f9d80319792b533af.jpg,0.18799492716789246
049e4abea9773b7d9cb539bc62b4e4df.jpg,0.16295285522937775
04d0ffcd2d99312fd51f85c411e5f5d2.jpg,0.998241662979126
04e47e82a467591afc298d227a872e9e.jpg,0.9999947547912598
04e9ddb36fe829e827259a9beb4250a1.jpg,0.7923088669776917
04f2a3913ab0fa5fd403ac15ac49e7f6.jpg,0.01855297014117241
04fa16ec7d3b4e81a5e278879cdda7ba.jpg,0.9872574210166931
050633c9a9ad4a5b730a4d5cfba19025.jpg,0.9896323680877686
0519c9212dd4491f3a33b72636ed6183.jpg,0.9989213943481445
051d0b6becb641f28c99c7d9b9cc8bd8.jpg,0.03417588397860527
055554615c304e99068467f0e36679e8.jpg,0.0554053857922554
0560f63a33a97a3967fac97a01969182.jpg,0.5796681642532349
05738a763b54b164019a62be99739702.jpg,0.7308272123336792
0577d05a6aa720692e6ead896b551fd0.jpg,0.9983000159263611
0586a34142263da34922b13a703eb52a.jpg,0.10865408927202225
05928ee4e2459f2c932b338c98e91c32.jpg,0.9999951124191284
05934c45ba46d7bcfe91dd05bb9b82f0.jpg,0.6011749505996704
059788b1914ad403796c3d75554f7ee3.jpg,0.997803270816803
059914df69aeaf0fac7ea57220894e8c.jpg,0.9998952150344849
059e0522d68f1bd3488a653b534f51c8.jpg,0.974381148815155
05a369203eeb69617545278b3cc64119.jpg,0.999969482421875
05b42374f4599cfc777c68c05d24db77.jpg,0.02744232304394245
05b7993476c511c8aaea6d722ea59bc8.jpg,0.9997814297676086
05bd4163d43878eb44cb966f17306535.jpg,0.9955767393112183
05c146a38b4f7c577df5166d299d0dff.jpg,0.9999854564666748
05cbe04c15b1615a296efff927d9149c.jpg,0.9811986684799194
05d69374ebd12d9ebf8d5c276f99ebff.jpg,0.9998239874839783
0602b2f8462b813fdea5a3bd92c757d9.jpg,0.998043417930603
06071864941ccb764000b2f5aa89b810.jpg,0.9876262545585632
061bb879b6f73d78c04f0e4d1ee6a05b.jpg,1.0
06239d64aaffb03fbbf00571ab78148f.jpg,0.3117997646331787
0649e2ff53adfadc77e4fbe8629f83f4.jpg,0.9993419051170349
064b914172fdbee3b8b353cb6c5c744b.jpg,0.9813871383666992
0656941d22250281dc613b2e6a136d9a.jpg,0.04386557266116142
066319cac9062fd55fe45ab363c399c2.jpg,0.45286157727241516
067b86e32c0fa9ee03f2fc86c84cd8a1.jpg,0.9994732737541199
068113366978de68298280d5c5708616.jpg,0.9874668717384338
06815054ba3bf0d41338ba73ac8baf78.jpg,0.9856672883033752
0685ea9f53d3413582687efcdd3a9186.jpg,0.7328214049339294
06886aa66c8a4dc752f1d5dc6a96de33.jpg,0.9850598573684692
06d0aecf78978460883a028fa5bd8b8a.jpg,0.8446832299232483
06e393e669d7651e2d93559ca0936305.jpg,0.9997585415840149
06e82992082a45e2e75f9df4d3a78e47.jpg,0.9931886196136475
07009123ba9a20fd6cfefd04d5984d9e.jpg,0.9998142123222351
0720dcee795cbeca9c138f207eeacf70.jpg,0.9992139339447021
073a5ef364439b1cf14206e92fa4f5b9.jpg,0.9942175149917603
075d6b125e5044c6ce9c0c7c4920dedc.jpg,0.7354456782341003
0761683dcd4465630d021224b87f31f9.jpg,0.999218225479126
077a5f77eb841e7ff04eb6845810049a.jpg,0.9688737988471985
078cfa09790c5c6abe370153b8d5986a.jpg,0.9990934133529663
078cfa961183b30693ea2f13f5ff6d17.jpg,0.9436622262001038
0791ef73a3feda032feb80671538e08d.jpg,0.9884125590324402
0796a6be4381d5dbca018498182db6c6.jpg,0.6085273623466492
0797c16631b848d06f9f73d43ec1eaf0.jpg,0.03539497032761574
07a16de5fbdbe032e5f1e6193ea24719.jpg,0.9994460940361023
07c8766aae7d1212948d9ed317f444f7.jpg,0.998276948928833
07c87fc9b21e815f484542fbb13c1b58.jpg,0.7815609574317932
07cbfcba07181624658afd9e6d8f4a93.jpg,0.9622047543525696
07de7a6ad02645c6394c2ab529752bbb.jpg,0.9996386766433716
07ee541d41dcafd82e4560cff7f2883e.jpg,0.9998151659965515
0809f8c8574f2d998b98df97bf634047.jpg,0.9450270533561707
0846e347b0997c9db406050f15ef9a15.jpg,0.9705473780632019
08543da5adcea494678f5e595be4e13d.jpg,0.0490732379257679
085fe0fb3b4e8e5a291812fbdb435b0b.jpg,0.9963971972465515
086b3065bc9befb2f57a521aa35aea9d.jpg,0.9995341300964355
087dd353ee30f1e7e779208dcbfc99a9.jpg,0.9496620297431946
08b0c90077758b084b1512b8dc556525.jpg,0.9968546032905579
08b37d13f96b2348d2cbdd8eb07c89cb.jpg,0.4680715799331665
08c32fa8fde8e13dd02af3521d516f3d.jpg,0.8611891269683838
08c7f0b9cad9cf66fdf2edc2cf45fc4c.jpg,0.9960021376609802
08c8416078aed28a2eeb83a1d6945485.jpg,0.9474196434020996
08d155d29f7efbdecaf6fbcc1f187a37.jpg,0.9999905824661255
08d5a4ccb5dab8e3d104b093b08c93dd.jpg,0.9929618239402771
08d89232a85c5065636d9b36d5d9bf82.jpg,0.06372205168008804
08d9a50946a5632cdcd99d824ae419b2.jpg,0.9999872446060181
08f775b789e21a448330e9f931dde1c1.jpg,0.9888170957565308
090f590c0a0345e8585cf8d828bae73b.jpg,0.9999997615814209
0914192a1fa53abea9d9936b4ce9dbd6.jpg,0.9999173879623413
0937ae7faa1b2d053613eae411fa7fbf.jpg,0.01847842149436474
093a318e466717b9fcb6f63508388662.jpg,0.7989212870597839
09572d52c774abac90b05aaf14d4ab27.jpg,0.730457067489624
095f9f65651423d011bede649bb7ea2b.jpg,0.9962635636329651
096a9e321a724871569bae7c9f7351f3.jpg,0.9917007088661194
097f7c787898d0d9b166e77853c0dda7.jpg,0.9999901056289673
098d560c0ace1f7e6784318c56ee9465.jpg,0.9280641078948975
0991b3c571f4572ca87c18496aa82ad9.jpg,0.9671933054924011
0991e46e00d2e7e64411e38456e853d0.jpg,0.9999368190765381
09c68a010e5ab692104dda9d69166395.jpg,0.9983454942703247
09d0d7fcfc104dd01e144e09e33556be.jpg,0.9922037124633789
09d14fdb544b681ab3d819135b09363f.jpg,0.9825918674468994
09d5cabfe116f5ddaea078dd68552ab4.jpg,0.9999996423721313
09d89202b5f3275e172d63cf0eec6344.jpg,0.9153258204460144
09de3bfdf500badf7ddf1c5ea1a3b3bd.jpg,0.06450793147087097
09dea3abe657b932961bcb5b6f3a83b6.jpg,0.9996805191040039
09f21420b48e86f322177376110c12b0.jpg,0.048527564853429794
0a1694aa96920457c6a6ff323e40bfc6.jpg,0.9423296451568604
0a2339bcf84c99c90c95ff956f9245b4.jpg,0.14427293837070465
0a41155c36abac866e31a298080e74bb.jpg,0.9996335506439209
0a68fc206662e68bcfd03dffdabcdc09.jpg,0.5489285588264465
0a749eaf40001beb95cd2f8e497bcc09.jpg,0.9358521699905396
0ad9033fc4337dc053a9da3e8f19df2b.jpg,0.9619794487953186
0ade372540173b16dce90f598e869d82.jpg,0.9993177652359009
0adfd462b6e42030a87c90e5bf59dff7.jpg,0.9417096376419067
0ae4a4f2de9e778085ef0e338ac5694b.jpg,0.9999614953994751
0aeabec18c4627d188350be49d81a74e.jpg,0.9998775720596313
0aece062fb42bf8ec8f83b8e89107a31.jpg,0.38541677594184875
0afa30abb346650ddcca1417422693c5.jpg,0.09763557463884354
0afb5d4940b8b1924249f732aa092edf.jpg,0.8315944075584412
0affc5a524e2f312b98a00d6719b7816.jpg,0.9999887943267822
0b17b46c02e0ff3b5546212810e46c43.jpg,0.9098219871520996
0b300b1b113a2a0880226d747128bd83.jpg,0.9997381567955017
0b3be1d34619f52941f399d18bb53e97.jpg,0.9976340532302856
0b565f409c0f9ffa469495155477a549.jpg,0.9896997809410095
0b57f6637ced6b6f6f929e6f278c19f7.jpg,0.22662471234798431
0b70a88e1b181ffd4d3f50ada7720dd5.jpg,0.998428463935852
0b70e81726623798152473028802632d.jpg,0.9921860694885254
0baffceac32daa086f3041ef41b8697b.jpg,0.9998902082443237
0bd6a9bf6448f1b47b2d5e1697963d37.jpg,0.6276599764823914
0bd769edb5183c0e5d0ad43fb2fa8377.jpg,0.010686434805393219
0bdbfe35d08227530fa38432b463235e.jpg,0.8824625611305237
0bfd4a06fe52081e07e03239ff9e7452.jpg,0.1743401288986206
0c09d33dfbd34524d462326569664144.jpg,0.9744017124176025
0c24edf97c7b40be9410ac240973c234.jpg,0.772591769695282
0c4683f4fb405b263b731d8206529bd9.jpg,0.9198964238166809
0c5eb792c7c64b8dd60903a8899220b6.jpg,0.9987735152244568
0c6708d3ec243b1dd1c560fd6ebe61f1.jpg,0.9999922513961792
0c8b37ee4244dc3199228255f3376a81.jpg,0.9202654361724854
0c9b27d310777093bd59c84007cf5891.jpg,0.9999997615814209
0caf7127ee9fefa9e03a990667627a98.jpg,0.011108730919659138
0cbbce0b5e86c310f8eb82ba4a17a000.jpg,0.9992765784263611
0cd98f5b5e79fbdebe78782b19c836c7.jpg,0.6874675750732422
0ce171e24180a4a31554888af484da9b.jpg,0.9436482191085815
0cedcab452db59c180972625972aff70.jpg,0.9975676536560059
0cf1c80542c426e26487a3a1a3ca396d.jpg,0.9993439316749573
0d0685fe517fd9d55688022b7ff258ba.jpg,0.9999974966049194
0d2d570d0bbe7d57bbfcb7e9f0102fa0.jpg,0.02565046399831772
0d7b6f8a7767be21cbf67a5b097690f9.jpg,0.011610360816121101
0d805ae0123ba777638fc74c0490b518.jpg,0.9833101630210876
0d83b728a16400b9959f6c4bc9e51f9e.jpg,0.29694536328315735
0d83e5b47251a2f2db298d77a4b25130.jpg,0.11475608497858047
0d9264ab938a9531d6163a4d008a2433.jpg,0.999670147895813
0d93d06f9d1efa11491bca7c37f52963.jpg,0.9995542168617249
0d9ca4c815118a6864775cabbdfc3b37.jpg,0.9958534240722656
0dc64497365360f378cdc30070d3f504.jpg,0.8602038621902466
0dcf5447d1b12727e15d12f1c099c312.jpg,0.9964816570281982
0df5a3911cdca6dd41e92a32854b4bac.jpg,0.8593772053718567
0dfb2445e4db3fecd548c78525858336.jpg,0.9986912608146667
0e0b288e65f3f827789870ab83c3ec45.jpg,0.9944668412208557
0e20f1121141845a5c443ad8480c298b.jpg,0.10416685044765472
0e3e1207a92f67ab800c0d763d0a33cb.jpg,0.9999384880065918
0e4fdfa0d3082f014bfa1fe3476843c6.jpg,0.9996718168258667
0e59ab4720b6dced259934d9a3aa3a0d.jpg,0.9681301712989807
0e5f8b28fa36f3d83b8d1a2d67a72087.jpg,0.2720807194709778
0e61bd92675f1840076366c84dde7c4b.jpg,0.9919277429580688
0e7a7ad823380b9561294500e76eb161.jpg,0.9999810457229614
0e7be7f706f22a721a83f55a00ad052b.jpg,0.9999027252197266
0e85bbb9a4714c7890974267a17d71ce.jpg,0.10476529598236084
0ebe46f55b7b9afd3e9901d0bafeba42.jpg,0.9978378415107727
0ed10aacf2352273d96a7890d1e006f4.jpg,0.017697162926197052
0edabee75d2f2ed2df5041b4acb3329c.jpg,0.006929559167474508
0edebe53f0f4419292db69d649bdfa4a.jpg,0.012212422676384449
0eebe9d69a05b3a7f00d701dc67cf71d.jpg,0.9751233458518982
0ef11b21e60b91a7f85b8b7bbc978e4c.jpg,0.9997732043266296
0efc14a5943bc90ade779bc2a72756f6.jpg,0.9993360638618469
0f009b8cafd6187ac665ff8ec81377c5.jpg,0.9997802376747131
0f021ddbd331a5c504c9c14277505a09.jpg,0.2520533800125122
0f256c3273082aac6589acda7a167961.jpg,0.986646294593811
0f3295196c41e09a2f69574ca4086cee.jpg,0.9999783039093018
0f4b2450afb848415bb68811564fc402.jpg,0.999285876750946
0f6ce8c5102fbc8419f2a2b98807fd48.jpg,0.02859184518456459
0f7621deb8411129970249ecd38a37c3.jpg,0.9989157915115356
0f778776bd02607ceeedfe3848cd4472.jpg,0.9973004460334778
0f8fcfddc91afa2f7555cd608b3668ec.jpg,0.992152988910675
0f9c49cff72c20f208f58f71195fb6b6.jpg,0.9988456964492798
0fd36d98e221c2f117d46ea6ab813500.jpg,0.9933007955551147
0fd60470c4ad03eef4fa01198fdac428.jpg,0.9999878406524658
0fdb248796a70831e455230dfc3fc56c.jpg,0.9280108213424683
0fe6749913fdfa47ef6ac143d8d94563.jpg,0.9657156467437744
0ffe72f82e16096f78d8b97c5ba5e2de.jpg,0.9543744921684265
10088da45339d189c6619b8d9306e82c.jpg,0.32488036155700684
10113e80b71449551f5c414925fb6b99.jpg,0.997470498085022
1011fa6cac4bdeac1ff8ad92fdb45455.jpg,0.9974011182785034
1021509e308bf12f71a01cac2ddca97f.jpg,0.9954028129577637
102f78f2df21c038d1e7b7c1a8fd662e.jpg,0.9217632412910461
1030282effc065df8ec10531ce9580bd.jpg,0.9800990223884583
1033ba1334a5552077236f240c35ded0.jpg,0.9999433755874634
10350c288a91d53ef6ed768cd21c8fa9.jpg,0.9999427795410156
103e8d13c298eac1ca1ee66fd4d7c9ab.jpg,0.9977474808692932
1054a00ad5644ae202bef232e310432b.jpg,0.9652400612831116
106f89741e7a2f779d1ddc6c2bd788bf.jpg,0.9999731779098511
1072f2000b5d6f70ae659f5ec8216922.jpg,0.9983693957328796
1073168af1ecb0ad22498b6260015ff2.jpg,0.5475077629089355
1073dc9ff5136ae80034d1771104eedd.jpg,0.023188775405287743
1078fdd4305918de49572baefedf2dab.jpg,0.03134378045797348
1081f491f62455e2f92d88d5c51abd1b.jpg,0.9880639910697937
1092666e6b622bd922407f8866d1a970.jpg,0.9974406957626343
10986dda55aa11cbc0f4c1ba82ed3623.jpg,0.038381148129701614
1098bf8dfa17b6b2b6420c9a15bb6126.jpg,0.9933007955551147
109b8e99de127cb45250ffb7813f33e7.jpg,0.0506163164973259
109c28f8b73b011f9176c8c4e44bbe01.jpg,0.3515442907810211
10b98f36c77366ba1778fde43193465c.jpg,0.10404300689697266
10d6a578520ff0abf7a1cb8a20c411ff.jpg,0.9843669533729553
10dce748128e08ae99668a04e1dae068.jpg,0.9966751337051392
10de260c4d683e4c0d8494d56fd6dfba.jpg,0.9997201561927795
10f28b7c028c0237166d4270fabc2758.jpg,0.9997566342353821
10fb074c1d6915f66397465f6f778f19.jpg,0.9746624827384949
10fc86c8d65741d951f4cc6c0a3950f6.jpg,0.8950942158699036
10fd887a5521962f6f2677d5b173d2bf.jpg,0.8856965899467468
1111919d9bc8fa59533e78033a51de95.jpg,0.9420721530914307
11170463f6d35f15b059aab4b59fc12c.jpg,0.9999864101409912
1118abdc487271d29111cd9e45840661.jpg,0.6529027223587036
112e042378469ac74c8059635a09ae6f.jpg,0.9997796416282654
114756d1af8e97c0df145cb07fcef34b.jpg,0.2697093188762665
1158c70cd837a4c49b83717634aaf889.jpg,0.9760220646858215
116b1568a188abda7dae98715beb34d8.jpg,0.999409556388855
117e095ee80d821775e22df90a6c7e81.jpg,0.09612056612968445
119f2dd44df56fa4d8032199f4231353.jpg,0.9803771376609802
11aeffe9322b563d49183c769a2ddb2a.jpg,0.9998676776885986
11ba416e7c559e93b349363fc745eceb.jpg,0.9792386889457703
11cff5ad97bce6bbf7efdea3560d4b8c.jpg,0.9956217408180237
11eac13f07f9a80b397421725c9133fd.jpg,0.8538303375244141
11f7450b4255543f5933834024dbfee9.jpg,0.9692013263702393
11fb793e47ae2029a1bf7debb5b99e73.jpg,0.9991394281387329
12041d125ece8db437a58e464c9c959f.jpg,0.05218331143260002
12194edb7c433dee2f5e6f56cbbe7743.jpg,0.19839727878570557
123c0a68c3ddabf5d485eea03aff7309.jpg,0.9993113279342651
1249cab73ba9b8441be4c63d2218a08b.jpg,0.9478729963302612
1249d4dccb4a1fa9540f9967f2594bbd.jpg,0.9999699592590332
126fb92cb6c343fb63878b41b099a13c.jpg,0.9978244304656982
127b8a1ca5c1502083240b3bc268d18a.jpg,0.9899846315383911
1288d1689880a9f0ad17c047575d85b8.jpg,0.9994955062866211
12b07f25109510345611ec737716e0fa.jpg,0.8516109585762024
12c643d6bafdc0848ad150aadb1a9e57.jpg,0.08288451284170151
12c7bbcb00104353f9c3125b59ab2f2d.jpg,0.9987786412239075
12d4086143d37fdc043b92f376f28269.jpg,0.9741435050964355
12fb45efb481ab7d36d5cbdf9c70a260.jpg,0.9227668642997742
12fe2b8c167835edd7c36c5095059674.jpg,0.9301318526268005
130271d6cbe2ef4370b7746c2c44e15b.jpg,0.9922091960906982
131cb3635d16a7b2374361d627114f66.jpg,0.587894082069397
132e8c9df799f34740bfc2f8845a3910.jpg,0.9979800581932068
133d0b48e26f24aea78ebd9efc2e24d6.jpg,0.9301290512084961
135c8238210514c539ae50cd8b8dba97.jpg,0.9425945281982422
13699a14d9971e4fd914b30ad208e57c.jpg,0.021219098940491676
13727454d1eb9db0db00db45b3a8a5fe.jpg,0.278734415769577
139d7b42e59948885f9f67f4e27b7a60.jpg,0.9602394700050354
139fbcdf5e4169969741b0a63f0b478e.jpg,0.9632392525672913
13a2954868abab27bae64b3acfec7797.jpg,0.010194027796387672
13c14fdfac5357e6215a6950a77dfdbe.jpg,0.9840388894081116
13c1803fd81868001d4c01c9bc3152b7.jpg,0.9531082510948181
13e3d6e6b49256813a4df99473879860.jpg,0.9999145269393921
1403c53299b528b4aed294057d52b360.jpg,0.9054685235023499
1406f56c3cebcfbce417faa3d16e3f80.jpg,0.1880931407213211
140db538931bb909dc0d91383c5a400c.jpg,0.9927364587783813
14224917324cf801e9e9eb9092513060.jpg,0.06787018477916718
1436f465be3533189cdab551e079b134.jpg,0.9979020357131958
144b2da4a326f8a5dc11412e7e77b97c.jpg,0.9996272325515747
14613b8501127ec9f64319e79036b263.jpg,0.996425211429596
14cf88d95db248f1b78ca44cab420a87.jpg,0.9999533891677856
15169d8d00ca9fa3f3b1df90578440ab.jpg,0.9997316002845764
1525b1ede882157482f0f96668bfb30e.jpg,0.999966025352478
152de218d8d0a20963b9aca51e483d1c.jpg,0.9972947239875793
1584c723ef37ec7622c03689e03a06d6.jpg,0.9998716115951538
15a1378eadabe8588eb9e66a4e41bfaa.jpg,0.974545419216156
15c7be65b5b97094c4ed61a5c49a2ca7.jpg,0.9895567297935486
15d4bb4f2991ad953a19b3a4194c56b4.jpg,0.9958386421203613
15d72bffc28c7c2ca59573b792ff5d4e.jpg,0.903043270111084
15f366dfd4ea66ea422fb4393ddea7f0.jpg,0.9999327659606934
15f62581835bbfe292884fb54e055ad3.jpg,0.9992474317550659
1602558de84a8a3c0af1c86024c58fe5.jpg,0.9665592312812805
160865b29bd307383506c2fd0e1657cb.jpg,0.7479243874549866
160b0d8a2ba0c1864ea2d5ad44f2b7ac.jpg,0.3074491024017334
1616320ad0129536e6b5aad60cd8ec3d.jpg,0.9987851977348328
161a8535dba455d1d45a8d41b2b75272.jpg,0.9785163998603821
165816078e8613b2b8ec88d0e3b4afcb.jpg,0.9966306090354919
1663d53469936041b0c0e93325baffd7.jpg,0.01598450541496277
1670dfafe0e0833eee0e65794aed3a1e.jpg,0.05840428173542023
167a757129962bc68c41e8d46d7496ee.jpg,0.9379881620407104
16a7dcb624ea40f7894d1361e6d74579.jpg,0.9976003766059875
16e500903f9d0e7ee1859ac8a2d59d8c.jpg,0.6535021662712097
16f29a00df58898feba2768e251e1188.jpg,0.9973115921020508
170497ec6ad8e0789389f9ff9b851d49.jpg,0.9992145299911499
1705d6977e180fd4b704978233f2948c.jpg,0.9995113611221313
170a71fc2927df94f9f64bcf214b9fe7.jpg,0.9937413334846497
17213e05ba022e8f69c45288901188e7.jpg,0.9992972612380981
172556a700ab6200f74078c2a919e62b.jpg,0.9990899562835693
172b5cdc3de09e1ac587c714008ddc20.jpg,0.9914401769638062
172e156d9e1c8261dbd80349921d6700.jpg,0.9885624647140503
1738d7bc49457c66a14f958f50002f68.jpg,0.999886155128479
17392be7225a02abd63319e59b1140af.jpg,0.9656458497047424
173c92569a9336d58deab148b5c55759.jpg,0.9700665473937988
174a81443d78d54e618e9631faf42f3f.jpg,0.8541829586029053
174ec9f5ac243d1f39a3b18991f42a80.jpg,0.9993091821670532
175b6c8c2c074a78943a3beec23e9829.jpg,0.7266268730163574
1760224fbdc3fcb4853009685c4625fd.jpg,0.9999903440475464
177695258cd77d3b3e98337e16c32fab.jpg,0.2537134289741516
17aa7e41b4c66a28e1e31e70e1133eaa.jpg,0.07565952092409134
17b41986ed9d4715f88f44c0672893b7.jpg,0.9999943971633911
17d4c17f7aba97451114d330bc20137f.jpg,0.9871556758880615
17db7f2e2f81d5c01a24db7ee5e51a87.jpg,0.9986383318901062
17e9e8e5317cf671aae9930801cc4ac0.jpg,0.8140007257461548
17f492d0a914aafec0af00d8938b79d8.jpg,0.6837002038955688
1805cc56e9686f37b736dcefb6dedc81.jpg,0.9996023774147034
1813ca59db8b9c589432b2d2a13addbd.jpg,0.27227091789245605
18295079adad57e87f7a2cc977465a2d.jpg,0.9988190531730652
18320436f908d1a0e97066fbd889a7a9.jpg,0.9999531507492065
183c0313d8d658131f17d95af3395e35.jpg,0.060825079679489136
18555b61fc59d27ba18e4b35cf9b9c06.jpg,0.9765607714653015
18561e8e913ac3986aabbeffee93bae8.jpg,0.9952375888824463
186b8babd923648eda7f33f29d2510e4.jpg,0.9913589954376221
187a3daa86e3b068ae8b5ed2f60fe2e8.jpg,0.9999542236328125
187d21ae4d7da9b39b955a0f6330ad95.jpg,0.018388109281659126
18a166cf1e2f9cc77080a17bc84092aa.jpg,0.996416449546814
18bc773ea2e4f1cc585fa8b6f740770e.jpg,0.9951186180114746
18f024aabe07b89fba5283cc3b5b5e56.jpg,0.9903552532196045
18f9d60636e3b735a30e2f39949f77f4.jpg,0.9999563694000244
190601ede90957562b6ae4caf6481b36.jpg,0.9722131490707397
1907668b7838696ccbe31478a035da5b.jpg,0.9997960925102234
1916392bb9f5d7540e29511329e73e1a.jpg,0.9781507253646851
19185fb574408fd014c9bd196506240e.jpg,0.552579402923584
19308e064c0c3a9827a2c1801a1ca7e4.jpg,0.7567212581634521
194926f26543b6162c0702c800a05d59.jpg,0.04150908440351486
1953fd1a8c2f8dea7d3a2e4cb148e1ac.jpg,0.993901252746582
196358164add365da32a57070ce19e9c.jpg,0.9829177260398865
196a6d34fa27c9803512c84fb64c1958.jpg,0.9998701810836792
19744c6f8b4b2e4480b827e903435e4d.jpg,0.37406766414642334
197858f2ede1df81923191f1a7a77bf3.jpg,0.9992700219154358
19867a5025597f2ac036a809403b2b46.jpg,0.9999973773956299
198a406fd4112afc881fdf67f4137952.jpg,0.9974506497383118
19924ae08412a831cff3de793af3bc39.jpg,0.12376910448074341
19986d85280c4c03c74437073f0b45aa.jpg,0.9975152015686035
1998b4ea5bfabfe373aedc4cfd1251f4.jpg,0.031304795295000076
19bc92de4d536bfd807052881c35aa13.jpg,0.020496295765042305
19f059a7ce41b25be1548bc4049b45ec.jpg,0.9999027252197266
1a01d0d7e47dd68b9885ef5e6baad36a.jpg,0.9027736783027649
1a0d2a685f7cf8df97f3b1cbe90675eb.jpg,0.9995833039283752
1a1b634911bf4c216bad49777a7d3389.jpg,0.9998630285263062
1a1ca91fbd12af9c4cd4d1079b8c832c.jpg,0.9591049551963806
1a23b9bf94c16a1cf8be89d5024b87e2.jpg,0.6259880661964417
1a3ab174835d9800e0441cb5f8ffc1e6.jpg,0.9984709620475769
1a3d608134e957f2731e15933bb64f1f.jpg,0.5555936694145203
1a3dd39559d752b0463fbb9369ffb5a1.jpg,0.9881226420402527
1a52c206154084119855fd57a1997c48.jpg,0.7497249245643616
1a587fa6b960fb2aca895f962ac6f89f.jpg,0.94172602891922
1a5b0df503959ff80db7267407910a8b.jpg,0.016644055023789406
1a6040406d847484fc1dab4548f9f9b9.jpg,0.059709686785936356
1a61bfae6d076f46e93d16893e053a22.jpg,0.9896977543830872
1a817f007d1775694bc0ab7ec2f19b35.jpg,0.9999696016311646
1a90242a33215667fc6dbba27affa34a.jpg,0.9490779042243958
1a9ddb2653236901616a40aa79d4b100.jpg,0.9963028430938721
1ac1330b23666244ca375ba28fc9cd0a.jpg,0.9995372295379639
1ade5ada237f5bf21255f12886fedd7b.jpg,0.9998648166656494
1b0b0a0607e352245c2d94b6421e5de6.jpg,0.052588723599910736
1b0e4808b1ffbd282bee0de49ae7e045.jpg,0.5589629411697388
1b33a4eef243ce68dc5bb196d0dae055.jpg,0.9809680581092834
1b3f47174371c02a33798a21752c032e.jpg,0.027285678312182426
1b606c4d66842af7ef681372aa37d14e.jpg,0.9906017780303955
1b690fa09d259d3bf79afa54df7d0725.jpg,0.8560407757759094
1b6a5cdc82baf45eea2924260757754f.jpg,0.9999654293060303
1b700b76e5021689616bc3d055ec406d.jpg,0.9839316010475159
1b7c2dd9aff525c5951acfc5185a9cce.jpg,0.3289540112018585
1b818736d8390551d6964d75a84d2c5f.jpg,0.9997467398643494
1b9bb3aad5965d3aa1a46f147044dc9e.jpg,0.042986202985048294
1bb2bd45c0289b751298110a0bdc40a9.jpg,0.062128473073244095
1bc6494a8396ddc45fb2ce97bea0b55f.jpg,0.9992664456367493
1bdcadddff3feea4a00c4e205b092e48.jpg,0.9886715412139893
1bf2e11a8d218c3795202270a942705c.jpg,0.9953110814094543
1bfeadcc1efbb25833637144bd59b80d.jpg,0.9033958911895752
1c18895799784e3e7929451b6dfbb3bc.jpg,0.998248815536499
1c56a4502c4b23b39eb16637f10bc4fd.jpg,0.21530212461948395
1c77a0b2f600e4df4b5bf7cdb5edfca2.jpg,0.05373646691441536
1c7b91aef073391dc6c6d3bb34a71d58.jpg,0.027792876586318016
1c95e6e3c4286497cd9de8e21daf234c.jpg,0.008182095363736153
1c98510018986bab0344a1377a10c7a2.jpg,0.7185916900634766
1ca7a7771a6ca03951e038156815f872.jpg,0.9985835552215576
1cabee42f8cb451eb6793e0fda63a01d.jpg,0.9919242262840271
1cbccd732aa1fced59d86a2025f3ef61.jpg,0.9999960660934448
1d0ece89b2213d2daa90d6806f3d07f7.jpg,0.9833106994628906
1d20dee292e3be82e313d32a2539b4d0.jpg,0.46423330903053284
1d21db6247a8e53afcaefd8f1964ea94.jpg,0.09638901799917221
1d282f287306fa4012f446e52ef42c59.jpg,0.8856523036956787
1d2eb18f1899c72f1bf0e848e8d955a5.jpg,0.985270619392395
1d31fd75c60c2c1224b7f93fd16c70ad.jpg,0.9974083304405212
1d3ee4a293cddc2689aba2cd72293614.jpg,0.2239132523536682
1d533a2fe7a7bf8a563c0f67fcaf6d38.jpg,0.9998669624328613
1d58502c8bb9d824bf84d0ab898b0546.jpg,0.9992246627807617
1d69c5776bd37c29e384a46cb3447b76.jpg,0.9930281043052673
1d79a44d9fbcc3ebba16050d56d7abc9.jpg,0.7274460196495056
1d7bb2d37a45c977dd8caffaf49b6ebc.jpg,0.9999856948852539
1d8f832101e79523ec9490db6d1c0f34.jpg,0.9997504353523254
1dd371222b1edbd93bba3d3222f9d2f8.jpg,0.12393392622470856
1dff7322ad6287d14ecf769609a28789.jpg,0.9778038859367371
1e01a0e49261cd1808b6c3f8dc02f808.jpg,0.9972266554832458
1e0516009d6beb507a00aee13e512e46.jpg,0.9907904863357544
1e056e263060d63798ca117772ec964f.jpg,0.9992577433586121
1e09e20c937e079175dedc81c96c30b9.jpg,0.9924283623695374
1e15045cec2d95631d48f01e73ecd3dc.jpg,0.9748088121414185
1e4a11e08fa85539b423f15863898838.jpg,0.9999006986618042
1e5230d412e623c35ad8fb71d8e1e72b.jpg,0.9910750389099121
1e55a078735c2008f67d735616f143c7.jpg,0.9983170032501221
1e563f6edbcaab6e2522c4fcd9832b81.jpg,0.011620805598795414
1ea9b3c6020df3c64b9799f2c42b9923.jpg,0.999397873878479
1ec9b4e5476c0a9aaeb0fb8f248496b2.jpg,0.07221966981887817
1ee161cd0d4c14cd1e1ef21ae635088a.jpg,0.4675043225288391
1ee2ebafa5fc4276b56822888b5076b4.jpg,0.9999868869781494
1eea70bab744d8b3a2a45ed4c5fe18e6.jpg,0.9999998807907104
1eeeb7223313f793bd9be2f39a2c8657.jpg,0.17969372868537903
1efb763e040c806258158b917e85519d.jpg,0.5912937521934509
1f1c695a47de64c0d23938db87744a95.jpg,0.9992877840995789
1f1cde035a6fcc1b7ae973371defad72.jpg,0.1349913328886032
1f2e3f6b44353caaa205007d1859b77d.jpg,0.019652200862765312
1f4414aab119d0f75accec1275ad0298.jpg,0.999882698059082
1f5f4b6b00505840291684be21be02fd.jpg,0.9274380207061768
1f9debfa7e2ecb1992f061a5faec64dc.jpg,0.19018468260765076
1fa4708a240498ee83263ca2d3d8176b.jpg,0.021712930873036385
1fb579b1856f1036c5170551b2e5372b.jpg,0.9999345541000366
1fbd0a8d5b3c7958004df4b654baa642.jpg,0.9853315353393555
1fd1537e9faab8e5e167f98327ca14fa.jpg,0.9997003078460693
1fda11c3fbd13ed466cefee6d1371003.jpg,0.9999078512191772
1fde5a9ba295d0ce1adf1c4266bf6af7.jpg,0.9912151098251343
200542b882adfc54485fa99808f8b763.jpg,0.050935838371515274
200a665ecef42b91e6299af1181645b4.jpg,0.9998308420181274
200eb447c7ac7267733b8d65b4a57e53.jpg,0.9781590700149536
202a25b41b86e4c7b2d7bc63b1dde539.jpg,0.5003328919410706
203e1bf8403d95a2eec61246fa250d5e.jpg,0.9980747699737549
203e8365680c05bdddb0673d42e7f08b.jpg,0.9997351765632629
204195858c2ccd362cfb174c1978c9fc.jpg,0.9841946363449097
2046a83b3760832a7c36a3b49dc46def.jpg,0.9777535200119019
2049735b9aa4ecfe383311f276e21ce3.jpg,0.9982271790504456
2049a36aec0a160287c7c34733e4ec92.jpg,0.9938418865203857
2067e32fa0ae76e67b61ef25062008e9.jpg,0.6033472418785095
208fa34c9f79331e3be7c855ff25bf92.jpg,0.889542281627655
2091512004010826ac6db49a916962e7.jpg,0.999107301235199
20a39c97f8feade7c2823903304045a5.jpg,0.9999980926513672
20a55f7ba3bd1978213852ef29506388.jpg,0.5242598652839661
20c5208cc7516cd4a335a1a79efdfb52.jpg,0.024982044473290443
20d1c5329adfbec22ac57f0f206476ba.jpg,0.8041648864746094
20f0b61aa4e2fe2e711c37f206eb5b30.jpg,0.6394245624542236
20f8ab7b994f951a854243afdd052187.jpg,0.9968562126159668
2100c057424f80ae204bd538be2cb025.jpg,0.9992621541023254
210a05c45336a587bc7a626e98703ad8.jpg,0.7588156461715698
210f6faf14d4020a284b4401f8bda9f3.jpg,0.9985119700431824
214f6e2b1e07331a11cf6823ac899ca1.jpg,0.9999767541885376
2164700f46733924c8c52608fb4ed4f7.jpg,0.6773513555526733
2164857f06160b9c4dbf6b15f82e6f4f.jpg,0.023456260561943054
216db34645e2d74bdcf85d63fde24952.jpg,0.016818100586533546
21711aeb5940a8dc3ed91ad24cbbb4d8.jpg,0.9997653365135193
2171d681af7ca40162e75d6541578cc4.jpg,0.9907192587852478
2176341fba2c79851dea8a1cec474e02.jpg,0.9994593262672424
218dd80fe8ce5cb7307b42ac87e10938.jpg,0.983038067817688
219102c0b7f8fa6710b0c19013f5b17d.jpg,0.11057355999946594
2193e7d231a575ee21c7f284c4077f14.jpg,0.03208129107952118
21a75bccba648dd5f89523fce7223882.jpg,0.991917073726654
21a8928b5d6f60adade13be50a061b74.jpg,0.8755874037742615
21aae42c2a8b73e7a6992fd806c5648d.jpg,0.9726471304893494
21c03864908c965fbd8f9243eafba334.jpg,0.9999867677688599
21d91857432ce27d540926e855e97da1.jpg,0.9858542084693909
21dd1b1d7d992883b7d47031ab3e69c7.jpg,0.011726876720786095
21ed623e4578c4494d8d96cf07fb9a90.jpg,0.9821548461914062
21f8c07368bdd7468296c00a2370fd41.jpg,0.07543475925922394
21faf49701b7114d88975d56547a75dc.jpg,0.99992835521698
2203fe81a52c87027ab28dec775eaf37.jpg,0.9908336997032166
22046bc978a15ca64ade0210f18576b3.jpg,0.9994418025016785
220741148d6cea32df6d22c6c3b3fae2.jpg,0.4328010380268097
220d1d9fe8d1f3a9ac54908bd65fb3dc.jpg,0.9998039603233337
222dfe9d3037ff6541a65be46ae430cf.jpg,0.01577167771756649
22363eb5f24b6aba43a5d9dcad24a62b.jpg,0.9999970197677612
226128a86499b5ca45134a8021491b57.jpg,0.9972569346427917
2261a285dcf74f63d91af969f1dd5f63.jpg,0.28492113947868347
2268d22d05cf4783fe9f24c5826a69fa.jpg,0.10633835941553116
2268eb0b79f00e43f7f0a3372ab41dec.jpg,0.9999426603317261
226e4d335afcad8d70b7a41e9d7d743a.jpg,0.9465787410736084
2297df57d6dad51ac896e61e20743879.jpg,0.9779008030891418
22a27838e38eae93ffdb9a5f3d74f290.jpg,0.010359196923673153
22c6d80640742d2359f179b1bbe99a84.jpg,0.9991263747215271
22ca9e3c73c72e5c1ec8b6d4a2058a2e.jpg,0.15638598799705505
22dbdd1b818cdd21d912b7fc54b44b6c.jpg,0.1504267007112503
22dfa37c6ade91d6dd9e4848d61a9749.jpg,0.8229469060897827
22e043be47c72f87c4618a9b69ffbe91.jpg,0.9999650716781616
22e0aac13fe1b3e311cdc51dc43b955a.jpg,0.8530247807502747
22f5d84d6f91508a9c130d36986b1f0f.jpg,0.9884849190711975
230a00992f5db89223391d3c0157278d.jpg,0.9998470544815063
230ab28eb1b7c033854f2f77de5becb9.jpg,0.9953084588050842
231b570f74345cda4025c8ade924e9af.jpg,0.9994617104530334
2339190e703ff09ba12fcf3c702f4891.jpg,0.9942483901977539
234e592be0070393accb42c0d0104759.jpg,0.9993164539337158
23688570430e81077d3c61fb2900eaa6.jpg,0.9856762886047363
23819bf68a3bb4907c4dc97f9494d240.jpg,0.9221875667572021
2398b3fd4335626ab294b1b049871dc3.jpg,0.9869121313095093
239ed1e810d68141ffdb3c6c1f9c8988.jpg,0.9987549781799316
23a4906f89f32791779ebccec48debf8.jpg,0.8003458380699158
23b56e2847cf759d4ed475490fd1ec45.jpg,0.9827455878257751
23bad8c94ea4c2961660471072eacd0f.jpg,0.9626075625419617
23c126992aed42c1f38f106faa86dae2.jpg,0.9998729228973389
23c5edd14fc8a70f75bc68c869ac392f.jpg,0.0217836182564497
23c84d6f369793908c896a0c3f34464d.jpg,0.12249962985515594
23d0c899f26254cf0436c847a6d40d98.jpg,0.15113021433353424
23f015d93a0a38b7951cd306c767d80c.jpg,0.007994810119271278
23f08eee5c58b517f326af3d9a4abf7a.jpg,0.14897674322128296
24003a2b3eae087969c71ed480f24f89.jpg,0.5533432960510254
242c5853b85c5360f5ed3e15322d076b.jpg,0.9997194409370422
2431d8eb40fe75c4914ff0df66ac692e.jpg,0.9974300265312195
2445ef2e72784f13fc172a04f3659fcd.jpg,0.9998830556869507
245ae3bad67f443fba36f838fcb43db2.jpg,0.9999585151672363
24631eaf8769de44207429ad621e6d22.jpg,0.3367648124694824
247c82abf868b1bc0f3636574c457cf3.jpg,0.9952475428581238
248860d24968ebc2c417cb86bb8c06a7.jpg,0.9999885559082031
249e8e0f5a3f95557fb6d48389ccb1ee.jpg,0.8986999988555908
249f1014f6229e17c7c79c7e38af6b88.jpg,0.9988386034965515
24c48d58b23aaa18e411483c703e1785.jpg,0.6148880124092102
24df327ff4821376d675c47d41061374.jpg,0.9987504482269287
24f0d460b24990ae59bd90acf88fb295.jpg,0.9999595880508423
25144956351088d06ae0f02578bfaf14.jpg,0.9822401404380798
2520e17b4d7c31cbbc9be36d458b8f21.jpg,0.9999994039535522
2522144c369d53e900593c0e441ce41e.jpg,0.999528169631958
25282933f34fcd40e19a2113359e09fc.jpg,0.010292025282979012
25283c5f4d77d763ad3817dbc90248c9.jpg,0.06153623387217522
254ecde9269c0d63d740baae9484d572.jpg,0.013701708987355232
255865b0b05d9644d080fc88cd2c0c1e.jpg,0.093979112803936
25632f7eaa68bd48a446cdbe22ef1d91.jpg,0.07319226861000061
256b8e1345d85f633a55cc5b7826f290.jpg,0.1070110946893692
257596e3b661c7a40a9e5344a0018183.jpg,0.9992555975914001
2578f056594bbe468295820bb5cf3999.jpg,0.9973323345184326
25c0c56927e68a4226acb25500ad359a.jpg,0.9487596154212952
25ce00c8e69e4971e450f92196d87ce2.jpg,0.9996910095214844
25db046dab729b9c939be5984ae78e8c.jpg,0.99599289894104
25f14df64242680e5a74566f8505c5fb.jpg,0.9998056292533875
2604c40c9421636308541fe236585a1f.jpg,0.9923754334449768
262878fc68143e9159f8882ff3d90d6e.jpg,0.024183832108974457
263c58661cf24e5aa1c88546c75365a2.jpg,0.9606948494911194
26437e146d249e89f4814398e544ff10.jpg,0.02893761545419693
266049e94236df68dd0eeaf240b28f39.jpg,0.9943645000457764
26629817fef977b9965d1bacb172a730.jpg,0.9999494552612305
2665429607831ad64a3bc7e7a7bd1204.jpg,0.8350360989570618
26668321e22999cb53881af206fde950.jpg,0.9999107122421265
2667789a8192ce78b54bedbce7148e59.jpg,0.8366516828536987
2669d659ff8dfbae5e95218a28615ebc.jpg,0.9969872832298279
2671e98acfe11896c1d535438b88d97a.jpg,0.04956325143575668
26817260ef692bb1aa5f03c1dd63e09f.jpg,0.9992327690124512
26b2ca40406fa893d8234c86a9d1ffd6.jpg,0.999920129776001
26b42dfffb7cf0c3eb0fd6ea991e0801.jpg,0.13742274045944214
26b88d2575a055a53f6e83a7945e8eb6.jpg,0.9988316893577576
26bc0b0ca88651165ffc4b9d58d6efd5.jpg,0.9996843338012695
26c25aacd32a322722bad8b7cdae5a47.jpg,0.9967331886291504
26da550a6af6f7ca69ac3567978781cc.jpg,0.9980498552322388
26daf2b88f9ff15eed5ec9b49a69e828.jpg,0.9924935102462769
26e9df322a1d6c9e04e8327eae4cb9d6.jpg,0.6619970202445984
26fa3de48bc6abbfd84708bdbda801e4.jpg,0.9997959733009338
270a57b70541dfbaafc5417119ab6356.jpg,0.3768851161003113
270c75330f9f22322348e68c39fc6433.jpg,0.9867384433746338
271d5fb57a13bd0b488573514b542280.jpg,0.9995743632316589
2722811847b7757a44184019e4b4535d.jpg,0.07713302969932556
274ec8ebe87a7db1647ec1687ba9b02f.jpg,0.9999792575836182
275ded94e655b2d1037a4953948a48aa.jpg,0.9942194223403931
2761775af779eb43a86825b9f611195b.jpg,0.9885363578796387
2781f657f73d9ee8152b15dd693eef7f.jpg,0.8865238428115845
279303983e721049d347fcc8ed6dbf89.jpg,0.016759907826781273
279cb31303e0882f32f2eed4b5b586bf.jpg,0.2827298939228058
27b40d9076d4a0a12949c66ff554aa57.jpg,0.35522207617759705
27c70add497c2aa2bfe32a3d1e2f15b6.jpg,0.9901872277259827
27d6d78a920ad25cbf0a16f773addcb3.jpg,0.9926042556762695
27e1a7eb8bb6c981d17ebd843c1c2b96.jpg,0.8327810764312744
280b63a144efeb122836df6532bea4f9.jpg,0.9965459704399109
280bd11d92e7aa545d58f5182a3b5655.jpg,0.8470555543899536
28186fcc28d09565e4db0b372b6df993.jpg,0.9763495922088623
2823100a264ba331cdc90019132d3f55.jpg,0.8506869077682495
28263ea6cfa7da3f460ccbdfc407d43b.jpg,0.9853761792182922
2835555b8cb82a96a1734980032a87b8.jpg,0.995311439037323
2853e838264d5fab4ff81c502b8f7830.jpg,0.9965153932571411
28631c3a79be1d6c4e244186b05ec80f.jpg,0.8997749090194702
28adf3fc2b410f5770b765591793ca73.jpg,0.9410754442214966
28b09c59f41589295fe10d3967f28f83.jpg,0.993941068649292
28be247af936dadfe4f8788cf911d8e0.jpg,0.9134081602096558
28beadd44db8b04e3bb922e7882db26a.jpg,0.9999275207519531
28e273bed3f92ff7d6000570cca00c40.jpg,0.9944941401481628
28ee021985cf70624ecc8d2feafcfe08.jpg,0.9905838966369629
28f1df01c205dede3924ad332bc8849c.jpg,0.9893833994865417
28fdfd4c3085d7c783d94bcf42f91337.jpg,0.999075174331665
2938284ed33664a119e9669d2f0f8b06.jpg,0.7893293499946594
294d61d9a2f1b73ffa5a3e274f4e05e6.jpg,0.8602522015571594
2969a0847591029de4136ae8a52f49c9.jpg,0.8957360982894897
299e42d2f6016f477182bbff7a7dfb6d.jpg,0.8974388837814331
29df933c1c8253e6ef16826987d9df12.jpg,0.6925380825996399
29ebadecf8bf3d9ea8502f39e5fa336d.jpg,0.14535202085971832
2a0c9438138307750cc105bbd6627260.jpg,0.9999547004699707
2a0e62bd85f42637828151df3c5ba34d.jpg,0.9987152814865112
2a127d250a0ff4de88222b2ed7c5eaca.jpg,0.9014725685119629
2a19b679c266c732ef35b7abc595bf0e.jpg,0.9006978273391724
2a362cfd79e6104cc8b219afc9df919e.jpg,0.06994201242923737
2a49f81e11af3527d985814d62a7d6af.jpg,0.6989229917526245
2a516ac5aff17d36b2b3f022474424a3.jpg,0.014528518542647362
2a51e66154955adb00754290805e1127.jpg,0.9984726309776306
2a5f32a13b5f5e4a750c8fa87bb5895b.jpg,0.9646428823471069
2a7889067faec243bcb12e58b26ea7eb.jpg,0.12033798545598984
2a9603f66c82afc05ceb80d4e21babfa.jpg,0.9822511076927185
2a9fd216343bb20ea156e3ab431626a4.jpg,0.9999548196792603
2ab7aac1fcc295dc8a0d87bbf5185d07.jpg,0.9999958276748657
2ae6933c51250d2987aa63a43c1ebe56.jpg,0.9983903169631958
2aed9612e42e01788519b8a49f6bac34.jpg,0.9990034699440002
2af3b1ba7c898f87e860ada640cdb895.jpg,0.9986623525619507
2b11c0c26254c986edbfafbadf551afc.jpg,0.996081531047821
2b36fc3f8517dc9f36f0589559183512.jpg,0.999966025352478
2b40635cecf14d4695a3caca1b3fcc0e.jpg,0.9165515303611755
2b45a7f4b20456d05cf73f1a2929781d.jpg,0.9994206428527832
2b5f23aba5af7bdffa13d7fc87cfd704.jpg,0.7978495955467224
2b72a56cc2e8b20d0c9eaa3eed322655.jpg,0.9973317384719849
2b92c99e3aea41bfb4a505eb942b6ef7.jpg,0.034131765365600586
2ba8055876b459af0116c53970d4d5f2.jpg,0.03078279085457325
2bb05c85361e8dbcbf3b0cb40e735c3d.jpg,0.9972087740898132
2bde8260bbda9e74d77aa0ff28cf2ab6.jpg,0.922299861907959
2bfe138c81ce9fe0c338ec8f2daf37ec.jpg,0.9974616765975952
2c144802f361747232393492bb299b27.jpg,0.9930591583251953
2c2e7145407a4e79b6b056d9f14b6da0.jpg,0.6122776865959167
2c3f3a4f3216652889d4ea1dd1dcfa91.jpg,0.9993880987167358
2c4d5d00f56670301a003206dea66d05.jpg,0.05624735727906227
2c5331c1abc1298fb613b4939d4404a4.jpg,0.6819641590118408
2c696471585dffd4c73e5ab728bc095c.jpg,0.6097499132156372
2c7ef6806ac0b1996170079e602c6467.jpg,0.9016255736351013
2c871d0a0b63f069d97986afc46b29e0.jpg,0.9944370985031128
2ca77e2cb52c28d1dc2cf40ae8e9a3e8.jpg,0.9942532181739807
2cb5db35022faf57228fb2f01f0687fd.jpg,0.9776139259338379
2cbe4064261130198fcb5dc9b41e0d19.jpg,0.9901414513587952
2cbfac58b2f744b7c1f327766e4cb2d3.jpg,0.9958410859107971
2cc1452923a513da3844eefb83f40dd3.jpg,0.9627856612205505
2cd3fd85945696a2cca619b54194eade.jpg,0.20038266479969025
2cdef80c125ab2a2a63747b0e2708b36.jpg,0.34108680486679077
2cf2becce20024d0825be28983fbf8de.jpg,0.9953102469444275
2cf9a67975c637e0184a4252f5c011dd.jpg,0.03337517008185387
2d2b8f32f6bf366d92776b40eada644b.jpg,0.9181056022644043
2d33b2181420ebbb9f0f84affd2a2b7b.jpg,0.988240122795105
2d365bf1ae7b7e666618d9a3f552c649.jpg,0.9836138486862183
2d389511e4d99e8947c3dd4ad6554e48.jpg,0.024122491478919983
2d3fd1b110e80eadc363561b0bee32fa.jpg,0.03885509446263313
2d43fbaa39782165967347c51656d563.jpg,0.9999920129776001
2d4f0188a094eced1ea405c042de1750.jpg,0.14621472358703613
2d5262ee046d6c9ceb47d287605c907a.jpg,0.999850869178772
2d53440899f87a487f5a7fa779c950b5.jpg,0.9976955056190491
2d5dbd48be7ba8fe67ffc287a0f0b297.jpg,0.9457589983940125
2d666739a334faf19a568b8cbb712d36.jpg,0.989734411239624
2d70d2729972380ed73f0b985fd9cc14.jpg,0.9962978959083557
2d7988ccd8a62a0c3c837cdae5bc9c03.jpg,0.9872051477432251
2d9538096eabb5cd6250e23123ab0f86.jpg,0.1203169971704483
2d9ec8a5f062a965217d1af34cec0d68.jpg,0.9996917247772217
2da54c16c419558a22e04a3386701713.jpg,0.9790526032447815
2dbd0975cd29cc10ae3facc3cecf641a.jpg,0.09872277081012726
2dd31fc25db056e58915aa4d83256174.jpg,0.9928386807441711
2debf4cd47aab7a316eb9abe1a9812b9.jpg,0.036347128450870514
2dfbfe832f269562d069e79a145c6014.jpg,0.9788210391998291
2e0a46c3c214721ad8e65c77eac55d0f.jpg,0.9774459004402161
2e248a5b54dc03979d16f4fe43e259c1.jpg,1.0
2e2e5225edb6b43153d646df1918db39.jpg,0.40482792258262634
2e457d1085bb6ea49e2dc69df4aec8d2.jpg,0.039516203105449677
2e4653a4adc1cc83d7fe32357146eb6b.jpg,0.9772849082946777
2e557921256823c95d31cce8631f0754.jpg,0.9972155094146729
2e5ad3a1d07cbeb123619632cd2b5bff.jpg,0.9992079138755798
2e653699dabb3686f442e884eeebe6f9.jpg,0.9990729093551636
2e7e2d67f7f9ffe478150aefdc2f34cc.jpg,0.9873448014259338
2eae2e72189f8e8535199e669eaf50ce.jpg,0.9959461092948914
2eb4b8888e4398331eccad422ce6f33b.jpg,0.9706839323043823
2ec294d81708d4c073f34cc3db70a05a.jpg,0.985104501247406
2eceefde053e2b56c5087d1a2784f7ed.jpg,0.9999966621398926
2ed195c82af8f75133c12059f09a8193.jpg,0.9999911785125732
2edb0bf826248b088d57e22799464c41.jpg,0.9319864511489868
2edf84987d3f53be1f2de5d5e8487fdc.jpg,0.9908319115638733
2ee5200694269354ffc41ea2b28a3da9.jpg,0.9877532124519348
2ee552065677ecc186effad80f7822b6.jpg,0.9996647834777832
2eebe8846bc2504cb9efb16850c87f77.jpg,0.9229690432548523
2ef7b226ba1f977b128fbaf53056044b.jpg,0.9995997548103333
2f154623fb8d48117bba32c6e979eae0.jpg,0.9299020171165466
2f2209018cff56cb12d54542473fb9cd.jpg,0.9788049459457397
2f3062b2d2759d01293c4690f6f402a2.jpg,0.9984807372093201
2f3cd8ee2b84902d503240ed3b2e38c4.jpg,0.9992372989654541
2f40a4cbc098ef7c9c5935d85a501558.jpg,0.1828044354915619
2f5a4be156a7f8c586e0c470727ad29f.jpg,0.999323844909668
2f620fe1ceb862d0bf32543a7e430140.jpg,0.027089081704616547
2f77f676bfaa4df13bf788414cb97255.jpg,0.9888331890106201
2fa82a3d33d370523fde355e38dd52a8.jpg,0.981323778629303
2fc35947d91543c42590da231aee70e8.jpg,0.3070438802242279
2fc620c0643cf06d8a48db410abe9951.jpg,0.9998743534088135
2fe7fd7f9d8b39cdcecbd55020c479a6.jpg,0.8180165886878967
2fee758f1a6d194f43cd4bff247b5636.jpg,0.9904672503471375
300d6a10bf11647fbddc6700a9fa8bea.jpg,0.9982287287712097
3037c2cd15031174a723a252a4bf6a0e.jpg,0.09138404577970505
303c2b4eba0d6f95688e44cb19adba8f.jpg,0.9961380362510681
303e29f539e63193d032458716ddef86.jpg,0.9921196699142456
303f858a7904f67d8d3cb833e0c1550a.jpg,0.3373600244522095
304923ed4168ca79116e8d70014a3c65.jpg,0.9676048755645752
305d9cefe442e30abae64d84ecc8340e.jpg,0.8123646378517151
3065366dcbfde7cb4f9dcde70e0b4526.jpg,0.9999196529388428
306ae8ffc01b83c0a788487ff8dedba0.jpg,0.9999271631240845
30715525a165cb5e8f5c7bcd3f49c526.jpg,0.08622172474861145
308c8d0192436cfafa3f464463f00d4b.jpg,0.9562169313430786
308fb01ff8fac3b9f5bd9e7a8298e570.jpg,0.9999657869338989
309a65d0275c921d5f3b75049bbf40ff.jpg,0.952100932598114
30a095db6d9133a578a5e98403e559ef.jpg,0.9999977350234985
30a4f2b8acef703851b7b4543c50268c.jpg,0.5591539144515991
30aaa52aef856ba6161f6c29539c0069.jpg,0.9989257454872131
30b05f287caf09776197daf683be121e.jpg,0.9996848106384277
30b81a7b2e8ebc810521f8ffde1cfedb.jpg,0.18781335651874542
30cb6bf073ec3c24b413b6eca4828ea4.jpg,0.9998784065246582
30cf5be2f733b707ec05962b98cd3f17.jpg,0.9968792200088501
30ec0b887e36e6f3addb28f1184206c9.jpg,0.9999226331710815
30efeb590dcfb8d4f53bd9e92ade699d.jpg,0.9999227523803711
30f3f83afd2efde765c8b375044390b6.jpg,0.9955119490623474
3109804ac2f419ff59c4d654c7761cd4.jpg,0.5318959355354309
311639008fa034e865dd63619b8e70b3.jpg,0.9924978613853455
31200b6df87b11bd7becf8e36a021c98.jpg,0.025671953335404396
3120b547bd9ec6ae1fd6f41f7de1b2c6.jpg,0.9987084865570068
3158a3e2ac30f1e626e4535dcce5b971.jpg,0.3718569874763489
3161f349bca352cf994e0de42c83cd06.jpg,0.08772260695695877
31673e7c7db7dc0d12eed09868709430.jpg,0.02927938662469387
316e46903ee485aeecfd229973abcc71.jpg,0.04797095060348511
3174d1ff141464546f324b54148a07ea.jpg,0.012857234105467796
3177b799b6748a7b1c57be07b6e41307.jpg,0.8871408700942993
3183512b3f17e35225e856416d8a1ca7.jpg,0.9998925924301147
318f1847fb41feb17a7561324702ac64.jpg,0.9990291595458984
319d83e0975607bf5cadaa0950492dcc.jpg,0.9750208854675293
31a0b7bbbe37ed0d403dd9218398eed2.jpg,0.021204877644777298
31c2088580bd5221c6b12a76f233841f.jpg,0.9993882179260254
31ed00257c9470685f1da014bf0c3aaf.jpg,0.8796692490577698
31f194261fd87dd088a2fdae4106b4b5.jpg,0.5830891728401184
320307963f6d817c53b01eebfa371220.jpg,0.955045759677887
3216488ac922a60e0140e0e722f7a4f5.jpg,0.9272260665893555
321c5c32af1010ba1bdda3d0a70a4954.jpg,0.999863862991333
3248c9605b81898ebebca0b0eefc598d.jpg,0.9742058515548706
324daaecc832b52d85ac06d64e3dbe94.jpg,0.9984102249145508
3255e1ca3300e2a5471d093cd9715b48.jpg,0.9687694907188416
326aa107b08bffc5d871ccd8204821e6.jpg,0.4797043204307556
327617c2ddfbbf7040a3d5eda55fa182.jpg,0.6992125511169434
3278b499c74f68b4a79970183330c3d4.jpg,0.04430655017495155
327f844b4b0bf685f3f7a9966e94f353.jpg,0.8401579260826111
32936f6e1d123af0d0a917aeefc23da4.jpg,0.01641075871884823
32990960d536f7db9f6c1b25c9077e9e.jpg,0.999983549118042
32cf3803eb54ee053817daba3e57ad04.jpg,0.9650972485542297
32dc8b46e25c7ab0192cfd795b672057.jpg,0.9999638795852661
32df102ed2a601e637901b4d0104352c.jpg,0.9798257946968079
32e8ce2d0435fe94bbc4b9304c093e8d.jpg,0.010322743095457554
32eb29176e03acb99285d9bfd4f34384.jpg,0.897717297077179
32f533686e14ac1072d0e55e782b88a0.jpg,0.9996541738510132
32fe255b0f0f1a197f28807e40782238.jpg,0.9999861717224121
330702e6218da3644332916f02afc9e4.jpg,0.9999902248382568
331d209bbd4dbd97c5a7539ba7e2ad34.jpg,0.015470799058675766
332fd3fad616632c909d3616225e675a.jpg,0.9999305009841919
33354b34687cbd8c89ec95489347508f.jpg,0.9931542873382568
3351ce773dd3bfc06c52464d2e3c69cf.jpg,0.9966391324996948
3376f1f675462d7c0c1afa526c7bd093.jpg,0.9999017715454102
3377078cee8a2984e2bd6ae5765287a5.jpg,0.993364691734314
33a84d61d614deb4b86d61b4a1a34ee5.jpg,0.11048619449138641
33b7b6f789e93056218ef9d5afd3c12b.jpg,0.9997218251228333
33c759da62113423dd12127061079a1f.jpg,0.9989619255065918
340818d03ddefc24e1a40f1d0c5ee4c9.jpg,0.5999547243118286
34433ca9271c2287970ddeb84f25a3a5.jpg,0.9979187846183777
344ec1e262faaedb2dcdecb05b16a335.jpg,0.9833118915557861
3460dc68700f488a042ee244bbe7671f.jpg,0.9953252077102661
346422c9d2c77b784e479b914b2cddf3.jpg,0.9916610717773438
34660c8f481085a76903795b384d7a32.jpg,0.03350156545639038
346ad07f2436ff12e653e50c3df48a4a.jpg,0.9999912977218628
346b6015efb0020cf3cda2d1dae8a30a.jpg,0.9980106949806213
3483fc390a499304e13b2728a19c9905.jpg,0.9971987009048462
348a5e2625f40aed338b824b8b760f91.jpg,0.9963414072990417
349054666a0195838ad99e83e621bd4e.jpg,0.9972628355026245
34d12362206bf3becb77fb0e50ec7a6b.jpg,0.013603011146187782
34dc5899b9b13f4646c9ffdc603408be.jpg,0.9963634610176086
34e25c88350d6f41f372a54a911747f3.jpg,0.9964848756790161
34e807bf4fdf3071b0202de1920c9554.jpg,0.9887674450874329
35632ddc82187a9e0e326fd6397d0380.jpg,0.9914690852165222
357946ee06e4ac947f5d3dffc7b78792.jpg,0.9974638223648071
359720886b2ffe4f7e0c638b469fa471.jpg,1.0
359ba498b4dae656fcc032687ecc70c9.jpg,0.06226902827620506
35a02dabeb316001bee1fb0cb7f63abf.jpg,0.014392999932169914
35a15b6aa92e7af2db3acfd5f4f78066.jpg,0.036943983286619186
35ac10e38bbeb564ba4a82fffb50bf3d.jpg,0.10687388479709625
35c08cd54baec67dbf520cdc079a77ca.jpg,0.9819292426109314
35c7cb1b5713208e2e094365173f4909.jpg,0.9976212382316589
35ce0a8c72392ec39119629a3b63c17b.jpg,0.3209817707538605
35dc36ec04c1f49ac6d72314b20b5c9f.jpg,0.7558758854866028
35e997748fd1640961134fb52a0f7f79.jpg,0.8305040001869202
35f55425fa8498365eda70277fd256ae.jpg,0.9999980926513672
36219f1335a4d56041fa1139a9c27f3f.jpg,0.9997912049293518
36241ae50ab8a044d8d46d9bf27a2ca1.jpg,0.9993846416473389
364123fd3a8ad71d1097038289394349.jpg,0.9656241536140442
3643af81b03332989cf1dec370025669.jpg,0.9753433465957642
364ebcbc23b32aa8769edd865c7b6447.jpg,0.9961647987365723
36597342049563199f446c97dd220ee6.jpg,0.7845202088356018
3669401f8eab8a5c1f06b87a62195f43.jpg,0.07559112459421158
367c077f87a93b944570df670882fcab.jpg,0.9995453953742981
3697f2062a9c42b760312d861207052d.jpg,0.9677448868751526
36ea7ab27d0d631bd68c93cec8ddb6aa.jpg,0.9999467134475708
36faabb3fbfea47f6a2af22630180cc3.jpg,0.9910523295402527
36ffc06cde094a7a561dcc722bc27a70.jpg,0.13219104707241058
3717ee3cb8c70828cf80ad760e0d739d.jpg,0.9513823986053467
37220d4bd167b61ad8f1b166ffcb711a.jpg,0.9882814288139343
37371e6bdd858d894389c4a82e19ac7c.jpg,0.9959147572517395
3753bb124bb80feb9e77bdf52a38dfb3.jpg,0.9999774694442749
375d256077058713c78a9cb1a6f86746.jpg,0.9936882853507996
37608b2260bfa62e2760da7e889e3013.jpg,0.6216661930084229
3778ae403d1e16d04976ce92b95203e1.jpg,0.9262127876281738
378500846600fb85b3f8c0b903de1389.jpg,0.24499091506004333
37b06f6de1166bf4b3d9e8a24a5c95b0.jpg,0.2539622187614441
37b08e63469246f2d8ae584c8056497c.jpg,0.9999810457229614
37e430f659e0597b3aa19ee088a6b50a.jpg,0.9999550580978394
37e78e784409ebf80ff4725454e5b883.jpg,0.2043513059616089
37e7d40d557ee7447a58198772a9f860.jpg,0.06859269738197327
37fcf87beb515743dbb4cadfd6482e7e.jpg,0.9076934456825256
380c707f4ab51f6f41cc114b592f3bce.jpg,0.9535863995552063
383bd90bf6db92df020b4ab89c7d4080.jpg,0.9995552897453308
3853bb0185293698cadd264e9b6f1845.jpg,0.9999938011169434
385b63aa92f193a1d3e173c5e6c50d98.jpg,0.05540362000465393
38913421d89cdd800340373d19d294e8.jpg,0.9442489743232727
3893c5321f9d5d861610b4e016236377.jpg,0.9905514717102051
389614ea5506bd9cb5b418dc736966ca.jpg,0.9999918937683105
3897882fb0e2df6d69dca8e41e5eb16c.jpg,0.02340099774301052
389c84e3c79234e6b15f7b7c82a19376.jpg,0.06657464057207108
389e6547d021c7937f018f67a9e5a1ff.jpg,0.9972407817840576
38a5eaeb657d3b74afa0cf0e74d0752d.jpg,0.3303481638431549
38bb1bd5ebf31df345b2f3d0c9195a25.jpg,0.9726259708404541
38be43075ffe23ba9f96e9494e827a7c.jpg,0.9995255470275879
38c5dc4c1b2045a4e717700dc5ca02d7.jpg,0.9991220831871033
38c6466e06faa142385f081fcd11134f.jpg,0.010171564295887947
38cd6b3e58e29f49d28a13702b757a41.jpg,0.9931156039237976
38d36d1066eb4790c45a9eb23235b63e.jpg,0.21028639376163483
38e0f2d95a96ab7ff704773ad6d28a2c.jpg,0.9734025597572327
38ec292f25713deeb34b4ae4b6757e16.jpg,0.9836570024490356
3908c537c0ff901abbe8487787ff5b2d.jpg,0.8147547841072083
3937adc467e0994826e88ead861d59df.jpg,0.9876668453216553
393abc71a4890346d351a6760009e482.jpg,0.9999058246612549
394c9ee3c3bf00c392c88a927171ad83.jpg,0.9883714318275452
395228df50874f8cacbe18c681445acb.jpg,0.16106203198432922
3957f051e0d828d950034e6e64cda3e9.jpg,0.96163010597229
3976878e9c9a5a644cf4791d9b28dfbe.jpg,0.9960173964500427
397e1bac89405c857746b8a9cd39a800.jpg,0.9984748959541321
398c895246c8acd4291a9b1d1d5e7e7c.jpg,0.01316909771412611
39972731c82577a5cbf3b43b15854267.jpg,0.9858884215354919
399a9dcf7e5c0e48cf0362d0d3e7d62d.jpg,0.9923831820487976
399d76e72afa414862a0199042b248fa.jpg,0.013474036008119583
39a78946bf34b22291c12644eb36ffdf.jpg,0.017298731952905655
39affb96c3cc85cacb3dd01c548308e0.jpg,0.9775692820549011
39b6cf716e969fa5ea799cc6c0bd79c4.jpg,0.9986962676048279
39c538d95cdc58b9059ee8759ae6063d.jpg,0.9978098273277283
39d0b282e8662c27f26c545fe7a86af3.jpg,0.9942979216575623
39e502b3f17c3e11a931bc41a652eb39.jpg,0.9937620759010315
39f9cb01f94d769f036c1cf4036bb98f.jpg,0.9948487877845764
39fb91aa0a6cf5647bab375d7c9b380c.jpg,0.9993649125099182
3a0300e02cb07eb5e8cb022a28244f39.jpg,0.9997791647911072
3a238f1fd37342f17d4d24c3391ac836.jpg,0.009148366749286652
3a347331a0767f990bcb61ef3473c42a.jpg,0.18361303210258484
3a5657d140458ae32c2780818b51a0b2.jpg,0.9717440605163574
3a693dcaf39e9dc0c87ce1b3737d9612.jpg,0.9621244072914124
3a77f9113b60c62b7d30c5f41828ab6b.jpg,0.9723153710365295
3a8e50b867a5b6359bd9aedb37b32cd5.jpg,0.9998704195022583
3aa60292e7c71db64003bd3f05dca6f9.jpg,0.9978129863739014
3ab1dfb4b119c14049a094f4e5a7a4be.jpg,0.9991903901100159
3abcceb7af3ae6d4d66e5ed69d79f2a6.jpg,0.7283387184143066
3ac3bc4063756614a5c41f7a7299f2a8.jpg,0.4273102283477783
3ad3913ced26ce96cbf2fcc108fa4408.jpg,0.007015335373580456
3adecd5b2eff87601435ae6fc916043b.jpg,0.03562793508172035
3af1c0e9d0c4804d052f081ca661cb2e.jpg,0.9973316192626953
3af2505ba583e17b79ca406f1ada47d0.jpg,0.9990857839584351
3af947554f1ed6238cef30bdfeb40527.jpg,0.24128223955631256
3b27306089badef1180e964d9ac7488d.jpg,0.46161413192749023
3b2fe8ed244b9cf026c5d16ef28229ea.jpg,0.9993255138397217
3b56c8476d496b5a857f5b8165e275d1.jpg,0.24490532279014587
3b57dc22cc59434228939231709f7dec.jpg,0.9524324536323547
3b5b13175204d092787ff2ec50b270de.jpg,0.9986186027526855
3b62d5f2b7fd9c0cf715c8741d94e11b.jpg,0.009744676761329174
3b77d7babee46fda8ab2a4b73ac1222b.jpg,0.24031826853752136
3b7ece215b0da7678c282bee79a1cb44.jpg,0.9915054440498352
3b82539776dea79e0670d9e379915ed8.jpg,0.6974576711654663
3b97951db9d5207ec69b6443b1fd450b.jpg,0.9792118072509766
3b9830bb420a2a5f175cfe2de70e976e.jpg,0.011085418984293938
3b9f60bae32cc92f5bd8ab34a5a0b1c3.jpg,0.998816728591919
3ba15c78b6d0ae23e9ea97035f3be64b.jpg,0.006683030631393194
3bdea2774101354d9a7a8f43435a935b.jpg,0.9988995790481567
3be2c364e84af48a85e51c8cc54d5e29.jpg,0.9999717473983765
3be6111993605a895b29ae06c3bb37e5.jpg,0.9934007525444031
3bf7930e4a08a99690c4b828d7207d6a.jpg,0.9850088357925415
3c049fe211b5435e0fd7ef2c8c5d9c80.jpg,0.08156877756118774
3c0a2f128d16363fbf65ab892959c59c.jpg,0.9977489113807678
3c164cf4f009478f8df7118cac9d9db6.jpg,0.040363091975450516
3c1e86f8c41d53c57d75a3d4a099f3cf.jpg,0.9999697208404541
3c242435424165b302eb756ba91f76fb.jpg,0.9996696710586548
3c2504a050b6e034c09a07d9846bce16.jpg,0.9995259046554565
3c2e7cf1bf486193857f76dd3e52b3cb.jpg,0.9948850274085999
3c30fab1273b45151e77e7dbe2b27a20.jpg,0.9976270794868469
3c4d76d2bfd6fc324e79cabfc4d1bb2b.jpg,0.27782002091407776
3c5bb2ac0d85a485bc2844ef99fdac80.jpg,0.037078242748975754
3c61351348c3bf7a20222c4713db2a50.jpg,0.36711984872817993
3c7e3d45eb1fb47243f1aef38c51f780.jpg,0.9601014256477356
3c85c0ac4afbd49331855d81b187a574.jpg,0.9924506545066833
3c8e578072890bb594392f2c1aea6469.jpg,0.32111218571662903
3c8fddf8eee0b9405bdb82ab7342540f.jpg,0.9987057447433472
3c90856a97ee063df4454cab3915549d.jpg,0.9999995231628418
3c9312435d77a3aaa3fe64cd3708e807.jpg,0.9914608001708984
3c940f3c4671cdfc2fa3abba9b879e2f.jpg,0.50946444272995
3c9a8013c8c1e52c8bcbae694786c1f2.jpg,0.9385612607002258
3c9ba8156d3b6e45869a68742ac261b9.jpg,0.999943733215332
3cbe308f64380a2c555dddede04f370e.jpg,0.710537314414978
3cd261a22355605b37b71c8e710e2c0f.jpg,0.016346560791134834
3cde445092795bb319cef4e191196cbb.jpg,0.9999350309371948
3ce6aabd98a52aa87d5d7e644674509a.jpg,0.9950404763221741
3d08e983a12ecb75b9034b2c10e3edf7.jpg,0.9999994039535522
3d1738a81c62e35b3c9cda0414a9b7cb.jpg,0.07169517874717712
3d1c4dae4434873b77c1fde99cc2aec5.jpg,0.9998346567153931
3d249dafe9fb22d4e0361703ef0769bc.jpg,0.9962790608406067
3d26154d602208cc0be7fc6862690bf0.jpg,0.9988343119621277
3d274fd9be439ea943b933ea1096b83c.jpg,0.997734546661377
3d2a05fd546e6e21930a286c4fff64a4.jpg,0.7624601125717163
3d2a9133a003cef116241a93777ca1a8.jpg,0.9987230896949768
3d47cbfb5af85595ee0534b1e2bfe0c5.jpg,0.9988675117492676
3d497d059c2c5a5680c7aab6dbe9d8c8.jpg,0.9972043633460999
3d6482ba8f1c1271292cc6120c81fadf.jpg,0.9644386172294617
3d65eedea9b84cb2698444e46b3463fd.jpg,0.9907156229019165
3d6f7e3baa2b10613638595a7d8cf768.jpg,0.897520899772644
3d7bf1fae9823ca3defbe1cbbe1487ba.jpg,0.9997575879096985
3dca71b2287782d8eec2dfaa320ca1cd.jpg,0.8305850028991699
3defb18232cd23ffd5ad0318d2619c27.jpg,0.20633085072040558
3e08349e8ea2c8792c3a449bbcc5bc7f.jpg,0.26157432794570923
3e2945bcf1d567cdc6883b653b95dda9.jpg,0.4459384083747864
3e29dd9579844b2fbe9f781f19c6787c.jpg,0.9576466083526611
3e34277023a37c7a94e9343ad04010ba.jpg,0.028064288198947906
3e3b2cca8106991bf9805a4b31ace1ab.jpg,0.9999579191207886
3e3c941e0a06a74e3b012d31b4abc34e.jpg,0.998885452747345
3e49fe27cc1bf8e0efccfe99be559caa.jpg,0.9987886548042297
3e5b38b5fdb24b868c82f5f17f72b2b3.jpg,0.9900274872779846
3e74b9fbb1f759f8a54a103ad1367ffb.jpg,0.9515854120254517
3e8b21296eea20d8f02d40c6deb84ba3.jpg,0.09379630535840988
3e91cabca6775d3cd754a669ebf39306.jpg,0.031219543889164925
3e93a4783dcbd7b881d872a68d180515.jpg,0.8194218277931213
3ea0a14964113b0592a5411ec45f0672.jpg,0.9933411478996277
3ea4285ea835a5d68172e191a36be9bd.jpg,0.027460403740406036
3ea4c49d117ce43739d56420f191a35b.jpg,0.9936209321022034
3ecda614e34c86ca89df2bacc1085a3d.jpg,0.9998552799224854
3ee1bd606d343498226ff3502f2cc68c.jpg,0.9972081780433655
3ee61bf52fea0dc109b1b7891c4ee7d9.jpg,0.9999663829803467
3f4fcfc16d304a1bc1df8a67b1b5064c.jpg,0.9091836810112
3f61691c802633d275dabfe125be62f8.jpg,0.8514124155044556
3f864bf28131591eb295ce04afb63d6d.jpg,0.5737828016281128
3f9c7e1d98f42f0394ff199b89dc35b6.jpg,0.7895347476005554
3fa4c4ad31ac712ea1dd15af4eca050c.jpg,0.997083842754364
3fc39138e24024ad509ccd1dac2b3113.jpg,0.9854077696800232
3fe98ef7eccf407bae1a7f208f603e0a.jpg,0.9922939538955688
3ffc890b476735fc0a3776404f208f74.jpg,0.3319205343723297
3fffa59355693c8cd3a5e6312aecd1c3.jpg,0.9996564388275146
402b4110e327004bdb4a6ef4281c67dc.jpg,0.07643911987543106
403f5c2162909763c43cf6a0352ee26e.jpg,0.9999639987945557
40430ba52e9abcd20a1571b34a44f47b.jpg,0.4573827087879181
4055687d757bcd821f8014c5137c3ae6.jpg,0.9879940748214722
405e5416fb804209b7fb5f5e4edf478c.jpg,0.21306706964969635
405f6b985232cba0572add10e63d88eb.jpg,0.020749036222696304
4064e0ab74781dc6daa35373dc9b245c.jpg,0.9678357243537903
406d1b0feb79687de523297134edde89.jpg,0.16389888525009155
4071c562dc7a35f886e06036f1e6fdc4.jpg,0.9996644258499146
407a2e8c1e75d5434fbd8f48b4d108c1.jpg,0.9980610013008118
4084aa725e1e625e0567d05f71f8553c.jpg,0.19863839447498322
4096f461a90cfa6f331cae6fd8385409.jpg,0.960911214351654
409c7517c4bbd9fe43b2d506d9473149.jpg,0.838551938533783
40a0eb24ae545baf67eb1999ce21898b.jpg,0.9421495795249939
40d4c85d07a562c03099f572c113c2cb.jpg,0.9814198613166809
40d550e8f12ab18b7816275419e9b1e4.jpg,0.8978694081306458
40e0cdd76b50f6ba9eed94f2f32e07bc.jpg,0.3067547082901001
40e4f35ea9bdb053021172172f0f1f8e.jpg,1.0
40f26f90a9c2b25d912ac6f8c2d4b661.jpg,0.9313440322875977
412aba7958b50b0f2623d5c8498200b7.jpg,0.9979842901229858
413b1dfaad2eb5291003ef1c1694626f.jpg,0.061598747968673706
413be2c2102623b2faf86e576d438042.jpg,0.9999487400054932
416f926d974047fa39c1b3b761fb9e38.jpg,0.999936580657959
4174c304dd17f6e39d2c7b60723461c7.jpg,0.9994221925735474
418670a0c7f63f960da4772d66e0c1a6.jpg,0.9982181191444397
41879eafd738f247eddfd774343e6b4f.jpg,0.9707394242286682
41925a245cef2c3f0a2d4c6a3f9fbc3d.jpg,0.03224837779998779
419fd6592c8fffa7380d8cde97b52536.jpg,0.9701122045516968
41b6d404cf0dd73d040b1130940ea2cf.jpg,0.6404551267623901
41be7358f2a0c2fac40acb5efca5121e.jpg,0.21586458384990692
41d92eaf91f08f908ccdc155a60360bd.jpg,0.9999991655349731
41ddeb431ad5ced5df79a03c67d74ce2.jpg,0.9314314126968384
41ea8e4bf4c8f3464ef81d5fd9e5e839.jpg,0.03734751418232918
420ccaa9eddcd341b11e8132b43e6f11.jpg,0.2573438584804535
421153ee9ce1ea31aa1eaa41f0144088.jpg,0.9733042120933533
421994ac6c6023f1bea5eb73bb79ae03.jpg,0.9837455749511719
421a77a5a9bc3e85c33c034a80e1299c.jpg,0.9967940449714661
421e23e14a8de6fd5e832be38f9eb2cb.jpg,0.9110156297683716
4234330a9ffdbd40d13d3c26d30fa579.jpg,0.9715303778648376
426293eb41f36db8234d3333b62f029c.jpg,0.996279776096344
426305d793b87ac2bdb8f14a64c1b91e.jpg,0.9999858140945435
428449aeed0d9317b6421957399bf502.jpg,0.44487690925598145
4285a56469fe5b3dd3332d4ddd0a8fa7.jpg,0.9994799494743347
428cd10b6d7e6817e74c5b9eaafac82f.jpg,0.9999793767929077
428cdff665d76d5addf58e688fbf5646.jpg,0.9966250658035278
4296a06c0ef72f32bc668addc0b85694.jpg,0.980401337146759
42a01c1ef0d207518820030b26c71236.jpg,0.9733943939208984
42ada93c735ac1c5111f9f08e8914233.jpg,0.998424768447876
42b6f25d5abd374ccea9569e534b2798.jpg,0.020080305635929108
42ba7bffbcd132a35c824863f5d5eab4.jpg,0.9985577464103699
42bf9f92fa9eb1165f50bd5d9ea69ea9.jpg,0.03678742051124573
42d4696b3723107b6b72a46560e8c294.jpg,0.013901548460125923
42d75893ab1514209c2c423eb457e9d1.jpg,0.9950410723686218
42e8e2154ec352bfdce06bb83d34d62f.jpg,0.9955581426620483
42f14fd108e8bde76d80330d85952818.jpg,0.9996306896209717
42fb55e6cdea14fecb5d6ba298eac0a3.jpg,0.8854732513427734
433052030eeb117e4bd8f6ce033c9da4.jpg,0.9513071179389954
433ce41922747f44d69db7cfc070ece6.jpg,0.08827205002307892
43496a10c0e4eace091accd33728dcb8.jpg,0.9783399701118469
4355fcc168aeb1535425172b9872fde2.jpg,0.9967637062072754
4384010bd8677d38eb89c91c73e58ab9.jpg,0.999544084072113
438bdf5eb0eb3ba5ba0ecd1e80f3d50c.jpg,0.07730799168348312
43a982b4e54322a2c1b1191ba06cca18.jpg,0.17398054897785187
43c56aeba34dfca1f3e55b052832f789.jpg,0.9998947381973267
43c7e4e7226819524d41bc586f706536.jpg,0.9283220767974854
43fe106d51a39d04c0a7a1021bfacd82.jpg,0.9810662269592285
44130e137560620e7df0a2e77fc90257.jpg,0.9999996423721313
444e655f5c0d6c62fa5bf7e8a304f4ae.jpg,0.7113878130912781
4452b16c72a4c3d1174694881bddee82.jpg,0.4055614173412323
445e1d7d1454bc2db084fe0df1f2085b.jpg,0.703531801700592
4464ad8495c54d4b11be04e90cac2d0e.jpg,0.9975705742835999
4479f53e08c5981490ee1423f375f7e3.jpg,0.9783698916435242
447d9b3a062d64b601adc86dea93029b.jpg,0.9991490840911865
44864ccc753c809260df01d34345ac2f.jpg,0.9892876148223877
448f26952399c4ff1ddb9d48f261ca0b.jpg,0.30478909611701965
44a38cfcee8a82b11850133cfddcb0cb.jpg,0.9927478432655334
44aaeb1098196ba2723927c96f6f7f7c.jpg,0.8327575922012329
44b373414be1516aa0950c04fd625c5b.jpg,0.9999291896820068
44b4613691af60e45282d350c8d7e29c.jpg,0.9987672567367554
44b9cd0b7e97638c77f913dda3671407.jpg,0.9998145699501038
44bc3391a0349e4c30b38a41080c018a.jpg,0.9999904632568359
44be7565e62eae8e26e6d805c77feb2a.jpg,0.9996432065963745
44c8586563bcb2ef284876687e142a4d.jpg,0.9970109462738037
44fa3ba34cbda2fbfa94753ca2a1cdad.jpg,0.9044854640960693
451ea69836ddcf7989ee9128966b1412.jpg,0.9992676377296448
45209882e85e7c12afec7cb0ff39c785.jpg,0.9999041557312012
45236d6dfa7755d7fb25efd53c478500.jpg,0.9968445301055908
4527461f126ae4209ebae18285f0658b.jpg,0.995954155921936
4530bee4f5367c2f0009c0fd4e4b13c0.jpg,0.19599276781082153
45312f2d103c697a88217aa8f3eb6f61.jpg,0.7955719232559204
45725e3cf4a09eb27e754bcc2ff33252.jpg,0.9888444542884827
45792e27694e128f0024c22a48b1b913.jpg,0.9762067198753357
457a0614f51a4b0b9161233628075244.jpg,0.9723233580589294
45949b24d1c6dbf57c0e9dfd74194d3d.jpg,0.26033151149749756
4599d650f7dd33a8b214d7b987b70396.jpg,0.9995443224906921
45a6c4c9df03f3014e67358a491bf4df.jpg,0.9999152421951294
45a8f55ea8afa81d56dc4703cd1f5023.jpg,0.21029096841812134
45acb04ac6aed60da503d1351403d1b2.jpg,0.9995375871658325
45c2b7617c356bc8c58777d05be7afbe.jpg,0.5536512136459351
45c6bf0dcd439cec6b0cb40993a961a0.jpg,0.9735113382339478
45ceff748ea7df5ce3d06d0390ef391a.jpg,0.9529743194580078
45d5a98a7ef91eee33cb0ab9f1789cb8.jpg,0.9999451637268066
45ec2bfecdfbb0c1177ef98c6bcf9e61.jpg,0.9998496770858765
45f29dd5775c626a3048e0078d660fff.jpg,0.8204351663589478
45fa111796baac91aab85353d5ab500c.jpg,0.9992436170578003
4643669cc8cab79366a45be05174f316.jpg,0.26992857456207275
465f1c04097539bf502ab18597583fb7.jpg,0.9533801674842834
4663569f372c39b42065fc2c0fc7bfe5.jpg,0.987885057926178
467c17f9955376b69bbc84f469f09286.jpg,0.9999996423721313
46902290adb229dcda9120db645d31b4.jpg,0.010726592503488064
46978b2a492b084726929887f8d068eb.jpg,0.46012696623802185
46e7219b224bbcfde144e8b146ba23d1.jpg,0.9997808337211609
46eb3fe7f2a874eff911c1e72cfbb879.jpg,0.6699851155281067
4709bd37170a1d6e9574dc16a6236e64.jpg,0.9998290538787842
4710ab9f97a832ffce271162c34af1f8.jpg,0.9998483657836914
472350da9a277c4e01c71ce435a50138.jpg,0.9999812841415405
4723c3835d75510f110c8bcf7d5f5294.jpg,0.6054680347442627
473092a0da5428e94d09b76e5bb3814e.jpg,0.9999985694885254
474ed48e38c6b36dfb19a539b9ece947.jpg,0.943494439125061
47567975e3a8075bdc3d65015a386442.jpg,0.7354142069816589
477bc3da91b798a442a9185c17fcce47.jpg,0.9969114661216736
478aaebca4a30b3828eeb20925781e13.jpg,0.9664694666862488
47ac83100f1258fb46b839b925655ed8.jpg,0.9562267065048218
47adf5d96509c1fbe42976169103383d.jpg,0.9898927807807922
47b1129e424f4c13899f13ef0e3b2a03.jpg,0.9334280490875244
47b3b540a04015144200b7742d0270ec.jpg,0.9563179612159729
47b9f9bb48e1629b2f3343d5626c7bd5.jpg,0.030683226883411407
47c449451c67ae9bfbebc54a0f6e93bf.jpg,0.9922063946723938
47c710f17383f8db9c56636f4415a35b.jpg,0.9999431371688843
47cb415ec8901c4bb67f06e3d9abd5c2.jpg,0.188075989484787
47ec029469f28a1d2e5688646d3df9ef.jpg,0.985093355178833
47f1abdeb9c507d7ba887add6d42da4d.jpg,0.985334038734436
47f7bb7be57eb574a6becbc8bf65342f.jpg,0.03727921470999718
48255e30c6840b0a4a38e8831804e909.jpg,0.16444000601768494
4828cc9bb8371876c3835d3f34bfa403.jpg,0.9686850309371948
4854d54d858432ebd773cab837548235.jpg,0.9998897314071655
485af70f043d939f6b808910a2947533.jpg,0.123322032392025
486215fcbdc207fbda89817e95d10e4e.jpg,0.041190385818481445
4887ba0c1f1196198ebdf86acccf1e17.jpg,0.06168593466281891
489992b04a5671ce991761dafa46faae.jpg,0.1609448939561844
48a6c398288a2539ab36e5a77c472372.jpg,0.01273369137197733
48aacaa9db76fc68585da72102fafd4a.jpg,0.9893993139266968
48ab2707b50e764a0475c04dd99d7458.jpg,0.9970890879631042
48afc4fb38b9f64946e0ee7b3c1af83b.jpg,0.007053602021187544
48ca8050461b57fff93b243e4f0df798.jpg,0.8708310723304749
48d432457094e2c36ca36225fe5dd0e5.jpg,0.7860830426216125
48ddeb69e72ce0bfe7b16b12e3971029.jpg,0.9998815059661865
49009f841f45feae43cc3c68748342b8.jpg,0.9506518244743347
4904429422bf861187d031fec21c5960.jpg,0.9864940643310547
49050020c0e2e6cdd8134b8d1cdea692.jpg,0.999788224697113
49105bcfdbd0d1276ac776e9be87cc3d.jpg,0.9936195015907288
4916bf7827341d75dcf8c75bba1743a0.jpg,0.9964046478271484
492019975c5168d6a3c9c9708a09f8c3.jpg,0.9870327711105347
49211613f6c22481119925ca6e2f9ea3.jpg,0.06264759600162506
494749a9318404205d9424068c9dcfb6.jpg,0.9815494418144226
495fba5c0a3c1771d86e2f6db139c9e8.jpg,0.9999593496322632
496d4538138c97f084e4e51d68363a42.jpg,0.8911669254302979
4972fcbf7a3459810250416c177d61ee.jpg,0.99979168176651
499c4223559f06d30ba803de2e595512.jpg,0.9995392560958862
49e61bfbba2d450c5c5d16c61b0fcc4e.jpg,0.7883484959602356
4a0ccabe6f27e3583ff4f7fcfd66ceac.jpg,0.020443864166736603
4a0ff6745817a3b5162d66a7735a0c2d.jpg,0.9182654023170471
4a163684e2487bfa5d45042875bcacc6.jpg,0.20245042443275452
4a1b4330fa36c223c13b3169ed8e912a.jpg,0.9999809265136719
4a1f1c73b5ec24385497660064e0a626.jpg,0.9605188965797424
4a2383e77d31ea3082f2cfb706c4efc3.jpg,0.9999611377716064
4a24c6b8cfdeae7259001cd1cf9bec28.jpg,0.9997243285179138
4a2dfa5f2ff9d5b9ac1ef7307949549d.jpg,0.020012879744172096
4a5f8c398c25de981aa3b9bd1b791952.jpg,0.9999182224273682
4a76a997e7245c6302a8bec4dc6071a9.jpg,0.9997362494468689
4a8c86c60fa630d8015b63b2ce39809f.jpg,0.9999055862426758
4a9072dcf4a3c1c6bd5d45a9ae7b4075.jpg,0.957802951335907
4aa123fd8fb18a9af042631fb9ba1ff6.jpg,0.8851194381713867
4aa1bdac1667f55b44bb15b9546329d7.jpg,0.9998476505279541
4abaa3fc5b096607c2b82dc681481fec.jpg,0.9965128302574158
4ae944c9da1cd23dc80d510a21396f6d.jpg,0.9971690773963928
4afd063fd02c6145bae35c2f1b3d4b7d.jpg,0.9188010096549988
4b0a282dbb26f8d40125804aa5eed6e4.jpg,0.01412255223840475
4b0f01fffae3a773b8c8ac6e2bdf18b7.jpg,0.9996870756149292
4b12da572528f3dbe4cf6e1672a643c5.jpg,0.999995231628418
4b3ef67741a527ad5c89ce48353575eb.jpg,0.9592923521995544
4b7b8ec5227506e335e399e8450c0011.jpg,0.9991857409477234
4b8b52290367c47f0ef57e6a4434dfbf.jpg,0.9998364448547363
4b97658ba4d854ad7589d5d637eff561.jpg,0.9990100860595703
4bbde759e3570bc03849c0f20052c6b1.jpg,0.9987315535545349
4bd16aa6020170de5c0f3f30b4ea9655.jpg,0.0188865028321743
4bd4abfa56b2a2bc160d50d64fe89a47.jpg,0.14948764443397522
4bfed21b1cd0a9f2a9e65e9ea5d8107f.jpg,0.43364185094833374
4c062630da1e670a40f1ac7e9db11376.jpg,0.9997636675834656
4c49ba97c99da2e646153e1cba96a9ef.jpg,0.05304865539073944
4c6309c9b0d216a33b0ccacb1059572e.jpg,0.034025415778160095
4c6462b9ba1bdaaa3366fe136e5e3651.jpg,0.999941349029541
4c7625003409f4f1892fd9ed03e30ae2.jpg,0.9995436072349548
4c76899a6e4b4a6cfdd2f28707fa8114.jpg,0.5364530682563782
4c8752d7594f5ba7bca55b2d92f98400.jpg,0.9999645948410034
4c9c7f37cf9725bc78be53dfc3a2cd1a.jpg,0.9830726385116577
4ca1e8a3b767ec4e2d771632144c8b0a.jpg,0.012303666211664677
4caa66387968797ccb432533c9d6df16.jpg,0.9999486207962036
4cb1646227e47f2f6f1aac02e86bf275.jpg,0.024062253534793854
4cb864446c5cec3c195ab5a69f4c2cc7.jpg,0.8918561339378357
4cd37886d36c889b1c668eff7d4ad7ce.jpg,0.9948499798774719
4cfaea3f7c0a9ef7bd23d190d6ad8527.jpg,0.052181098610162735
4d0a7a1bffa774b166f3fe7556e25e20.jpg,0.9952831864356995
4d116ceafd9455c48c759d974dcb3532.jpg,0.9879769682884216
4d27303a45355e9f5341b66ba2796b38.jpg,0.9999954700469971
4d2960c6dd09ac797f2ec1e36378b25a.jpg,0.025413889437913895
4d2f3b58f8bb9de7f0de8a315c0b1545.jpg,0.011430871672928333
4d43b6c1f39f202c25f75d34da32e103.jpg,0.998515784740448
4d4723dbbdb14ff07ace9ea123b7b326.jpg,0.9719440340995789
4d4d833f2bb581983618f7d928431c3a.jpg,0.9944337010383606
4d502fd57fe2fe31318f8246a343a57f.jpg,0.9850519895553589
4d51b06d985683d05f78efffe78b204b.jpg,0.9983344674110413
4d55ad2e83cf2507048c657b1036728d.jpg,0.01747995987534523
4d5f5f54c25e5eb08e6b4c12852e1934.jpg,0.9987704157829285
4d5fcb5c12fe6682038e768a97ad6fdf.jpg,0.9871442914009094
4d72f4d03854f1065f4806ed5b72d1c1.jpg,0.9987414479255676
4d7aa565330203b7c90b85e40b8be0ef.jpg,0.9999997615814209
4d8ea4a53b859d392db851d1388767e8.jpg,0.9814011454582214
4da1b14cc17bcdb63ff39102d72a6238.jpg,0.9979713559150696
4da23466083afb458b1385afc1a98569.jpg,0.215216726064682
4de9463b49ffbcb12af7ee7611f22441.jpg,0.9957376718521118
4def6f74a1d4ea94d68af25b42e0f392.jpg,0.02203562669456005
4e096c24d658d44576d2296903eb4da8.jpg,0.9992243051528931
4e0a71d88d0f38ca2eb13706ad7c3c50.jpg,0.7991681694984436
4e20f01b09c9a0d86720e851c626cf25.jpg,0.9997816681861877
4e2bebc31440a6e61775ae53a6693b5a.jpg,0.5534877181053162
4e30932de7aaf872ac1b90e79f9a6d7b.jpg,0.9920090436935425
4e334c1190b1a7d77f3cfe0a833b7e2c.jpg,0.9953888654708862
4e38d784d64170f6710dea744d9ee3e6.jpg,0.7728970050811768
4e3d4844ce97770e8ae94c564292c190.jpg,0.6297415494918823
4e5e4ae40c8dd1cc2a36d3d058e54ed9.jpg,0.9991940855979919
4e69d5fca502d044b876109c86e5251e.jpg,0.9983591437339783
4e9e2e6470d11f2b9be6f0c604d1f96c.jpg,0.996032178401947
4ead076d06e5b14a4d099f004e031ea5.jpg,0.9917833805084229
4eae0d816f7cdd71725035a68bd1b08e.jpg,0.8858956694602966
4eb9aba3ef7b61671a07c650e359f295.jpg,0.012137264013290405
4eca08b0ea7affd6c7a4ab24b5f217ad.jpg,0.9995452761650085
4ed6400cc4afe276c5784ccb20989089.jpg,0.02212190069258213
4eea117517b78f60e2b79120e5d128ff.jpg,0.5177357196807861
4f0f5ff0542b8164637006aae4241a1e.jpg,0.9939623475074768
4f104e3ca5b0c38f8e05019aaac1e7e8.jpg,0.9986974596977234
4f3cd44a6daa9a636c88e264e9a1c637.jpg,0.9801554083824158
4f42d93876672df29149efab9eaf9d4c.jpg,0.0433574803173542
4f4c1c683c8af83d48a80f183a1c5a0d.jpg,0.9997554421424866
4f501499b8297b055339c38dbae1ebff.jpg,0.07226677983999252
4f58585c597d91dd3c53b650718ff1b7.jpg,0.9979483485221863
4f66fb5cf39ba9d282cd78c950677d1a.jpg,0.048289939761161804
4f786cfb776b3436c516ae668cccba46.jpg,0.9821422696113586
4f9ee29de10e5e6714bc0f331fbe0304.jpg,0.9998935461044312
4fcccde0c6320408d64c7bb4c39a4c3b.jpg,0.1355370581150055
4fd006d81e27eabe9c0ec90ed47d4c65.jpg,0.8999252319335938
4fdefb5075cb919085d90e2ac40cdef7.jpg,0.9999915361404419
4ffbf4d4d1947650148fe9ad121771cf.jpg,0.9869844913482666
5019ae59a09ee995ba132e4633c62fcc.jpg,0.999931812286377
502e542631f72ea84ea3e9027b323501.jpg,0.9925143122673035
503f3a8b5118471f247157924e3f31ec.jpg,0.7015900611877441
5056b0749d237dec8e8b22ba8c184de1.jpg,0.9962661862373352
50614185c22dd9c557b0b342fb514d45.jpg,0.990294337272644
507e2e4a231bf57b3a89b14378c20d46.jpg,0.031937167048454285
509041f065730fe12c203ee372bf5124.jpg,0.9820817112922668
509ed03d4aaa5e7175b968f0ae398b8b.jpg,0.11569208651781082
50e79c8b41fafa5f5b98dd105a9f66b0.jpg,0.011737031862139702
50f28255047fd4dff39a8e211ee92e38.jpg,0.9984246492385864
50fa323e9ecfb47f429062b0a81b5178.jpg,0.9999842643737793
5118550d5da4ad7ca4a8c2d027269713.jpg,0.020646871998906136
511fe69c527b08ab8f05f55a790cc886.jpg,0.01112668588757515
5123f58832d8073a8c614b95814d60d5.jpg,0.997731626033783
51319005e985876b031187548cf027a7.jpg,0.9999996423721313
513da61f8620fa5f08fd51d5e5c314bd.jpg,0.8738322854042053
51434c8404811a19e13d20c7afd05942.jpg,0.9892487525939941
515018270e88658c7593b603bf2dd802.jpg,0.015444842167198658
5154ab4f79af56592c3dbfeba71fa7f0.jpg,0.04973191022872925
517614a9fc3a2553ced650830d773d15.jpg,0.9823980927467346
517c5d4dd3692fa8c8a226230f6e83db.jpg,0.11665470898151398
518287d102fcb154fc3e487083b9c9f1.jpg,0.986591100692749
5182b3f575d07057a43f03a2a84b4a4a.jpg,0.9992793202400208
51a5147e842b774d5f668083030e0753.jpg,0.24948063492774963
51b8f740f1907c731aa8fc63db78c95c.jpg,0.9999802112579346
51db5df5aada564fab41be9a5a3074a2.jpg,0.9999986886978149
51f2eebc2d7fe3ebf67db559394aa7e7.jpg,0.9999868869781494
51fab855c3c5689865e327589bafe7d4.jpg,0.9997929930686951
521df0b70e46ce171eb8e4dbac7d9312.jpg,0.9835678339004517
523500b42542e31aad4ddf3d601b4c9d.jpg,0.9988204836845398
5245ed6fbb09c7fe9f075cebf8f2973e.jpg,0.04870839789509773
52546e9c89213e7e64e70369d7e4bac1.jpg,0.9995978474617004
5257123f94c66aed5d7e4c85a8147fe5.jpg,0.9999295473098755
52678825f8c6064e520aebd048a7db88.jpg,0.8630303144454956
526ba98ef070dc8d886b105fae0c7300.jpg,0.9997255206108093
5274fa2f5917ce3f8894075af67746e4.jpg,0.7405683994293213
528c90b201bba25b8f4543b3fde2cd96.jpg,0.7125858664512634
52a1994668709cc8d4f247b42685ad75.jpg,0.26800283789634705
52c15d0d1d1398eb182739797fce1037.jpg,0.9942988157272339
52c5044fa718b31e4424d1c125264abf.jpg,0.9940375089645386
52d11eb8909d86617f19b714654a14cc.jpg,0.9987949132919312
52dba598dfb38ae82a85d719493b8ba3.jpg,0.9999423027038574
52e2fdd8b1b12b214ec100885ac2e814.jpg,0.03368673101067543
52ed7535d9fbeea650da0155c9172263.jpg,0.9997835755348206
52f4f326dcaf95a51718b33c5f0f97dd.jpg,0.20901131629943848
530323b129b7ff1761f05beece0d173d.jpg,0.9935755133628845
53099b396c0ddf1ef6d3afe1ee264b7f.jpg,0.6787620186805725
532e6e4440094a64f3de429666417dc5.jpg,0.9907793998718262
5337211440ffbff8ae8d82342602205b.jpg,0.9960615038871765
534819323b412d09e31244419018533a.jpg,0.9985103011131287
5351e37e1c34a9366ed3baa074129e05.jpg,0.9819530844688416
535231fb1577d5f9252f11cf8906bac9.jpg,0.9951210618019104
535c092d395ada35e110719396de9d44.jpg,0.09030019491910934
535e86ed179385eb4a8d45ad6b08eae4.jpg,0.9421423077583313
5384030deeba63dfc7d49d6d402e7114.jpg,0.9526362419128418
539818e9e99e0ad04692f99f565320fa.jpg,0.9968360662460327
539ffea88b9daca53a22c26324d48566.jpg,0.026860641315579414
53aa6617fecbdad9c5f3b0b136a7a23c.jpg,0.9486417174339294
53b68e26a9ab4f28c093e7950fc9306d.jpg,0.38672229647636414
53c2ec7ec87775c6b94e4083b808e9d0.jpg,0.04926948994398117
53c969e823b7f2e4953a9cf37d276420.jpg,0.9953155517578125
53d1105038440dd777835ebd72363197.jpg,0.9950392842292786
53e26407fb43033f43da0c3456a3c4db.jpg,0.9999995231628418
53f36095342fde82292d85f7e1017a67.jpg,0.9998481273651123
53f909f3f506e192f8ba48e67be300af.jpg,0.999932050704956
53fb9e7f935bfdf7221eecc33938d8b6.jpg,0.9922341108322144
5406255883f6431cb43d8674284c5efb.jpg,0.9999799728393555
54247e6ac8f892f2e013a8d4289f4c7f.jpg,0.9991387128829956
543a850c8c4fee0e62d883d0de3cc663.jpg,0.32210129499435425
544be09c3e7285901772abf1d7ae1531.jpg,0.01207773108035326
5451074e44faf579a751c29897cd5254.jpg,0.9995773434638977
54670d0e3a5fcfe59f2fbeaa979d0023.jpg,0.9985272884368896
546c70b3cceb5fbe358594bfdde1c2ac.jpg,0.0458383709192276
546cb4e0e46927319d60c5b6d64521a2.jpg,0.11119842529296875
547d88ef22e7998d53261a66f9f0e496.jpg,0.02633601427078247
54a0d644b0ea927128c73531dc54b63e.jpg,0.6759280562400818
54a47fa4b6532fa095784451b967b0e9.jpg,0.27595505118370056
54c413539caba1e5a00e5bede804cdf0.jpg,0.9992488026618958
54da7d134217cfd74988eb223eae5c4a.jpg,0.01724841818213463
54fa91a31a8b235733f0f833c67d2a6e.jpg,0.996020495891571
55042ac66c0d340b8b4d5eaf2f5ffd73.jpg,0.9997530579566956
5518489f709576b1b88e677ba6fe72cb.jpg,0.9993745684623718
55220f4befcf07a694fcc6e6478b7df6.jpg,0.9807224869728088
5524ad4b643afe4085e303a35a26bf32.jpg,0.9998051524162292
5528397863e19485faad2363f8a29764.jpg,0.7734698057174683
5536d28ad98457faef79c4d4bc3db445.jpg,0.5694371461868286
5537b9e63f63b0534872e17841389c3c.jpg,0.9882907867431641
5549257bc1990134810537738c6872f2.jpg,0.9816821813583374
5555d0716951dc4b890afa955a21ca71.jpg,0.9898271560668945
557778f7f0c751f23b4fbd5146936f3a.jpg,0.061701852828264236
5581cf31e5e39389cd3356226be333ba.jpg,0.1019381657242775
55883aa5cd3a3962ffe972d7605301f0.jpg,0.9663047194480896
55911ba7b4414858fc231fc0eebf16f4.jpg,0.6268681883811951
559b2630d35eeae96cc846f42a79675e.jpg,0.9972752928733826
55bcc24b0b3d2dfd43c4eda176a03992.jpg,0.04388677701354027
55c43884c0ead182606e950655eba935.jpg,0.9997231364250183
55c70eb4dc12fb0da902255aa8f1948c.jpg,0.9797593951225281
55d1708dd2aba4525f8da8667b0fff8d.jpg,0.7582955360412598
55d40cd0e36145845dd7dc6cede6ebbe.jpg,0.6697577238082886
55d9bb7a10b295469a87877c0a578108.jpg,0.9495328664779663
5614b444ee41e1c7c12d1c7ffb3747bc.jpg,0.994783341884613
56211311c05c5775cab92298c0c43d2d.jpg,0.9993963241577148
56252603457e38c4b9d539d6a3be380d.jpg,0.9598749279975891
562706436fdf4d515436bc6e2dc7c092.jpg,0.9935705661773682
5639cb7b66fa1e3306dcb758f0ae0c20.jpg,0.8630756139755249
56463df8d069f36b9b7fdd7d0a36c95a.jpg,0.9902806282043457
566f48f7ae2c23c1e633949ef87beb5d.jpg,0.9315235614776611
568d6b8859f39c82b9036641ba3f062e.jpg,0.27269062399864197
569fc53baefdd9dad386303c4fecc392.jpg,0.9984344840049744
56a5df2f2c69082649a8ff28ada6f3db.jpg,0.9999488592147827
56acf98fa9652761273427649a33cd93.jpg,0.8474191427230835
56b5caed32dcdaea79ab8ab71ab29041.jpg,0.14922602474689484
56dc9ab756940906ece799f486863898.jpg,0.04136039689183235
56e109f09ed3b6921a3fba4ab0c1d35c.jpg,0.6894100904464722
56eae59b37e113775f336035e920c291.jpg,0.9976680874824524
56ff8fca94b425430f6800c15bb33a52.jpg,0.9996998310089111
571ce5636fcbe2d9ee63ee26feaa8b5e.jpg,0.9999027252197266
572a7d00d2c99ee3e1138ac584808eae.jpg,0.9978370070457458
5731c1e30956ce3b6a399ef093d1952a.jpg,0.7143515944480896
5762bb146887bf525cbfaa013f398adb.jpg,0.9993836879730225
57a6af4da9cf61b92f142961ac1f922f.jpg,0.764752209186554
57cdb87cc8a45453bd7464855487384d.jpg,0.5271317362785339
57d13fdb4d006e0f110c974dd4678c32.jpg,0.9986878037452698
57e4b59f74263fe83ffdc604ad5afc4a.jpg,0.4271027147769928
57fa44b130fefce32e5e0350d0d560c6.jpg,0.8369331955909729
57fcd68def57253a971b076edbda63fd.jpg,0.4149382412433624
58090441cad95fbd30e53d157b48cc22.jpg,0.03520973026752472
5829395aee72819e27e81f3f71acb9a8.jpg,0.16702906787395477
5829e70e656c3393035287b46df2f47b.jpg,0.9409603476524353
582b679c953439d7123d177043f3944d.jpg,0.9994499087333679
582d05bee78d4ec597e789f622206b1e.jpg,0.8360538482666016
58334e75fab29e24c5d37a9037e6dbcf.jpg,0.9688270092010498
58504ecef9eb7d67d57b534c347d9868.jpg,0.9894228577613831
585186a39380b03d16891e6c777e4c63.jpg,0.9943161606788635
58661585dec5a64f9ce43e53e6aee774.jpg,0.13444547355175018
586bf8d63e9be36ba044a96cad1d0453.jpg,0.956213116645813
5884a9995110becd6c064d1c6ceaea50.jpg,0.7095224857330322
588be7b33f883603211bdb77f394c4ed.jpg,0.9960334897041321
588e185ffc2fb506a1986b628f5fe4fd.jpg,0.9990262985229492
58902692e4c9cc67b3b6780d4e1d388a.jpg,0.021909084171056747
58bfa0b2259d8e1c29124fee9c68f3b4.jpg,0.9919026494026184
58c974b1df54fb39170c7a26f6bfb8fd.jpg,0.9884470105171204
58cb5e74ce3ad8d47462e4fd04183cdb.jpg,0.9870712161064148
58cedf1c4a848f5920f1100ea352574c.jpg,0.9986244440078735
58d6ffc8ac158d3574911dcf51bde238.jpg,0.9929364323616028
58daf92566af8fb04aaf2d5db4b89f5b.jpg,0.9998873472213745
58db3c2f83688ddd0f5b6f33560ad991.jpg,0.6757106184959412
58e1b4439ec0fcfe9aecb29b55fc1bd8.jpg,0.9838470816612244
58e5afebba21d86a7eb7fc7a2de79433.jpg,0.8797767758369446
58ea970b9172e1a9109cced9593d4612.jpg,0.5790926218032837
58f705102368eaad15841c30d2f7158e.jpg,0.07236263155937195
59172078efef2121129f4d6b711c2ab3.jpg,0.14326630532741547
5918cd19a2820ae68fffa4b49d8045dd.jpg,0.9942293167114258
59225ed62f8a2b061e4e268c7afa2472.jpg,0.1923598349094391
593bd6bd7318522249e8815511f08182.jpg,0.9973849654197693
594da5f047cde8191fa7f12a674d2b0a.jpg,0.9969141483306885
59526213baa24afea86b725370d130db.jpg,0.03397730365395546
59642fd7eea90beacff04dc211ce0502.jpg,0.9906834363937378
59776ee1bfc40b50caf97acf6b61ac08.jpg,0.05120813846588135
59781c8bb1088874c43f4768b86c9220.jpg,0.999947190284729
5978f5e5ad3d4c7aa790d355c5a3494b.jpg,0.025075890123844147
59ac3ca555d150b21884f7f2273d7449.jpg,0.9999686479568481
59ae56daafdec09b3f397dec66343d7b.jpg,0.372681200504303
59b21fc650229b004a8161762fc9dbac.jpg,0.29717817902565
59c8362012bfba27df4a6337d13bf165.jpg,0.9936327338218689
59e78d9ec1d34e72edbbb2c4248ff228.jpg,0.0815601795911789
59ec0acb042c70d9154a1d143a11b4af.jpg,0.9896120429039001
59f434a8fbcada40f8290a9a3e32c7a2.jpg,0.00918456818908453
59f840c89858bbcd8850a6a0f6a739ed.jpg,0.9999948740005493
5a0be6a4c9aa672d943ea4e8d1f766db.jpg,0.9999884366989136
5a1118ef4e669db6a2fd0270a2411bdd.jpg,0.9988975524902344
5a1496a50b1a54a6013cc985935748e2.jpg,0.9991563558578491
5a28748f93881f396c028372f318e075.jpg,0.9873597025871277
5a2ea4958c1b38273191cc643c92cf7f.jpg,0.9999974966049194
5a3ba375caa821c18905a8f8d43c567d.jpg,0.9960957169532776
5a8e48caebc1f479164f0402cb8c03ea.jpg,0.033576738089323044
5a9a473c6ab591875ef855208a598630.jpg,0.9909740090370178
5abc350020e24c417e12df35975e4402.jpg,0.9988866448402405
5ad61f8c67db8286789ce7bd3dd65a5c.jpg,0.1443382203578949
5aecc1714af50e2032e3ed6389446a8c.jpg,0.125935360789299
5b02df20fdb0e0ceb4a2dfd922fee2af.jpg,0.9999815225601196
5b0ddc8fd679ecbec4f9c7461dae6ffe.jpg,0.023299742490053177
5b3356068f114c20cb3838a06fefeb04.jpg,0.9607284069061279
5b791846ee6da6db44490acd7b2596c9.jpg,0.7893279194831848
5b7bdcb1cf666c5b0643cd74a287c1e1.jpg,0.9994472861289978
5b80f013ee3358876a28b751b23b8914.jpg,0.98723965883255
5b8579e48063787210438238e0d51dbc.jpg,0.07433190196752548
5bba9e80c68987495bcb4302182ff864.jpg,0.9998682737350464
5bbcc25eb4491a39ae7d2932af050074.jpg,0.9042173624038696
5bbddef64bf5556e25a421d2a4c8ab7e.jpg,0.34946882724761963
5bd075d8253c53e99c6e73ac4172ac8b.jpg,0.6375195384025574
5bd2024bea8106f572d56da2a304170c.jpg,0.06624182313680649
5bdb1a73efdbe0a9c7d5ade00d1d0f18.jpg,0.04944849759340286
5be01e893caafcbeebb33a325b3c45d2.jpg,0.9976894855499268
5be9c91879a113eed99794a90087f9b6.jpg,0.9363014101982117
5c0a6a3a772408f44aaf7ae0589fa870.jpg,0.022650694474577904
5c1a6a1a758474489d247b0a5080ae06.jpg,0.008734672330319881
5c1e4d8caf5e3e9044e5f9c48f7c702b.jpg,0.6432144641876221
5c28b6812cbe5a1aa12688d176373174.jpg,0.9891208410263062
5c3eb29a61e19611fd754211b0198b96.jpg,0.9910404086112976
5c4321ea9164fccd0998b8e5e9b9bd5c.jpg,0.9975382089614868
5c45ca0e232ae4f9831a9dbb3be06343.jpg,0.8744332790374756
5c47958702d95756477fc8507da1d7a6.jpg,0.999942421913147
5c51054cf92a663282ab0f6395b5f7f5.jpg,0.9995602965354919
5c5c2c43a23bc298973e6e8483c7ad1a.jpg,0.33683139085769653
5c86aef5eae8f5353e999efcaa530a48.jpg,0.42108574509620667
5c92a1540ff8ac54615a0403cf3bf126.jpg,0.9944544434547424
5cb12ceda2b94f63e6cc42ee11f29482.jpg,0.8916373252868652
5cb70bff5a3b8e4d92ccf7c817c84663.jpg,0.997698962688446
5d1e8bd800ba84e9b650e7078cae7c6e.jpg,0.9720859527587891
5d20079987c8c807c6fd0c3ce811eb8d.jpg,0.9876147508621216
5d2b7ab797d2bbcda0078de0a16cc9d0.jpg,0.34418725967407227
5d36147d7bfdd6317e9cbf5f7d20699d.jpg,0.9788820743560791
5d5c99806902c64b89f2afac08213e48.jpg,0.9883183240890503
5d61d90437ba9a326295dda1b90bce67.jpg,0.9991217255592346
5d65094b7c6ef7a35f7db884403170ea.jpg,0.00849463976919651
5d65734571a1704c9944b0431efb46e5.jpg,0.8349703550338745
5d6704707937458f7756fc21c8314b49.jpg,0.11471053212881088
5d674f2cc16fd3c35a2f48ea043d5884.jpg,0.9967785477638245
5d6e04c4adb6a61d36b71e937145bf82.jpg,0.9522249102592468
5d8da7831290ce7195c9b09d8d36465d.jpg,0.025871679186820984
5d9225e1de6ba251d53b299df114bb8f.jpg,0.564876139163971
5da4b0e7ed3dd7165ac844222e67ff2c.jpg,0.05433526262640953
5dc854ceff3aa31c01335d04d15e22db.jpg,0.03310568630695343
5dec7ebcb2dc43a667b6009e3946ca60.jpg,0.9752928614616394
5df160adeff306008505ab5891c5a06d.jpg,0.9998706579208374
5df514456811e6a11f59f56472db3284.jpg,0.9688049554824829
5df9a7e2c00140f69ea22f806e1954b3.jpg,0.9944432377815247
5dfe0ceaac065e7b482f3747df79194a.jpg,0.999832272529602
5e047a0ebe63f2a8b9c35f170022dfef.jpg,0.9947426319122314
5e059736237fad5474ba07958a414e56.jpg,0.9889994263648987
5e111e9b105c5a9f2dadda88b4132a59.jpg,0.9998487234115601
5e18bf2477619ec3f8b92662b5d61c0b.jpg,0.9988162517547607
5e4577e384cef5e0f7c63b26f04dc6e8.jpg,0.010419956408441067
5e5b366f2c32dc313146f71ba99ab95c.jpg,0.9940474033355713
5e946d31db959c075fed15add68da207.jpg,0.9492775201797485
5eacbb413e5cd4e73cb7b1936758abf1.jpg,0.9892521500587463
5ed109bbe2cca81d870dd822a0b4343e.jpg,0.6209279894828796
5ed5f26639f479f12d86ae653ee3578a.jpg,0.9916967153549194
5eece65a36c835a22c0f98acc8649197.jpg,0.8171135783195496
5eef8352446fa32c373a231a957e8817.jpg,0.9907616972923279
5f26f3a43278495930cd7be7f5df14f9.jpg,0.9985532164573669
5f422c0d68a73220233c34f0d52bd81a.jpg,0.9965937733650208
5f6de5ba6f3f2ea6cf14b7a917a0abc6.jpg,0.9999078512191772
5f6f9dbacc1c598d84d079d971405bb6.jpg,0.9966385364532471
5f747cca3cbfc3f2f045d25e4e7b4983.jpg,0.45233437418937683
5f85e91d75ae7cb6c28a482fd95408ee.jpg,0.9971342086791992
5f9579b13c617437da01953fea1de857.jpg,0.01712026633322239
5f9f275e8cce4d9a09902a7469e01bc7.jpg,0.9992044568061829
5fa19fa2e880c211d827cabbd931502d.jpg,0.9841982126235962
5fbf87f4f2c80b5d3cbd1259fe6b884a.jpg,0.999985933303833
5ff2bb8e035fbf03ddd577645b5f7e2f.jpg,0.9848485589027405
5ffc4f64d6f73f85c484596de8f68e1d.jpg,0.9972677230834961
6004ebec1014f33035cf41fcc3e01548.jpg,0.9998037219047546
6006eda8373b6ec4a7877a59e207db54.jpg,0.9796125888824463
600ce3b4e90d053dc6da288cbb0fd697.jpg,0.9999330043792725
600e0b526bb2582e29b8116fb2f546f7.jpg,0.09973274171352386
60121f80d03e15bf875323357bfd5b9a.jpg,0.9983013868331909
60499c7e58c0126b6072a60f40965a3b.jpg,0.9971296191215515
60515ac7f73add1c96f360b21f45a944.jpg,0.022357016801834106
60519ef64af589fad796d859d1c82fce.jpg,0.9998188614845276
6051c8fe5f75e1a691a922ae833705ee.jpg,0.998296320438385
6054b22afc730171f4c7eaddaefa18ae.jpg,0.10445688664913177
6069df66d57a61cb1cd0ab5e93eeab0f.jpg,0.9978894591331482
608901ee018430cc26ba775986cf2d01.jpg,0.054883867502212524
609358f61ede8648583d685b0221172a.jpg,0.20110584795475006
60de80cf89a6a3c88dc78f69e8bc5f69.jpg,0.9999607801437378
60e83a2235338990cd97d9a2a668e4b1.jpg,0.9972092509269714
60f77643e2ea7ef2149d986d575b6641.jpg,0.9940112233161926
610ba78cb17346aaf162349be21e0a79.jpg,0.9849064946174622
611299a8b3cfe8f1e16dab67cee068a5.jpg,0.988734781742096
611f161fe3ebc233f1996ab7e413f8c8.jpg,0.9855367541313171
616176df5045f57ecb5099cabc74423b.jpg,0.008849252946674824
618261b16a78d786fcc96d5c4ce99155.jpg,0.9997865557670593
61861e415cf53011a73583e28cd4ba3b.jpg,0.9938311576843262
6196fd821823d9c2eb8fb99ff342ff1e.jpg,0.9959339499473572
619c9043f5c017442f865484e7f4d95a.jpg,0.9968377351760864
61a66588b4f4849d50b41150e3b1343f.jpg,0.9759547114372253
61bd7ca5a9a3e08e2f9e341ba08879a2.jpg,0.999996542930603
61f4668df7be6d8a7c59f7f7ac710254.jpg,0.8691368103027344
61fe24b3b44d7123d10ef18d7dcc0ada.jpg,0.9873998165130615
6210d406324bc42df79f27811a83a12d.jpg,0.041813865303993225
62117eb657ecb6db1325efadda92210d.jpg,0.015873679891228676
62124a291ab400eff3f7ccc01abf5089.jpg,0.9978558421134949
622b7558fa543727ed19b4f3fba6e4fa.jpg,0.01983443647623062
626b55f4d20bc8171510f1725aa855f7.jpg,0.9996254444122314
627def6cf8e9f02a89225b8d951a9ebd.jpg,0.9451207518577576
62891943efa9c4b4cbaf6de9c8b6ecd4.jpg,0.9994082450866699
629cb24c5cae65aa2636ed66b07e833f.jpg,0.9166795611381531
62ad0043ebc0c8a0b9eb3dab9504ddad.jpg,0.9999337196350098
62b899e7d72d1c39f5983b20bfefb38d.jpg,0.45914244651794434
62d30bae41045a6633fae84bbe0d0f30.jpg,0.05035577714443207
62dfaf895224ffa02f5e5cd971bb1d2b.jpg,0.9973723888397217
62ed1215145495142611b92a53958a37.jpg,0.09718993306159973
62f117a0c9401920bada6c8f5672ced7.jpg,0.9806731939315796
62f4b2f95f1bb114ff5b99a5b2051af3.jpg,0.9949448704719543
62fadc7a0fbea962c0dd932600233403.jpg,0.9186409115791321
6306254b847eee72e4a28a5be6b72b15.jpg,0.9949470162391663
6333430c5ce3c4c39e813c359844e010.jpg,0.9791103005409241
635a875f06ef8cfb90b32f624c50ed18.jpg,0.07349062711000443
63687d03c1f486adf84c3a1b35ea4653.jpg,0.009950699284672737
636e4b2a1513edd805232845a5cf9794.jpg,0.9911786913871765
63765f22321a8b7ec0e5806039880416.jpg,0.9999518394470215
63793ba69f2c8b6c71aadf39d7629829.jpg,0.465707391500473
638d4637f84a94e9555bef3384f70ce0.jpg,0.011599734425544739
639c7b4a47cd9c9aeb02ded0c8d10018.jpg,0.04509880021214485
63db5af4371ff4199d57293d3df714dc.jpg,0.9192168116569519
63eb18b0e828c7636507798a7decc6ff.jpg,0.9979872703552246
63fbb0863cbe35fd290687264b787c5a.jpg,0.9955450296401978
640987baa031dda45dcc93dc2f24a243.jpg,0.9999366998672485
6416b0cb158cd250c8a71f01d88cc2f4.jpg,0.999804675579071
6418dcf1b19a02af935b22b9ec608d8e.jpg,0.9999958276748657
643175e1bad6516d6d7f1d682e38c8bd.jpg,0.9992156028747559
643a131df6d7b57a2712ebe1c8b85579.jpg,0.9962884187698364
644017bef843b53be8a5c85221fe2f4c.jpg,0.9975438714027405
644bc463015877d32d34cb05e00e077e.jpg,0.060192424803972244
645861ca8196c1f55378eab7f292fb29.jpg,0.5929561853408813
646243478ca5fb65c994824876aa993d.jpg,0.9850442409515381
646b4ccd3844d3dc0102de7770cda500.jpg,0.02585696429014206
6472fab8708bcd522836a9f1c6e9aae6.jpg,0.016459975391626358
6484a4794bf3ea7c88bd14e6ab2e037c.jpg,0.10877854377031326
64a139f664174a9a74503936bd1b1e69.jpg,0.04158811643719673
64cb7d373c633be12eb1cf9a7be5a448.jpg,0.9987485408782959
6518c3eacef168c5b66003c438ff1108.jpg,0.9808727502822876
652af504440c02579d9281f6516c1c50.jpg,0.9945734143257141
65411a2f8cbcd38e656677843c5ad927.jpg,0.9834010004997253
654e5344ba4248efb1467ba2c8a086ae.jpg,0.9369060397148132
656267e5a7b55533f4b46f8136b897dc.jpg,0.9956279993057251
65642a72a5f373959562a283c57e6c52.jpg,0.9993242025375366
659da8317dd794dccfb5c0a06c56ed5b.jpg,0.04866385459899902
65c190527a27b67d4e02853068f28d3a.jpg,0.9832556247711182
65d8904aa90ed4ec15e635b90e772c88.jpg,0.9999107122421265
65d9283c817bc623bfb1896c30fba963.jpg,0.9982841610908508
65dba0ff597d93bf7f2613b2d90ce96e.jpg,0.9778628349304199
65df0606ba065fb4a72d77d81e42ca66.jpg,0.10110756009817123
65eefc1d7095f0648b6cca746e2dd117.jpg,0.2431100308895111
65ff94e88a4119013934a4c4b5f54e3f.jpg,0.9950411915779114
6602f9fd8da7c983ecf035ee918300a9.jpg,0.4081766903400421
660476817655bd3baa1eb4675568862c.jpg,0.1601950079202652
6618f9173e17ae9103531185f013dbfc.jpg,0.9945198893547058
6621235ab8d8361fea8c88be914fdbc4.jpg,0.02407633140683174
66273aee0f6e5e47943780980a629234.jpg,0.9999517202377319
662ed70e74ce8e63e6a03d25fe246229.jpg,0.9888766407966614
663e25af52dfc7facb7a3fb65265b825.jpg,0.9679027795791626
6659d0bc12e6d041020cc6c6cfb21995.jpg,0.9175490736961365
666af1d1f443863ca3dd31e7e3117f10.jpg,0.8954260945320129
666ba34d7415aa1d6eeead8063de68a1.jpg,0.5425390601158142
666bade933ff178db3525ad63d937dc0.jpg,0.9942638278007507
668c0ee1d0704fcb624d39c811387381.jpg,0.9999954700469971
668e5b5befa91901f700250f6cd0ab4a.jpg,0.37149444222450256
66917afd2254b27af670407725b771e7.jpg,0.9828960299491882
66974f2474585b745971bfc36fff694d.jpg,0.9997664093971252
669789ebc20b3c77d0f2feba60e9fa7e.jpg,0.09740331023931503
66993f47c2798d75c520768faa2da8d6.jpg,0.99094158411026
669ad35a796fa737d9d829e9ce9b7f11.jpg,0.9757827520370483
669e1e43ec8cbc1bfe997a02ced12346.jpg,0.6899495124816895
66c3c28e53d4cd7cc295842ba6f91521.jpg,0.011652879416942596
66c92e12b91f3a2f2b0bc59f0b45038f.jpg,0.12693095207214355
66d15cd578fa0655750f79498379f679.jpg,0.133160799741745
66da05eeccb1ba8d5b6629f5bc3419b8.jpg,0.4801739454269409
66da65ca32f33ae76acac53457c83b2c.jpg,0.06266714632511139
66ea0520bb437c617ea8657e5c66f033.jpg,0.8092337250709534
66ecbe279d81840895afd909916f9702.jpg,0.9874299168586731
66edaf1f6afa6c0df7ad524d1f12c03a.jpg,0.2742445468902588
66f9df80451a5bd8500e1e74124e3164.jpg,0.9808064699172974
67007ef9f3d3e51427a1c8ab5922652f.jpg,0.08835586905479431
6719f64d3222fc9100a510d8018c6f29.jpg,0.9999074935913086
6722637f6c516f9d435e9eb38be7af08.jpg,0.9999963045120239
672781881caa48da9172a0342b22ed4a.jpg,0.012318119406700134
6735893f8bd79542e3b12102d1a5e715.jpg,0.030969610437750816
673ecf93573bd9dcb539f0b55371072b.jpg,0.32767757773399353
6742540536aa46265716d3e4a78eadd1.jpg,0.10538110882043839
6749cdc059a4628b40585d3d8cb2196f.jpg,0.9902386665344238
675139849d238dcd7d16a34b70e6a20f.jpg,0.5430938601493835
67525592766e58811cfaaf7abae0f97f.jpg,0.9940404295921326
67687874b3a41541c2c794d9b7635784.jpg,0.9974825978279114
6769dd5adb19aac6ecb8f45232b72494.jpg,0.9997970461845398
67a77e8f8a060e3781e476fc44155613.jpg,0.9927632212638855
67c8813bd4d2a4be5227a53d1cf6609c.jpg,0.9469987750053406
67ddb56973adc810e272893cd00cb314.jpg,0.254941463470459
681e7d15b8712aeae9260550c6fe532d.jpg,0.6073362827301025
683d4766b3ba4f22102993fe5800cc84.jpg,0.9999951124191284
685efec2dfe712bc32d325e2bf19b8fa.jpg,0.9970133304595947
686612552f84c40ae99d7bbeb282c8d1.jpg,0.9621794819831848
687db9c41445159f0965267f6ca26b75.jpg,0.9885539412498474
688f74d1282338bbf4eb22081a6bb8b2.jpg,0.9976872205734253
689b6114ec620aa8bf9f5987f6efef24.jpg,0.05329521372914314
689cae697ff30a4c32d0384c4c5cd9b1.jpg,0.39023154973983765
68b095d48aa9398eb81521909d68dc47.jpg,0.04544311389327049
68bc1e4f3aae4194d039d97d37f79323.jpg,0.01692013256251812
68be4b079983422ac94d6c74810950ce.jpg,0.6129231452941895
68ce509678d6ff88111323cda80a2d50.jpg,0.9980515241622925
68da05a9f553c6fe2933a94d8b7ab1a3.jpg,0.036825139075517654
68eec769d5992c8c97db352f84187762.jpg,0.05576586723327637
68f5331d5d583fcde26d1e12fc31f652.jpg,0.9998713731765747
690162e4b91f659fa3a1f76b4f5b66f0.jpg,0.999861478805542
69137a1484213061d18204e4a729efd7.jpg,0.9944033622741699
69139065f1a3a910ab2c4c7a6de6c70c.jpg,0.9645555019378662
6928eca52d3f597593dbf130eef5f303.jpg,0.9955066442489624
6934da362a149afb144da9f55308a2ab.jpg,0.972525954246521
6963fe4f6b1a2dac0834af6201b3c866.jpg,0.9973369240760803
69780da122c734433e4c8e8802b52157.jpg,0.999894380569458
69a2a55480402727c61a0a43c0426791.jpg,0.010902347043156624
69a35b1b1744e3816a64c568f726d153.jpg,0.1900240182876587
69a90a8358e3c4eaa838fcbdc939e9e0.jpg,0.9998164772987366
69c04c3e3c5a2f2e92883eb6b5b57d4a.jpg,0.9998843669891357
69deb446c1aafd74ee528a6b61eada63.jpg,0.990410327911377
69e4778a6a1da28b7ba84ed8d0e2e6cc.jpg,0.03781013935804367
6a1481d7f065ded767a8639c43e1361b.jpg,0.9999946355819702
6a1d1c80f82056280355211519573f56.jpg,0.9992809891700745
6a1debf7195be2c3c9bd42888f5fbad1.jpg,0.9999604225158691
6a438a881aee1c447b68c88f727f9063.jpg,0.9997387528419495
6a48158d2c16ab3bfe16106cc64cbd64.jpg,0.9999656677246094
6a4dfea7b8ce8162a65600a98edda7f5.jpg,0.9993765950202942
6a5078a74b73750c0959e240a91a1314.jpg,0.9999591112136841
6a571b6df250e9575fb82f8904c325a1.jpg,0.975387454032898
6a65304656d9f84fcd27726bac5c1749.jpg,0.9992697834968567
6a658a4d207e894c2506c8587580dd6b.jpg,0.01974206604063511
6a6b3bbd09928671c26be132bd921f84.jpg,0.9731298685073853
6a6cd6106ab2a07e1050ef6a527f4e73.jpg,0.7908355593681335
6a78d73a09d51ec58ec6fac0842b9f4a.jpg,0.878297746181488
6a8ebbb6f0a4864433af0de288a95e09.jpg,0.8558080196380615
6a9fce2c280200edaf82f124f6209b9e.jpg,0.9963057041168213
6aa016d3e46fe23304886ab5285acfea.jpg,0.9993919134140015
6aa46661558836177761b163639b631d.jpg,0.18252180516719818
6aa85a29a5a12bfc66485813b76fc146.jpg,0.9861642718315125
6ab682b7e093ea8bf090f49f0899b02a.jpg,0.599865734577179
6abc3c3fd69b3487af696c1c945b5e7c.jpg,0.9996104836463928
6acbb4161ae4e64a9c840ea0e2d9d408.jpg,0.6157244443893433
6aee5b56716c4af328556c4480ca51ec.jpg,0.9946409463882446
6b0000d8bd88bf7948a585e848ef105a.jpg,0.8297997713088989
6b0938cfc566494987cbff4ed9a664f5.jpg,0.8957992196083069
6b10c300b2ff6eb09baaffbf97a80289.jpg,0.983424723148346
6b13032c7dd2df27fd3358e90d4bc512.jpg,0.9969493746757507
6b1624d3276ad4af33afb1f34236e87e.jpg,0.9992511868476868
6b30466e089f6f5b2db11b9478dde573.jpg,0.9993290901184082
6b68542be6ad89fbb42f853c944e5424.jpg,0.12753678858280182
6b6aba7b60b2d8e381c7a07f9e82d3a9.jpg,0.02017231471836567
6b7bc50b2cc496810f2ecd4c9a2a57ae.jpg,0.9993062019348145
6b7d064b4434976539b4af8b43c5be5d.jpg,0.9986170530319214
6ba1cecaf3130cf3a5ebfa02f6b27574.jpg,0.9509575963020325
6bbe29741848f406e93f7ad3692b80c6.jpg,0.8291853666305542
6bd6b0cb53751141bbdbe5f39c911353.jpg,0.9938138723373413
6bd84e1e85968cca938139bb5d0166c1.jpg,0.21598374843597412
6bd8e35cf50801e65fddb271eda713fd.jpg,0.00980494637042284
6bee524aa70cd1e63a406b7b063264cd.jpg,0.9887711405754089
6bf99ba31777659fc4cb894a91804fd1.jpg,0.7428280711174011
6bfa2301c642180087f1ff2fd792e972.jpg,0.3006480038166046
6c0404ddf0f5ca59131a50aea32b4e8f.jpg,0.9995231628417969
6c12b5a78bd1741062b6c03ef3d688b5.jpg,0.737765908241272
6c16fc75cf2e9c835bc2e3de173421cd.jpg,0.999847412109375
6c256a3262a053b9c39da7bf5c2c3992.jpg,0.9762218594551086
6c397566655ecda2051efc8ac74d3050.jpg,0.9996832609176636
6c4b1325959b410a760f14248ba2b3ae.jpg,0.9490203261375427
6c4b203b80117b2ddb172379edefa244.jpg,0.9921174645423889
6c5baf456492311df19978671f33b05d.jpg,0.021229006350040436
6c93c717710ec3899ec8afab5e8e8dd9.jpg,0.999884843826294
6c962b786f926f1cdbfdc540d9a01f21.jpg,0.9418042302131653
6caebb05c738bc8cd271cdfe84c3b55f.jpg,0.9999825954437256
6cb28b24d884c8671c70f295891ca1cd.jpg,0.319161593914032
6cb34013cd0ea6d03e49c5113e457a15.jpg,0.9999914169311523
6cba6129ebc9f6a9014f44e1832bd32d.jpg,0.9998087286949158
6ccac2d48f1edb60ddbc049083038956.jpg,0.999691367149353
6cd77ee7d4f7f2d383dba81a85c9651c.jpg,0.8378467559814453
6cd9f064a8e53f118e98a4017c2040db.jpg,0.2551128566265106
6cda0da853832ebbcb48e1ee2abae58e.jpg,0.9999263286590576
6cf0a06874054599cb9b1baa60125690.jpg,0.9907816052436829
6d01950b0bd923fea3878ae673270a91.jpg,0.990809440612793
6d40caf44e6b6ea288cca2f4ede6785b.jpg,0.9994920492172241
6d43958c124acbe9d7e43fae0900d965.jpg,0.9853174090385437
6d48e024b86274ac56f478c6d4f852ee.jpg,0.014687304385006428
6d50d78061ab9f9894e88768cf474ae9.jpg,0.9819821715354919
6d5b2830e8b9145245b850cde2fa3f42.jpg,0.9998301267623901
6d8d04b55ce170444bfcf47b296a933f.jpg,0.9999408721923828
6d9ad3a45ed17c110a38e6d4564afb2d.jpg,0.11248099058866501
6da22baff4e282f86295bb3c3f722400.jpg,0.42035701870918274
6de2f9b5e2b940bb182d6123e7fd5a58.jpg,0.965641975402832
6de98a39ad6f458d9322ba400559efff.jpg,0.999408483505249
6dec1483c0d1a4fcb22268c2e3544471.jpg,0.9991834759712219
6e05e4a87f4c936d9b2c2882095c4d31.jpg,0.99997878074646
6e0f3a01cd46f9602da214b0227e9d78.jpg,0.9951580166816711
6e16124dd8363bb104380ddcbbe0af20.jpg,0.9971296191215515
6e1a4f6844cc6a667c5ed04753771b60.jpg,0.9933863282203674
6e24be5b614e38da7bd6bdd82bd3e7c9.jpg,0.9614958167076111
6e2fcd6d7dc73cf3bcad29e572dd27c5.jpg,0.8932375311851501
6e737e00fc8ebd5af469dc19e9afc5de.jpg,0.9981569647789001
6e81d045a8799137822a7abb651de8f8.jpg,0.8814550042152405
6e83cf9ef37d465cb305460ebb676bcd.jpg,0.7752952575683594
6eb39a7d551672ce01eea8c3afe18825.jpg,0.9688627123832703
6ebeb06cdc07c631dc299dc20f3e9f98.jpg,0.8528088927268982
6ec98be09637134b66834eae95ed1b40.jpg,0.9998977184295654
6eeaa0f8239e825fa5201f42c2a7b17b.jpg,0.998738706111908
6ef288df30763f0c6ae973022e3a1769.jpg,0.10060587525367737
6f06247fea2ab6a5737d117e14bdc128.jpg,0.988552451133728
6f29da2e19372c238ec14b592cb71710.jpg,0.9987280964851379
6f39806e7729806cc81816cf331ab89f.jpg,0.0109066441655159
6f4f047921bd6608ffef1fa980503e1f.jpg,0.9724966287612915
6f53006c0c466d23ea9be71cd1b7c849.jpg,0.9960482716560364
6f55c6a76385a1500a2070f6a8aa7704.jpg,0.999903678894043
6f59642b727a17b2b662ec319e731d12.jpg,0.9823817610740662
6f7f25c4a7e3a0d321f3626f214fb769.jpg,0.9956228137016296
6f97771c66886f160e8066f459977d5f.jpg,0.9991017580032349
6fa8d840da2879afe91096cab033ad12.jpg,0.9606921076774597
6fbdf240e3cac7e8fa919c0bd5f4cd46.jpg,0.9861360788345337
6fdcb6194d924bec2ea2c2a727e9c200.jpg,0.9999676942825317
6fddca779755610885b6bbe204254599.jpg,0.11927808821201324
6fe5eea9a0a445b4546fe417b778deb2.jpg,0.9995434880256653
6ff19709e301524ddfb7a9bf33101e2d.jpg,0.9421387314796448
6ff90cf31cf1aa934d628655dc1612f2.jpg,0.9975849390029907
6ffaac1f23650ace23a427fb993330c2.jpg,0.5342893600463867
6ffb4a1b7fbe410edacf2691380c69dc.jpg,0.989540159702301
701429f961368a67045f81cde2da35fe.jpg,0.13625101745128632
701960d22dc17bd74ce3c65694e86ae2.jpg,0.9779554009437561
7080aad5f708b78ef76d185473f2b864.jpg,0.9999784231185913
7083e9cf1d5407b26fc83cd6f0603bf1.jpg,0.9777784943580627
7090c598100ca6513c544c5a7e1b7022.jpg,0.9863829612731934
7091ea5a8481f5e61877805f01e398e4.jpg,0.006861343514174223
709a0735a134f6104ac906fbd85a1f3d.jpg,0.9957905411720276
70aedb3c481d1a64074f8cfda3f65b33.jpg,0.9967936873435974
70b7530f2fe54cc0bbbe49fcd1bb61ba.jpg,0.8736392259597778
70bf648bf926ddf95e35b785043fcaf6.jpg,0.9999953508377075
70efcfbf217c4231e5bdd4419f399455.jpg,0.3009963929653168
70f6664537be092da91afae9f18f2aff.jpg,0.9999250173568726
70fad4a0c26b2325e24d2a1a5465f176.jpg,0.9997674822807312
71034edb37ccd7ab39fe59b09fc8dd3e.jpg,0.9913113117218018
710828e3fe7c73e281208a3ad487b8f3.jpg,0.013118356466293335
7118806539335e1939ac97b613f894d1.jpg,0.998007595539093
711b95d1c99bbd0f22e72b80f975e53f.jpg,0.9183658361434937
711d3afd9885d08e062a7a883a73d8c9.jpg,0.9999959468841553
7127c539457eba59e12f5be59519c2bb.jpg,0.22015921771526337
71316a72ccb30c2ab1380c1b0caf0223.jpg,0.9980113506317139
7143ad721a255c72b4d9df02048b2550.jpg,0.9999747276306152
7146407daf850c9f20d1c6f88c622443.jpg,0.9448370337486267
715348bcd03b467c3d4d9ceaf44b97df.jpg,0.9520785808563232
715cfe090c1baa5426e10a9e8dc7a253.jpg,0.025904180482029915
7160a1105fabd84de7f430f1fafb9d68.jpg,0.07258610427379608
7178263861b08deb64430403f52484ee.jpg,0.36658912897109985
71899d2d2dd191a238d6afde005a550d.jpg,0.7329187393188477
718bcc1f6dc5fc3005955bf1597a110c.jpg,0.9999696016311646
718db430eb1347ef12412cbb502d72db.jpg,0.9997839331626892
71957d3a60ca371e441fb6ff5ee6379f.jpg,0.6299614310264587
71d013a3e4bcabf7e809a01b87e1a505.jpg,0.9990097284317017
71de5b9b6de4b3d07890bdf3ca387120.jpg,0.014644727110862732
71f041d5450b1b927dbe936883a8831e.jpg,0.9954609274864197
71f17376496d2d13e65c9558a790233e.jpg,0.9948451519012451
71f5635ad2bb3b85207f1f2cc6e6e416.jpg,0.9981012940406799
71f718d29a6cc29c564213e1a2dd85cc.jpg,0.630266547203064
71facb5b9667fc9c738e73ecf8f14dfe.jpg,0.6748151779174805
7206def9670131a36e87e79bd3ccd664.jpg,0.9994213581085205
7208f5dc6ac9c9d30c55095254a15ca1.jpg,0.9824265241622925
7246e984497f419d94cd622143d5e50e.jpg,0.999578058719635
726656234d5f0f78ba645d94656f55b4.jpg,0.9942106008529663
727513b9a1f61e2dd1a416d4fc257e60.jpg,0.9211527109146118
727bf6f9f742e704d831a2f475bd8a31.jpg,0.2025296688079834
72e34c2c08799e5a60101f2cc758a078.jpg,0.9999444484710693
72e4fb8570f24fcca3fef5405b8660d7.jpg,0.9999992847442627
7308092beea7803cc21ba2112ca7286a.jpg,0.6589143872261047
73332d32142dda0f3d26e6f0d5947d34.jpg,0.9865394234657288
73465cda4cbdde0b66076329778a336f.jpg,0.019487429410219193
735251d8e2d6e7b7f9a95310ed061099.jpg,0.9998915195465088
73c2790e45cf78d7b2d19596ab9749fa.jpg,0.3625970780849457
73dddece9e63812b064d9c0617264f6b.jpg,0.9769217371940613
73e1949c4c552e191050595f0e169ce7.jpg,0.9975823163986206
74042ab604b75f7420e3fbb40eb30e5c.jpg,0.036825571209192276
7404d7601891558f2cf559216ff10719.jpg,0.737550675868988
740ac0862141d0072d9ae250ace0cff1.jpg,0.9990391731262207
740ec8f558886795c68f0bf985d529a8.jpg,0.9990572333335876
741164136824dec4c8bce7d8ba41bf6d.jpg,0.8585302233695984
742d720c6e7f751109988f92de5a6b4b.jpg,0.10525152832269669
743ccc7be939162c3bbe911032cf0bf0.jpg,0.9522067308425903
744db6f2ef4f7f577da88490d162b8f6.jpg,0.9999996423721313
745f9130651625ad66ca82e49c92762d.jpg,0.9995235204696655
746bf0695ec515a19583d66b83447b6a.jpg,0.9824680685997009
747c69bafbb4ec01f80cd0116e10c0a5.jpg,0.9997656941413879
74912492b6cdf28c4bfb9c8e1d35af3e.jpg,0.9848777055740356
74b00b8c885884c2baceaeed28096ec5.jpg,0.9929497241973877
74e6a0f06bb25e5103a4f3e44a09b262.jpg,0.9995842576026917
74eeb891324b1990563a075aa6deb08d.jpg,0.06684259325265884
7502d9c59e019ada56f63eeaa859c37d.jpg,0.9747586250305176
75043fcf11e1c0c3e9a2bdc51a94ae5d.jpg,0.2556706964969635
75141f3b5b3f8d343fb1845f14064372.jpg,0.9995920062065125
75210c002d520c35d4fc0058bfcef997.jpg,0.8797420859336853
753954c3a1c61481c8935176529f5bbe.jpg,0.46105122566223145
753e8dc07c134f0ad97263beef59fe8d.jpg,0.8808091878890991
75509fc391224656878c583295b8172a.jpg,0.40469858050346375
755bb0d853c5059d4090ffb0ca6bb902.jpg,0.988477349281311
7573c3bcab2d8a81ef131f15df5951de.jpg,0.9990611672401428
757b1a16df5a0b7ad3018246ced3bfa5.jpg,0.9994483590126038
758abedafb5f39e1b15c39f282d172b0.jpg,0.9606776833534241
75a57b97e15e069a83289f42427ebdb6.jpg,0.13943184912204742
75b525e2f280754f2b5d53fa5ce8f6a3.jpg,0.6030106544494629
75c259577c75a0a00a9a107cd6be4bdb.jpg,0.9985217452049255
75ea73fc8622def26127f758c08e9eb3.jpg,0.9997453093528748
75f53cb07c9e1b5f0b75ef8cacc3fbbf.jpg,0.16287218034267426
75f69aab68c464c9b7e8bc1d93017bbd.jpg,0.9957773685455322
761b67afed835843fd518d3c85307fa2.jpg,0.9997342228889465
763a4202906e74c58a655078005dbd8a.jpg,0.594968318939209
763cdb71c150e1ea396df98e2bd6d870.jpg,0.008201155811548233
7658dd198e59b3577b5e42abe3aba145.jpg,0.9939795732498169
766b50c8e6baa62dbf6abdd69585bd8d.jpg,0.991534948348999
766cfc6be0820fa347daedf5ed721527.jpg,0.9995501637458801
767a933cb3abd677df9fcbdb8d75665f.jpg,0.9946342706680298
7697c898f03ebe78c31b37c04b4ff54d.jpg,0.9224408864974976
76ad73729792e8aca8c62467fc6abea6.jpg,0.07417307794094086
76bec75d07f8a26bf7097b5262c312de.jpg,0.6908273696899414
76c29d72c6623709745501d634d0bb0f.jpg,0.9998053908348083
76cdaab7c6872fd6af78c59a893dc59d.jpg,0.9683578610420227
7702588fbd782a529550198cec08b623.jpg,0.10532111674547195
77074653c44f4c26a93b269952367199.jpg,0.9904204607009888
771c3e527874a9148a79d0ae1865b8c8.jpg,0.9754042029380798
771c96b0adea10fb7e77384fa11b7a8e.jpg,0.2651405930519104
772bf5278eacde3fcf6d5d7c71af459d.jpg,0.9998754262924194
775c6522043d8e33871c360c429d25fe.jpg,0.03381700813770294
775d5007b2abb67ee16c1260da427701.jpg,0.9944984316825867
7776e40d2f33b47ffac903cbba7d428b.jpg,0.9999499320983887
77a6c7e7e43eba545f7c8f3e0f8d2d32.jpg,0.6060051321983337
77d6362683d614adae9f7cb474943bff.jpg,0.9985663294792175
77f3bf12bb1835462eb46270accb35ac.jpg,0.2766231298446655
77fda0ff6fb19eabacdfaee6113fbbbe.jpg,0.9995254278182983
780e6ce50c9ccffd53ac8a266ace033b.jpg,0.9615319967269897
780f6df5b783caabe17c7bf3e72759d6.jpg,0.9922866821289062
781c8d0b285aa83b54273ee3510384d3.jpg,0.9999850988388062
785ae4ef6f85a2f06601aa16ce0adf97.jpg,0.9950793981552124
785dd02c639caa99e1694fecf47afcfc.jpg,0.9849298596382141
785ec9ba7bb6152b6a746a322a5642f2.jpg,0.9880728125572205
786aedaf4823c8607ae3989add1c4185.jpg,0.9846678376197815
7884e4039d94faa6876f81edd0d1c4fe.jpg,0.9845519661903381
78a77ebf391ee847d637e719b9db4e9a.jpg,1.0
78a9903886393d65849f23898bc73084.jpg,0.9621565341949463
78aac5af87d0d278fb68f121e202208d.jpg,0.9987818598747253
78d5ddc753cddaa5831b41951ca7b927.jpg,0.7930940985679626
7902da66375dec44dc5381d5e2960de3.jpg,0.6897149085998535
7906d044f40bdfc4ac86632de8695d0e.jpg,0.7408128380775452
79299b3fb3df03d22f72108240e705cf.jpg,0.019739452749490738
79315aafbf5c6a62f67b6d8040fd6794.jpg,0.9954973459243774
794ee7d72699a728b7f82f751bd2d7d7.jpg,0.024902284145355225
794f8357dfb032d03404e3a89d315459.jpg,0.8831836581230164
7988bd76e6e227b88c2002feb045edcf.jpg,0.9857563376426697
798e2349a9ae1006f1252e5611c26a41.jpg,0.9803085327148438
79a4493e0469709542055116115c744d.jpg,0.9998080134391785
79ac4cc3b082e0a1defe1be601806efd.jpg,0.6869697570800781
79fd59b03d929a8d5fb01b8916169eef.jpg,0.9771344065666199
7a024f9e8291242f099ea7878a7fa8ae.jpg,0.9948292374610901
7a059f1ce9232644cc3528f6ec9e7cec.jpg,0.9097678065299988
7a12aff20cadff7aa631a65357662a64.jpg,0.9991158843040466
7a1c9923770cd779aa44a6d15ed6e27c.jpg,0.9876431226730347
7a30d07990646562524e34978cf56217.jpg,0.9288209080696106
7a610895312428cdeb9f3c991ebdebb0.jpg,0.03397213667631149
7a63aa977e1c4bcbe14734ea30e04a36.jpg,0.04647309333086014
7a69cf3c36838c93f5d9e2e5ca2d241d.jpg,0.9996629953384399
7a740558745ba7a17087efd86ade78f6.jpg,0.013412433676421642
7a76013cd932eb18e8ba45274b980fed.jpg,0.9322590827941895
7a8e6fb12c89b44e204ce7749719e15c.jpg,0.992414653301239
7a9e4ec2d595b323619ac46dbb9a76d5.jpg,0.9993234872817993
7aa5150d52772df8343ab1bc824a992e.jpg,0.896621584892273
7aa6bfcefb38e4b0456d9ec8c09230e4.jpg,0.9432621002197266
7aab73480e30aea300f7a3ade128fbac.jpg,0.06349790096282959
7accc5af5f1511a6f39af4c52203061d.jpg,0.9179113507270813
7ad3207bac1da61ec1b64e3d2bdb687d.jpg,0.9994449019432068
7af0162052240c315b5e394ff236d457.jpg,0.016913477331399918
7b12101d5f21604292c5a71556e896d5.jpg,0.9841252565383911
7b1aa7396e042961d4405028f820b34c.jpg,0.717406690120697
7b2932c57f1d1ee0aa36aaad5688d8c6.jpg,0.9951737523078918
7b3f7358fb2bfa6ec60cd3880004447d.jpg,0.9999560117721558
7b4447a3979347b2348c2fb3efa894d9.jpg,0.007919780910015106
7b4e3df000598e0ef36201b80f8d347e.jpg,0.9978505373001099
7b5746a437fc7f1f72cccdcf56067b67.jpg,0.9949766993522644
7b7766ef7c78197bdb3dde981c836aed.jpg,0.925654947757721
7b82575138098fc239ae27b63f94e06c.jpg,0.9882934093475342
7b85f76e531a283abbab77777161dda1.jpg,0.5718931555747986
7b8619fb2023b4e1eed82713f5c88734.jpg,0.9907397031784058
7b967af4fd42d2613a271c553472d951.jpg,0.9995328187942505
7b97bf4d9274769239db3ad0d4b030a7.jpg,0.997818112373352
7b9e6dcc38f134a34dbc5b52fc680ee5.jpg,0.1456860601902008
7bc14a2e067644b71ee5eaa621f72551.jpg,0.99875807762146
7bedeb82e3a9fd5b90f9705da396cdf3.jpg,0.97199946641922
7bf08a3001615d027a7aa2b79549054f.jpg,0.9999551773071289
7bf6df0f08ae77b87c14ade78e3229bd.jpg,0.9844648241996765
7c37a7d2076323e0263b62155df7c22e.jpg,0.9695141911506653
7c4ebe47f9d5e93f4347cca84a1ca059.jpg,0.053231172263622284
7c4fac6a3ece2b285eb13e4fe246cca1.jpg,0.03052491880953312
7c68823e4d147566c9fde6828e01e5b1.jpg,0.7671308517456055
7c91cc0eb1aa64cfab29109e7ca17778.jpg,0.3176696300506592
7ca433df8dc4638d3d525665588bbb9d.jpg,0.019680848345160484
7cb47f8121e2a965d04f8d4ee2d502c5.jpg,0.9991053938865662
7ccde441ec2b027febbe1f8a1330a84f.jpg,0.16495226323604584
7cd507a91516650e0318cee1a1490098.jpg,0.9473480582237244
7cd614d429c430fbe030b9e518788f0c.jpg,0.16341960430145264
7cd728afbe73fad8e07343c0ecbce22e.jpg,0.747384250164032
7cf6773d6716fe9c4d83c920771ca4db.jpg,0.9971362352371216
7cfac10a1238454a46993ba00d4c66c8.jpg,0.7947615385055542
7cfb60b6833bbfd8badd1993bfa6c388.jpg,0.9466249942779541
7d17babdb7992c9a42e464e1cdbb799a.jpg,0.8741102814674377
7d2987a87257184211f98b59d8562780.jpg,0.9999994039535522
7d2ab90992301e73549d2783519bd734.jpg,0.999968409538269
7d2df124ccad9517a8cb7c2012546307.jpg,0.0721527710556984
7d4768455e7b04e056fc6a7e59cd45c1.jpg,0.9738427996635437
7d6736fc583d0496f3f55faa9cf3dbee.jpg,0.9754220247268677
7d6d3426f342b45a9aee1f212ca97502.jpg,0.9862145781517029
7d8968a4b5ba035660101e6728a137a2.jpg,0.9921384453773499
7d8d077369388d657a92662a0d01a881.jpg,0.06013622507452965
7db6a3a73fc0ebee93a4bc07324f1806.jpg,0.8489106297492981
7dc235eb9dde04b20bbcf67b4ca715af.jpg,0.9982861876487732
7dcbf8dbdf07af72c6aa3fe3af124464.jpg,0.9791616201400757
7dde5e8a43a3cfa5388f52391aa3c474.jpg,0.017988845705986023
7de743e621419dbb0b4a2f0c2b8ba6c1.jpg,0.9977515339851379
7dea01d086baa11cd9887f9076430fa0.jpg,0.11160584539175034
7deb32203dbe04ccbdfd273de0cac552.jpg,0.993409276008606
7ded766c040337ebf932a9fca9c91335.jpg,0.8416216373443604
7e1dacedaa5454faeb163c23e639f8d5.jpg,0.9999728202819824
7e22826ce0bc18c9a0516cc6653e0a6c.jpg,0.9989244341850281
7e3483fbf826c3dc099e6973e6f0444b.jpg,0.2639532685279846
7e39bee1aed114e1cd1b5e4e2e2676f4.jpg,0.9990635514259338
7e4836a7d1bbdc46b992a4fd56f246e3.jpg,0.13047096133232117
7e58acec9a8d19fd219bd77a3cf65379.jpg,0.6897894740104675
7e9f3305f39193ee28c6001d7a7449c0.jpg,0.9999607801437378
7eb00905313553c567251de3c70090cc.jpg,0.8765490055084229
7ee16960e30ca7bb0e5dd3c62e88ec24.jpg,0.9987922310829163
7f0745ce189fdb7b7fc43bbeecdb6fb9.jpg,0.34397566318511963
7f1769bfd6d4a9c6f2649e5ff614660b.jpg,0.997281551361084
7f301ca38d31a57b15cb98d805f1afc9.jpg,0.9843659400939941
7f5032a944e6a2f73a8cb5f904cf2acc.jpg,0.9894198179244995
7f5d4043938133f501f9fcd79b3d158f.jpg,0.07803763449192047
7f5d9caa3f5a4f8d3858503013afcf2f.jpg,0.9970870614051819
7f5de83ffa64448d42deb1fa6574b8db.jpg,0.9986807703971863
7f8133c97bfc874bea01f93fd1155522.jpg,0.999760091304779
7f8ee9354b1a12c01832ee4115d703e8.jpg,0.367605060338974
7fc56e22afeaed67c660bff85d02b8e2.jpg,0.9994288086891174
7fcddb57a6660af58fef18ae8e06a33b.jpg,0.9999939203262329
7fd729184ef182899ce3e7a174fb9bc0.jpg,0.9886694550514221
7fd8ea51b2b20ea84ad756df41346e36.jpg,0.9834139943122864
7ff6f49dad5c18134b7d1654916aa3bb.jpg,0.31421706080436707
7ffbc679faca1197297ed482d398a32d.jpg,0.9365779161453247
80068a6a34867ee9628e97f4d1b76ba1.jpg,0.008812516927719116
803dab8af46e05859e29ad816f381964.jpg,0.9999549388885498
803e01586525874577631aa1364f3ad6.jpg,0.9996272325515747
804291b6c4956b882bf3b2c3a83c0d71.jpg,0.7825606465339661
80588926c90733190f9d9ff0b3a14db7.jpg,0.9995216131210327
8058f00430832af12f1806c86e9ac86a.jpg,0.9687559604644775
809691d3d1d670ebf5c2fe2f4a051975.jpg,0.9923014640808105
809fc05c8f3c0b0b0c05dbe2f27e5ff6.jpg,0.007458563894033432
80aa21cd464973e4614e6d10533832a5.jpg,0.8353461027145386
80af0f1abcabd6a38bde73bfc7a1e37f.jpg,0.960701584815979
80c555f6e78597a405416b6c57469613.jpg,0.02107284404337406
80d0f124d69060a1a6a055859d14dcb5.jpg,0.9950199127197266
80d7f9a9c37abaed75f9c82f9bc42771.jpg,0.9999831914901733
80e76d267ab4761b58f842f6a433a533.jpg,0.9919993281364441
80f9f3afb374128200ce484ad0ad3af0.jpg,0.9999188184738159
80fbf19882dd283d520dc0b5c3f37ed7.jpg,0.12054985761642456
80fcbf6fdfcf5b8863590599ffa13ec1.jpg,0.03178896754980087
810ab4694e7cad86ca0596066ea09adb.jpg,0.9799787998199463
810dc3c424295c13f35242b9b49f6c7e.jpg,0.05808423087000847
810f96ede4d029e2d0672593399350ed.jpg,0.9890769720077515
811931817b6c0011610e5cbbc7ce73cf.jpg,0.9994089603424072
811dc2ed8e836d146ec7649323fd2b29.jpg,0.11216268688440323
812a9a5c34f82163c1ae9153a4d9249f.jpg,0.9961681962013245
813898a9aad1432459b7036d3a39c19b.jpg,0.9999730587005615
813d4aad604c6926d58b263c2d7b749e.jpg,0.9832579493522644
816eb67250901ec590a54c9a4fde0468.jpg,0.999948263168335
817d916bd2f5281f5a66571d1b2ac13b.jpg,0.9987801909446716
81864b74c482ba21ca2109d34afb3b44.jpg,0.3593231737613678
818f6a748ea5462de03ceda9878e55cc.jpg,0.06572886556386948
8190a92ba5dc0ca1c0ee3ac0af757ccf.jpg,0.9999974966049194
819aeb9f363b8415c45500267549ab4c.jpg,0.37733128666877747
819d54f2badd6f5ed9d4146c4f5a55d5.jpg,0.9697139859199524
819e1b0fe167a8b65276cadb9c1b024f.jpg,0.9935603141784668
81a7ca6f66c8e18ff5f3a52ea3c2e1c1.jpg,0.9999475479125977
81ab06c49e9f393821dea943e06b0d34.jpg,0.9960253238677979
81b53bfbf68070b3fa874fe9d8c0f342.jpg,0.9980388283729553
81cdbb14ab8ab15fa773fb2eae4d2ee5.jpg,0.4564455449581146
820c3b84641bb0e400d358683be38e0f.jpg,0.9897634983062744
821b50af1bf2535799f62b5ca7a1abdc.jpg,0.9999841451644897
821fc5e003313e30005f45854ac1bc8e.jpg,0.9994680285453796
8222e723caf31a0bf3ba94f5e34dc486.jpg,0.048105206340551376
8223ee316dc0e186b3d19eddd0aa7358.jpg,0.11045020818710327
824b327251a61edfb82b4e8318cc05d4.jpg,0.9993600249290466
824d1bc26f79405b24bcf186b92d4b3f.jpg,0.990408182144165
82829b938583983d0c3816120ac4c21d.jpg,0.9315977096557617
8295058949187fea167c59b58dde8fbe.jpg,0.999278724193573
829c8a912c2b34550c7dc1eb7d8f95ab.jpg,0.9997479319572449
82b50e7749c74ca307c7874efdac1ce0.jpg,0.9964196681976318
82b5359675054beac9841f9005ad1e97.jpg,0.2941231429576874
82c2ca62f8b2ab2eb5f5ddd30266f46a.jpg,0.8781656622886658
82e63e03b96e5ea725acdd1ac93e843f.jpg,0.9896250367164612
8309766f0ac79f1898e8358315dc9719.jpg,0.04746084287762642
83164efe6d0671f956fe1a95b9b63672.jpg,0.01359102688729763
83170976dac8a5ea20daa609f4083106.jpg,0.2963598966598511
832306b531bd3287ec6188115d515c91.jpg,0.9995115995407104
83582b7006fda3c5885879dc170adc54.jpg,0.9999938011169434
838afbf8e353d957334525031708ecfa.jpg,0.9963047504425049
83942627ab0e3657c50974b7ae2ec6c2.jpg,0.999963641166687
83a987a4164ad56c608ce6deb5a132ac.jpg,0.9995773434638977
83aeef9289bd38c46d65c876bbcd91a1.jpg,0.020593594759702682
83d04afd2ef81117e52e1d0c54dc1b1e.jpg,0.9849036931991577
83da1c3e62f7b40080744ef1e43c152e.jpg,0.999869704246521
83ef1d751a0020b21e1f276375119407.jpg,0.9601028561592102
840a801d2a3ea4d9f25a7a76f7a634c1.jpg,0.9899266958236694
840ffada1c21261a7bba46ddbbca2d42.jpg,0.18243829905986786
842b6bb8474426c53166c86b1051f9aa.jpg,0.9987571239471436
842d1539d07845a7196a05996c49608e.jpg,0.9999005794525146
8445a8ceccbc54a6c7cfc19a7a283f8a.jpg,0.47632792592048645
84935c651953f51d223049ff97d08f47.jpg,0.9976974129676819
8494155caa00ea06d8874ed9cefc4777.jpg,0.2667819559574127
849ad87d3eab0547030e5a5310926f34.jpg,0.9999996423721313
849efb7717e9560ffea906ee7bfbd973.jpg,0.11142279952764511
84a07e59fea9a9d167a7fd19f812e2ef.jpg,0.9733554720878601
84b7584524795c73ae9da3eefa192b85.jpg,0.08693678677082062
84b75b2d7ce15a09a1d08e740fb0b7fd.jpg,0.9988871216773987
84ba76083593cdde374d0f1acbe2ea99.jpg,0.5832111239433289
84c9c37b3a6f69c4608994644199ad60.jpg,0.9769613146781921
84d69973d9f29760e18b868070f5dc3c.jpg,0.9990077614784241
84d6dde76e65633b26dfd1ed200757d5.jpg,0.9998695850372314
84f02e99f5b1a9baab104bf16e9e70dc.jpg,0.9944830536842346
8508aabeecc9c61b4162a4da48c99934.jpg,0.9995417594909668
8510a30a145d503cf801707c2259519e.jpg,0.15020419657230377
8511e15beea5f9e5b6b6b46c808b0c17.jpg,0.9999498128890991
8527a071eca35039d2c36da1a6d8af0a.jpg,0.9799687266349792
852b2e53f2d312dee6550c564233899d.jpg,0.016157550737261772
853b7b682c47ad0d8752b6f1fa0a699c.jpg,0.7665297389030457
8546bc656a2d308138b15c076ce200bc.jpg,0.9994779229164124
85970aef3f384bc490991ab8e619ee6c.jpg,0.9993009567260742
85c0803c71c76aa4a8febd4c266945f8.jpg,0.1745380014181137
85c59e09ca60ca3aafe7fbe0fd0663c4.jpg,0.9994673132896423
85cc77c9ebb34c6e3566a2fe786dc475.jpg,0.890341579914093
85dd2693d836cf11a1d536d87362b4c4.jpg,0.9978792667388916
85fc33f234fac51e4c818703caf283ef.jpg,0.9998664855957031
8612d5def6dc8a54672f128b2f53262c.jpg,0.9999841451644897
861386ab9bfaf97ce69864bf7b7ba52c.jpg,0.012838806957006454
861dccb4950b74108760daae0a1e016b.jpg,0.9300218224525452
86265e1122be98173a60bee6dba1c02a.jpg,0.9997534155845642
8635bc5cf8ff8aee3464897551082d89.jpg,0.9996175765991211
86516be1c48ebfe3d1c5e2fdfb254b60.jpg,0.9907472133636475
8657b2d6da03e8ecf8908d94058d4ada.jpg,0.9989033937454224
865b39101d17d7600c2edc160c741e4b.jpg,0.9990703463554382
8674301e51472de274d1a15fd9ddc51b.jpg,0.08002103865146637
8688996bca0e5477a61b4da6caaee324.jpg,0.9999399185180664
8690c566356fe6fa8593c772038a7f93.jpg,0.018586229532957077
869cbb60a6141e8135028d8bba39c93b.jpg,0.9965283274650574
86ac966015858043863206e2f9e9dba8.jpg,0.13535620272159576
86c725587e0ad9c7f3f2a5cf9d2f3416.jpg,0.9999644756317139
86cdb04a43dfbdc6bdcb634df8939ea0.jpg,0.9879330992698669
86effcf79f362aa513e0423e20154a7d.jpg,0.9733890891075134
86f0bee95b8d3e99fecc7a9ecb94a14b.jpg,0.9826200604438782
87147705007a01ad5a6f025a7462969b.jpg,0.9998821020126343
873191a1575a6292ed92714bfc659b87.jpg,0.9173721671104431
8759aad5d00eeff7ad34a0be2ed6c730.jpg,0.18904142081737518
879c3c83aec99483678c19575462f35e.jpg,0.9997779726982117
87a041044fec0583ef59ab7790d833f4.jpg,0.9990332126617432
87a7f967c092a096760076b1441f9abd.jpg,0.988575279712677
87a9fb1d8f11ee742e46453ec993baf1.jpg,0.3308238387107849
87c60828250c8e89e59b158a140e154b.jpg,0.9999644756317139
87e6bdda11d7ef3031a9f9be0409806b.jpg,0.9981260895729065
8801215b00a12bf55c1169178f2f0783.jpg,0.9998987913131714
880c863be34bfb01f7b5ffb3e9cfc159.jpg,0.99781334400177
8813339e8ad7e45c60700fb8e732014f.jpg,0.9998576641082764
88403cfcf3e9a0c672afb14dd5364825.jpg,0.008600296452641487
8846d7d860ae1483dfde8a7553c6ef13.jpg,0.9998075366020203
884ee9bb9dac4308d1744ff53ae4fd8b.jpg,0.0527212992310524
885ffefb42c7544ab4fee21e2ecd5b01.jpg,0.06658034771680832
8862730b54bf035d21eea92554b5231f.jpg,0.999976396560669
88668b83bc5553214e45f41d53c74617.jpg,0.9727985262870789
88785f7148e071e9704a26d4a7383832.jpg,0.999769389629364
889560ee7030655c37eb4086434ea5ae.jpg,0.9946335554122925
88e4259857a5ab1db545023756066147.jpg,0.688616156578064
88f53ba5e84257b62d651cdc885d4929.jpg,0.909835696220398
894fb4fb2ac63cec49e0871807be7686.jpg,0.997815728187561
8952b0f0f43f031ba7444e7cb397ed59.jpg,0.9972018003463745
896b59bd017de2d219a2d5ad74562214.jpg,0.9992709755897522
8977d762a9c7e66d1560281807015282.jpg,0.9999336004257202
898189bd5de0334cf26365d0e38e2222.jpg,0.02355220355093479
898fa01a3d6161b8fd3c660b8e8b3b57.jpg,0.9593032598495483
899a3cbd59b50d571a21f43187aef76b.jpg,0.8123729825019836
89a3d55fb4b8338c0d0f3eb0da5685f8.jpg,0.020957496017217636
89a5839ff3991047245a2069a75486e0.jpg,0.5381339192390442
89aba4bbc509093c8d7f7e21f420624b.jpg,0.9996758699417114
89c23c9f38532dd325be38aa97b9b655.jpg,0.0147478012368083
89c8a7d379971ee2bf708761cf3fd869.jpg,0.7187634110450745
8a0fae670d701858a9756935b6c4d158.jpg,0.8384281992912292
8a21b91ba249035b7bdbedb3e1d9dd98.jpg,0.09959034621715546
8a619d1e93b8491fa396d23da8c295be.jpg,0.999416708946228
8a7fa4a295d6f4ce188577bc78c19b3f.jpg,0.04179396480321884
8a8adf53a2bd065bf92ccc365c3abbb5.jpg,0.008569038473069668
8a9041c6920abf9110a3fd31656339b5.jpg,0.05522170662879944
8a987865d9ce2a844a9f7c1c13f030f1.jpg,0.9269227981567383
8aaab1c5964e6cb6c75d02e289776f62.jpg,0.9834336042404175
8abcc02b98cd50f5ceb9457cc5ea5824.jpg,0.9999179840087891
8ac0bae5f2dfd146ec8564106645e386.jpg,0.03867879882454872
8acf633f1a3c8b4bf399abd5c89200c3.jpg,0.9985527396202087
8ad61eae641efa4cd0a8b2323a8ddbce.jpg,0.9925317168235779
8ad93991557adeca867a23f6f2fefeff.jpg,0.9999790191650391
8adb04ea6fbaf23457461299186085c1.jpg,0.8447545766830444
8aedef716eaea00f9ae827bd83ede16c.jpg,0.07857374101877213
8af10d9dab164614ac4d7aee22d711b4.jpg,0.9936971068382263
8b077c9009bd5cdf41f77b9b628382b3.jpg,0.9585806131362915
8b22b995e1421861b46ec26786592651.jpg,0.48137035965919495
8b2d3a0b2495e2e1dcca3aeee2c2a6b1.jpg,0.9978164434432983
8b384f5f8ea0cec692cd1e81b371b3ea.jpg,0.994971752166748
8b53e35d738a96b3fb690c3c8fc4cd89.jpg,0.30908966064453125
8b54d7e9efb79e4c46f4d464f5599f25.jpg,0.9983208775520325
8b56c8e84ca31687204d28de3dc24b3a.jpg,0.9922427535057068
8b781780b5e619ec4793ff7d12ca6ffd.jpg,0.11309213191270828
8b86fd4886e739f46b08285ce8eeb658.jpg,0.44690650701522827
8b9e4e9898b36311d315db3ee8adddac.jpg,0.9788844585418701
8baa06a267cbf81d265db0acc96a4cce.jpg,0.998450517654419
8bc302cc8cafa317d9653b62a97a06e2.jpg,0.6379364132881165
8bcfbe6e26f94812e976df1b0cc9a961.jpg,0.999836802482605
8bf47a978dd18d540179669495755767.jpg,0.9999470710754395
8c069728a3603759534703a983769a40.jpg,0.27697956562042236
8c0982b38690a0d2ba580ff59321a735.jpg,0.05579926818609238
8c0ad9b0895372372ffcd4711f31fb91.jpg,0.4222000539302826
8c1d88657bd4293c0719de7288a01668.jpg,0.8972950577735901
8c21f974630aea0888f2725208348708.jpg,0.99918133020401
8c25fa67e465b862be125632ead1361e.jpg,0.9638134241104126
8c3dc84e7b68f583568f9e8979a5b661.jpg,0.9849535226821899
8c4897a22bb725222f56c1db66341966.jpg,0.9999972581863403
8c5ce14c58d537687d8ce7443f653814.jpg,0.9999297857284546
8c640b03241bab836b68de9a2225a782.jpg,0.38358384370803833
8c6dc683157447bbaa4944133d87b6da.jpg,0.20451262593269348
8c8fb2d538b0ab562105b4c6953e009f.jpg,0.9986005425453186
8c919e2c67e95949ccf59d9eec102f34.jpg,0.9999650716781616
8c934a502bf0ee0321ac6f5da7091cff.jpg,0.997564435005188
8c95b06b42288ad89435e42c835f04c4.jpg,0.9928379654884338
8ca064d313d1139bee6750748c0a446d.jpg,0.714377760887146
8ca47ec0feaa81ecd716784d076ab43e.jpg,0.10869145393371582
8cae1730caacd15e033e8871a7f9c857.jpg,0.924345850944519
8cafaddc059c9a41c78c3f01db6ea56c.jpg,0.9942886829376221
8cb897583c1250777d4574c950529753.jpg,0.9896833896636963
8cc0831e0d274380feb1b9f599d7be12.jpg,0.9969406127929688
8cc3ec1d77d2455ac84158547e6dcaa0.jpg,0.96178138256073
8cd71c0178f96289f7badbc830c3db8a.jpg,0.983985960483551
8ce0f44292c213c79e0fc65e76c021b7.jpg,0.9888922572135925
8ceae48eb133bbad2953ba3725a9be75.jpg,0.999992847442627
8ceaf058baa5c3d2e7abb66018b2c13e.jpg,0.9999949932098389
8d120f360aa9a973d33ce8a84baedee7.jpg,0.160104900598526
8d252c81dfefd3b1992aacb408224e1a.jpg,0.9999511241912842
8d2f85d44a6e7ed6fa02b9529b0e7452.jpg,0.9998788833618164
8d385bce832313fb05a0397898acd585.jpg,0.9314113259315491
8d4b494b955989a4d6b8648c0f38e941.jpg,0.22630350291728973
8d53ddc362269e234af47e6a2b2ba00a.jpg,0.08600570261478424
8d5961ff40497f9c2a70d6ea2beacf0a.jpg,0.9993253946304321
8d5970b9d4fd45cfe3cd8a4ccd5ab693.jpg,0.9986771941184998
8d7e6b15e62e2fa736422a0dd1e23ad4.jpg,0.7456588745117188
8d888e336266dad17ee365c374cc3bda.jpg,0.0068135750479996204
8d8f621bdc7a59f135863834b25569d1.jpg,0.9957829713821411
8d9fcdae98ec33e62874a67ea473217c.jpg,0.7620261311531067
8dd107f3a64b34a8415041d858857dad.jpg,0.02323615737259388
8dd41e4e62b3709ce3c8a7a0677048bb.jpg,0.9999347925186157
8dd6b931b30afc8b02fc6eb88eb1aad8.jpg,0.9997938275337219
8dd74ededc0f291cee4a6fc2340b85ab.jpg,0.9983096122741699
8dec6a7c1b726586dc4b045beb6326f2.jpg,0.10441631078720093
8df4e540e4dd32bab6186b8c431fdc60.jpg,0.9998458623886108
8e2aa00f5aed6cadbe90577f90b1d45b.jpg,0.946903645992279
8e37a2d343de0e7f46b524545a06709d.jpg,0.01762886717915535
8e425481f4b358384f0b53ea96e7df1f.jpg,0.9999819993972778
8e48c3a2281bbf3df6577b8e5a4b78a3.jpg,0.8598004579544067
8e6888ec1ad25a9d1826eff6dda21409.jpg,0.9979204535484314
8e7e47244c5a8fadc36b23353be0e754.jpg,0.990912914276123
8e7f72db70eb0758316c05cc1722567d.jpg,0.9999605417251587
8eb7326c5a50a378e73ae9aae528fa68.jpg,0.9306386113166809
8ebe09d7c1dd1dcc3adc49379824ddee.jpg,0.9413171410560608
8ec1b92f380967f22775bb8894029fe6.jpg,0.9813855886459351
8ed9310605353f499496f28770dd92ec.jpg,0.9998726844787598
8edc10d1996a4b019bc6504dea610fdf.jpg,0.9996808767318726
8ee5816d39a8dd18eb72b14a9f7ea476.jpg,0.097508504986763
8ef5ccd6a50224e566af81e3125a96e5.jpg,0.8377423882484436
8ef7d70a4d9fb1b8e2c0ab5c76bde017.jpg,0.9779326915740967
8efd7cad82c05d678eb7e5ca233408f4.jpg,0.997819185256958
8f0591f65f32b6d8cc7bbe31881eb002.jpg,0.020469801500439644
8f06135ad220ec3a6d7a370fc28402d2.jpg,0.997602641582489
8f34f1f9a2ac7651c345ae1c87030909.jpg,0.14464691281318665
8f397ca5b85476b9a6e09cfef3477220.jpg,0.9996815919876099
8f48b793efe1ae49d633c92e0ea0ba64.jpg,0.9920067191123962
8f4d6145b6d27fec9c03940c6e9ba80e.jpg,0.023857545107603073
8f68f800c696f992c51d70bb3e1217fc.jpg,0.9007539749145508
8f7096d92781e727b96b1bc7fa5a2577.jpg,0.9999706745147705
8f76ef863ed271b6d405da663d73d360.jpg,0.9937089681625366
8f7c18b70b979a25e7f09e108188202c.jpg,0.9425418972969055
8f940e5b488f5e5283ff75fcb55ffecf.jpg,0.5789293646812439
8f98312736969c76bce54751fcbde9ed.jpg,0.08575723320245743
8f99b87b7a652d68232fbd6379529368.jpg,0.9332837462425232
8fa1f5a64680ef8d108046b82ee2416a.jpg,0.9610073566436768
8fb20d993ed6d05d4906e7a9419ff0b3.jpg,0.9986504912376404
8fc8953116286c317d2996d0d4dd8daa.jpg,0.788004994392395
8fd4fadcd4bcc5cb84729896306d11e1.jpg,0.9964350461959839
8fe8a31acabed45586fa05086e2c4823.jpg,0.9351627230644226
8fef56d4ecd12088cb8a874511125996.jpg,0.902302622795105
90050343bfb00b9157dfc2eaad066c5e.jpg,0.6436676979064941
900628e4424e7596d360f92c71bd3ecf.jpg,0.732520580291748
90069a6e085313645e88823d02cc0dca.jpg,0.9945446252822876
9019183d727a1a5d0aa76796afdd1563.jpg,0.9806248545646667
90215d80d9af4c751646015aabf33660.jpg,0.5370144248008728
902f8a69f3942e75dc79150f7db22ecc.jpg,0.07577218115329742
903239dcbd060aa7227160983b506725.jpg,0.04849821701645851
903aa2d7bbce00b9da41ef1f8eb615ac.jpg,0.010056081227958202
904ad49a5bfae2181ce683736e37a6d6.jpg,0.9998419284820557
9066db22f03ede12ed9a3bd6f669a627.jpg,0.9588025808334351
906ce4467e10f4446273f15134be6d28.jpg,0.997575581073761
90892c718417348d2999ec6dfb0b7990.jpg,0.0792652815580368
9095da1f0e520092f766570d950661c8.jpg,0.2049131989479065
90a2b6cd018abd1128b1b8075ab96a8a.jpg,0.9836146235466003
90a9124ed9d17415a233ddac12ba9204.jpg,0.9990894794464111
90c2d8ccc763a3c3d9325bf01561fa0f.jpg,0.22712700068950653
90c8f64074eb5aded57e3cf95d9f7dc8.jpg,0.9999649524688721
90d13556546da94f1b2a5238dcc5c225.jpg,0.9326679110527039
90d92efbafda8f9bca16e1f86593b527.jpg,0.999841570854187
90dca92ec7be74c752e68c14fde55e50.jpg,0.9999992847442627
90e041f73045d30be92178e2d6781b3f.jpg,0.9846857786178589
90e56839614da5b049e60f9129cf2b3d.jpg,0.9328659772872925
910ab1a77c41f27ba3efec4903566ef5.jpg,0.9320506453514099
910e9d86d36f6e8bbf5c436a385e8eb5.jpg,0.3313367962837219
910f84204affed09ba366b3ec641f79b.jpg,0.9842649698257446
911f315471e92ecdf0db8dc8046fcfc1.jpg,0.021916329860687256
9126d75acddd1ecfe62e35cc30e92143.jpg,0.656963586807251
912b1b7e51bfc39630a15d1046538928.jpg,0.05574031174182892
912f767522f9ad77d71a92f7ff35df47.jpg,0.9986476302146912
913c52e019b0b2f8ff53577ebaff4f2c.jpg,0.0185229629278183
9142d049850c5364b96c39dc557b7609.jpg,0.9898855686187744
915e18232a75598071d9f69cb8f8974b.jpg,0.9996957778930664
9162ecda39964ffe0549461f37cdc302.jpg,0.987297534942627
91892a3e69e360937d7d66ef759c59ff.jpg,0.9949173927307129
91a97fa57fc2abf6a5d1b4988be49356.jpg,0.08395843952894211
91b289a70938cd4d6bd848f4e4f69177.jpg,0.06085985153913498
91b8ad22668d1f0c42fe39a5cceb3155.jpg,0.9617424607276917
91bdd0971d9b9bec6c772dd1ea066020.jpg,0.9999426603317261
91c7635cf376a24c74bc006c925c6d57.jpg,0.9999845027923584
91cc78cef3fdb27ac350f6c87ea3c07e.jpg,0.999752938747406
91dd39e1b0476de365c519d37df7e59c.jpg,0.9998890161514282
91f038f9eb49364dc33d8361998b0a99.jpg,0.9999111890792847
920b3984f5cddfe1126f52a8144d35ca.jpg,0.9981228709220886
9211abf87e9413e7ecf1a3c82346f0c0.jpg,0.9991874098777771
922fc54f1a3c718a98fb7ba1428056dd.jpg,0.9785184860229492
923b45fd7f8b5161fc5a26c0424a96e0.jpg,0.9288597702980042
9247e189b9e152514d0dd5eb572a19ae.jpg,0.9705764651298523
924db5b5cba5a3cad529d9e10dc55773.jpg,0.8612052202224731
925780169047072a5877fe66fbdc0d34.jpg,0.010937584564089775
925bfb0817e2756be8377e06131fa97e.jpg,0.013213885016739368
9270abdd2a655fcf4a3171d221afb66f.jpg,0.9196261167526245
9284868ee45d7ff327b77973f07aa60a.jpg,0.9895396828651428
92a0c3bffe858dfeb20d336590fb8da8.jpg,0.026630008593201637
92a9f69f82d2bd7108d6694411b7d741.jpg,0.9982442855834961
92b051d9fc2946c6c145ce39abc9f866.jpg,0.9335152506828308
92b94b12f45e09a52a00e903ad2847a6.jpg,0.9741058349609375
92c27313ffc9da25ae0af86d1520131d.jpg,0.9591174125671387
92c314b36683c393b728a7f5d89f9bfc.jpg,0.38147419691085815
92c4dd18fea7945df6040ef76b58c543.jpg,0.9557323455810547
92c9a5716db1f0b66b0d9c046dea2652.jpg,0.9999465942382812
92eb9c92bf5737264f5285292e1cc07d.jpg,0.9726521968841553
93099fc91115e84e46798a81292b41be.jpg,0.9408093690872192
93122efd4cd7fff76f1120bb0aba436e.jpg,0.9993321299552917
9317b0cd4c7f01175f8c4cf9c14e0463.jpg,0.97850102186203
932306851bf43c9705a2036578864a88.jpg,0.8109598755836487
933ed94faf3a6edf02137a48318ecfaa.jpg,0.9996318817138672
9341144101e635fc42ce442503f1dd55.jpg,0.5074009299278259
9347f91a20aec6e8d954f012ee19d64b.jpg,0.042355988174676895
9355b6c254bc924bf3f778b0f7cdc956.jpg,0.025466104969382286
936033215debf0e86eae05c77fe7618c.jpg,0.5618414282798767
93614455ae6fd7b34c5f7522a2932cd3.jpg,0.9799029231071472
9369b33d13be62eeb2fae85df1fd06c8.jpg,0.009514914825558662
936b6a50cc8c784ca581c234d70b3ac1.jpg,0.9988841414451599
936b8486d40ddffb9203e14bd01e88f3.jpg,0.04524572938680649
936d559bb2cf24e82a4c5662d8d3dbdf.jpg,0.5861018300056458
9374709a60d6943e5faa1fbd055c8b49.jpg,0.9974289536476135
9386fdeab609cc7c32ac3fc078d25b21.jpg,0.9906042218208313
9389dfaa8912ea894be838f2eedcb77d.jpg,0.9991464614868164
939724852ccbd0f2408178420f4c2bbe.jpg,0.7974587082862854
93a3b2a6732737906ec2e386bdd0bd08.jpg,0.9925582408905029
93d353be398342f8ef60cdd4a5deadcd.jpg,0.9998206496238708
941acd18d973a73286a8a738c0f01173.jpg,0.6031605005264282
942b0b4756d6d534dfaf3e370bc0dace.jpg,0.9853754043579102
94324b9b7cb279b6ce5004705127ea98.jpg,0.05901460722088814
94484501ee87e801a505e4db795b99d4.jpg,0.9999998807907104
9455f670e498c78019df391155fef3d0.jpg,0.9999116659164429
946012e60c316fb2a8cd5dc3c55165e7.jpg,0.9998806715011597
94737b1b6f4a7ab32b14589117f083fe.jpg,0.9998980760574341
94744e7332998761357199069dca6557.jpg,0.9992737174034119
9476052ad665289a27cb08c0abea9da7.jpg,0.9995585083961487
947d6a94e86fce5038207028c11d2473.jpg,0.9561704993247986
94846c077ab633f252506278029e3be6.jpg,0.9943642616271973
948d5b711ae1869aec3284821f088421.jpg,0.997642457485199
94944bb7bce743829b759617ca03323b.jpg,0.9956690073013306
949db71982f0695890331a7c255e131a.jpg,0.9629614949226379
94a2f85923b14067f40f96be7cbd6ba4.jpg,0.9959521293640137
94aab0e018cd1f7efb551ebab914c3d9.jpg,0.9331349730491638
94ad094f354530145ee09cb24e24289b.jpg,0.6160132884979248
94ce67c9930f52d5a2eb1e987a676b2d.jpg,0.22203637659549713
94e4cce34c408a53bda34332aa1b2eac.jpg,0.9542946815490723
94efa81e7f89a1d79e87075904cc8e90.jpg,0.9578859806060791
94f1a34ff0a262e4cb4cda9f1f4da696.jpg,0.9956377148628235
94f2302a41f8d2a22e066bd18f15fd93.jpg,0.9788053035736084
94f2cf66ef5fea0d61dcbc16d5f98b0e.jpg,0.8586438894271851
94f3c1f8e502e5b24011ba5eac05c270.jpg,0.9998249411582947
94f7d6a336af57505887bf4eafe35bd7.jpg,0.9891526699066162
9500a3244401376e97b3f06e1e5ced6b.jpg,0.9999855756759644
9501bcea9d1651b13c386de5bf988f6d.jpg,0.9999926090240479
95075b73e090e6e34d1ca95da64c9463.jpg,0.07785700261592865
950a0f2925c39eea6ec89ac0113cb393.jpg,0.9491163492202759
9515f66cbf635d1e249a136521784d39.jpg,0.9987101554870605
952f49cee4c07e8fe6ac179891298f33.jpg,0.9934059381484985
9533b7bfdbc6342128a8319d192668fa.jpg,0.9935994148254395
9553eed7793d4cf88b5226d446d93dae.jpg,0.04523657634854317
9555d1a258c7c14747d3d284cb4fa376.jpg,0.9745040535926819
955bfcbbf57598633993707c73da2ff4.jpg,0.9999819993972778
9580bce4183973aab7999ff225e79d25.jpg,0.9952493906021118
95bac59728a171fc4c51fb2b66691dfc.jpg,0.9992576241493225
95c59edb13b6c835125307fbadcf7d7e.jpg,0.9990859031677246
95cb80fb42e1e827af4e9e569966f77a.jpg,0.9759061336517334
95cc7862b7d87470a1696a743f42ba87.jpg,0.03447824716567993
96060b723254562d1956325b4ca7fca8.jpg,0.37378907203674316
9621aa3c308e6711395fbfac4392dcae.jpg,0.9955369234085083
962b842df1afd636c1472354ebd28cc9.jpg,0.9750702977180481
96366bfb9de0b47ee57e8e54ce9a68bf.jpg,0.9965019226074219
964c30b686463d77fda585d044c057f3.jpg,0.9724544286727905
9651e10aa37ad6edd69e511bc668bac4.jpg,0.9997952580451965
965615ae1cb114e7c533c2a732b58eef.jpg,0.9865131974220276
96682b47ff0b5f26a7d328cfa63f7ab3.jpg,0.8924216032028198
96816d1250b78429717c001f38e7f398.jpg,0.997369647026062
96819ae5d856184e2ab831b7d3fb6a84.jpg,0.02946440503001213
968e4f26722d9be94c7154ecfb166fcd.jpg,0.14139220118522644
969e26bd40661f0ac94e5068075d150d.jpg,0.9999998807907104
96a144441da7f4faccdf5f545c630275.jpg,0.9740410447120667
96ac6653158a2b859bafdc66446d6024.jpg,0.951225996017456
96ad3d3813ea8ead501bb262d90e2a44.jpg,0.04118496552109718
96adfc18bbe330d11356d1315d0fbe35.jpg,0.011194740422070026
96dd82e7ea30fa20ef3c4d1911426091.jpg,0.009452960453927517
96f86feca7079a9d199a92bac043971b.jpg,0.7110081911087036
97180a953c3bff253ef6eed16e95b04c.jpg,0.9999196529388428
9718305792db7e0a886a2385d331f7d8.jpg,0.9904594421386719
971b1f1233a8f859a4e3c39677365570.jpg,0.022835606709122658
973e19618549be4ed965fa4167b5b63c.jpg,0.009353852830827236
973f3494e259a481d97cb36602e58832.jpg,0.9959903359413147
97635b382fc2ee1c9842e13b1851e234.jpg,0.32566577196121216
97655c74928a8ba0e01a88401b552622.jpg,0.9960082769393921
977564c8d7437bc1c217db9030fe5f90.jpg,0.5476520657539368
97845dcb9162f5ac3662be37380a793f.jpg,0.9298703670501709
978c6d4f77e6e62479a5fb2275b90ed9.jpg,0.994795024394989
979b0bdf319b8836e6871a3e278cb32c.jpg,0.9999041557312012
97abe8ab99acf6bac600b01eb9ef85a1.jpg,0.9752368330955505
97c62f4cc797aedc0bfe9906c896eef4.jpg,0.9953873753547668
97e0a5d563602682d0648809224cc26c.jpg,0.9895142316818237
97ebd925347998fe16024b5e49d4dcb7.jpg,0.9999752044677734
98181699e39069c490a5968c00e9f625.jpg,0.9864909648895264
985052829e427279d1ed0fc5a41aba0c.jpg,0.7127774357795715
987900a6313afba5ac0e837e716de0d6.jpg,0.01442461647093296
987e507fba94743ead7ff98ff268d1ae.jpg,0.9786392450332642
988705a5377bf890efaaaeab8a7fc7ee.jpg,0.9970282912254333
98904f483cde9e6fa84a0c8485931ca4.jpg,0.6484646797180176
9895be788e146b81693ea82ee9e0148d.jpg,0.9989919066429138
98bd9144634156d1b0ec71bf0ff66ff5.jpg,0.3800949454307556
98ded9c960322c83f07f40885bb8b3e4.jpg,0.9974915981292725
990cf74d8f23b9f8587da98cc5c03521.jpg,0.971967339515686
990dbfe14f4f1bc6e12bf72ff016e038.jpg,0.9972231388092041
9912eb5e6a63910afa37bcd37a763258.jpg,0.9875559210777283
99228f41410ba1b3ddcb1afbfdb4f2a2.jpg,0.020884137600660324
993656901138580be5a6cb144abf8a29.jpg,0.3544825315475464
99417f081087e5a1c880338214b96002.jpg,0.9675292372703552
9942306de38218ee493b3517bf7ab4f0.jpg,0.9999716281890869
99608bc775f5fe397751706dae42c845.jpg,0.9728767275810242
998aab232a7add7a0477d0284a684be0.jpg,0.9795352816581726
998b961506a02eaca4e9eb92a91e0d30.jpg,0.9998846054077148
998c9a0a3a5d159a0642e56668c191fc.jpg,0.9999985694885254
9999bb964400cf0542cfe57efa6e0e31.jpg,0.9999741315841675
99b349d5508109a0751c2a7658a1d636.jpg,0.9848567247390747
99b6119bf364d5a1564b6544f4912a14.jpg,0.050212498754262924
99d0f5b79c73af9ae4eea6c66b55d549.jpg,0.9994572997093201
99ec03d5bfbc3434227694b4b134bcca.jpg,0.02547348476946354
99f2b372b58210172e8a216715e03789.jpg,0.25942733883857727
9a02f690a43122f58c11ff91d06a60fc.jpg,0.9019896984100342
9a13809aa0e7584414766c66279abbfb.jpg,0.9999531507492065
9a1690e4c42fdc129bc825e0beea9af4.jpg,0.9979225993156433
9a60090fa72a87579dd882bb4e4b1c17.jpg,0.9528375864028931
9a6d58eec81b26cf9df4024c33aeacc4.jpg,0.9999837875366211
9a6ecb82cc18c33d4d3310a0228eb23e.jpg,0.06380632519721985
9a7036f557628e15a8d4096c1eed8b3b.jpg,0.07306816428899765
9a782262b21834cad206ae44b376043b.jpg,0.9999265670776367
9a9ddbbbe16b77b098ede158e31940ec.jpg,0.9964393973350525
9aa60bc33d182a78c46a79bda96daaec.jpg,0.9943482279777527
9aa9925c1f4ddc1bbfd89b6ddcbdcbd0.jpg,0.02401348389685154
9ab126122d68993640863d8644adf3e2.jpg,0.997946560382843
9abfa27735f7b07db4937edb849f6678.jpg,0.045884378254413605
9ace9be63bc9e005bbc332fb54036d24.jpg,0.11526736617088318
9af1b2b5912aad32325bf1c26ebd2dd8.jpg,0.6167038679122925
9af2a2d82627156761104bbe9ad122bc.jpg,0.06585608422756195
9af74f4ad3323e7b298a5420ab1b616f.jpg,0.9995692372322083
9b14d812384c062d2628281a13c7ca34.jpg,0.33837005496025085
9b25b4b2c97eb1382efa1b9bbe9efeac.jpg,0.7524186968803406
9b31fb99e8ed46ec7abb86f593738935.jpg,0.9990280866622925
9b47e27ee3c15fd0057b1f6b2d418be3.jpg,0.4232054054737091
9b67595c9d8126922ec36e3281129335.jpg,0.17977333068847656
9b9d0f3421ba7580cfa43e0c47619c00.jpg,0.011735504493117332
9bb8fed1f40ba4aeb192b5f0352a40b0.jpg,0.9222846031188965
9bbb892106127afd3608c87ca84cf199.jpg,0.9748892188072205
9bbd8e977c143835a51191916f103ae8.jpg,0.9983622431755066
9bc426c5632986dfba81120b2e8f40eb.jpg,0.8279804587364197
9bc87668596c76bb9d3ea1ba2b2f3628.jpg,0.9998112320899963
9be087606e6a2d6f942c29d1d46b9b6f.jpg,0.6750080585479736
9bfed867fb2900c6d087582962a6d6ac.jpg,0.8876150250434875
9c2c28a88f692095f72f283d30739d14.jpg,0.14869125187397003
9c2c5629bd1c95be6f0427878ac1b777.jpg,0.997227132320404
9c3863865352cde36cfd43727cc61763.jpg,0.9386001229286194
9c3c8ba6005ab30df02b33631f72a91c.jpg,0.9998083710670471
9c413e5208f72035cbdf26060f07c283.jpg,0.020850447937846184
9c5e76051f7b2f3711d1361141cd0b98.jpg,0.01818169094622135
9c6c50e82c4f58fb1e750353124b7335.jpg,0.9981020092964172
9c792e57b8fb28a42c15250ab409908a.jpg,0.994200587272644
9c7a588d3871974b34be20573e99718f.jpg,0.25374725461006165
9c8efc5ec3d0f50c4237299151e6a7a3.jpg,0.9999850988388062
9cdda32671cb192f096b20c91b46a150.jpg,0.9772517681121826
9ce3951283ecc47e370c43fcb964ebf5.jpg,0.9999991655349731
9cf04f55810195a39ec9e8622c047bde.jpg,0.9953978657722473
9cf4673efebc8f5553964a47ef224390.jpg,0.014131717383861542
9d01524a2e2e2f22de24ba8259aa421a.jpg,0.3370486795902252
9d0daf423d249ba7186e0180f7c721d1.jpg,0.41836005449295044
9d1e49afdf494552cc3b461df00878fb.jpg,0.9964925646781921
9d3ae1feadcdd5666b9822e9a9ea7be1.jpg,0.8860203623771667
9d3bad0568c1f49572541e4b1e3799f6.jpg,0.99837327003479
9d800b3577f156b71c3544dbc21cd8fa.jpg,0.9174221158027649
9da556a9dc962a7de5894436ca345a98.jpg,0.9977849721908569
9db27681aba4e07736db8329be34de1a.jpg,0.9948785305023193
9dcf07981d5d52fe40beaf30d4cde988.jpg,0.9942806959152222
9dd843dcd7321fc6069fb962ad6a3dfa.jpg,0.999993085861206
9ddae7b16108d431bd18c46d80a73844.jpg,0.3053604066371918
9ddb358972ecff0d4791b48fea780287.jpg,0.988503634929657
9df4aac95a2c36f02dd18895af888ac8.jpg,0.9205651879310608
9dfe0c652358481aae7373f66274c121.jpg,0.9985684156417847
9e27b994a0d961611337ed9aa6f77da6.jpg,0.026983048766851425
9e4754cbe429147cd3fbe3341f6dd601.jpg,0.9986962676048279
9e5e390f9d3a2b51ec06523becb118d9.jpg,0.774614691734314
9e6b769d2afd447ea166623106ed624d.jpg,0.9929439425468445
9e773add0b8a91a42be2213e8c396b19.jpg,0.9973806738853455
9e824b630576b21a282b38058cd82228.jpg,0.9547958374023438
9e85da99a3b20a2fc4a455ab3eabf003.jpg,0.9996498823165894
9e8e2fb740af01ffca4907bd3c0671c6.jpg,0.009765461087226868
9e9225e952c936f81c828b59bb080166.jpg,0.038984473794698715
9e9a86905f0653d8f84838b6ce7452d3.jpg,0.9989357590675354
9eea41bb72e691c706cc79dff730e6cc.jpg,0.9995695948600769
9efa3e92c1475b3ce4b7e2e598fa2785.jpg,0.9549961686134338
9f0029d6624cb81d2acadb92499f956c.jpg,0.0198760274797678
9f09f839765f6b77730d66efc6e23fca.jpg,0.79205721616745
9f1b946ffa2cb44655461bccdd3cd81e.jpg,0.9959367513656616
9f2169b6bdc8bea647d714ea7abf26ae.jpg,0.9992853999137878
9f2be3c5e6effd1fec90c28526e2f195.jpg,0.9962884187698364
9f2d6500cfe98273ac80324fb0013c23.jpg,0.12455061823129654
9f39ca2410fccc37029713cb1586b2bc.jpg,0.9964393973350525
9f4a230e13e99d4eea59464c5a838a65.jpg,0.9859703183174133
9f6bd8a79a7179d3f725b6f477f3747f.jpg,0.9899045825004578
9f6f679b9ef8745612f017c8e0565feb.jpg,0.49299386143684387
9f7793b46f44fe6681b030752f55be68.jpg,0.08980558812618256
9f9621194f4b33ac1172cf37fc8d1875.jpg,0.9998511075973511
9f9cacf3e65127e007b6223641c0962c.jpg,0.9994403719902039
9f9fe6b8973356fe6f3f79c6a9fdc717.jpg,0.9106185436248779
9fb264b0b6e867fe4e337913c74e3994.jpg,0.9892562627792358
9fd67ed5251bf4a898978cc3ef1a0a33.jpg,0.9997453093528748
9fff55c024e34b35e3c0953f61707032.jpg,0.9996033310890198
a014907a7815fcac08e00216eacaf17a.jpg,0.9992015957832336
a030fa0dc73591c76c5b5baf8d1f9b63.jpg,0.9871834516525269
a0362f63c56c2b4aed49b72d96698ac4.jpg,0.02350207418203354
a04e7c25ffd746863153b471a5ca284a.jpg,0.01478614378720522
a08af26d8ca3e5604d018a8ff4513717.jpg,0.9702155590057373
a0bb29f9bd6a7c5c7c516cead2f21a79.jpg,0.9889364838600159
a0c419cdd092fc2c4f3616a4e9c4e1b4.jpg,0.3409654200077057
a0c600c824d3ecdbe4661b958a8cd6b3.jpg,0.9999783039093018
a0c8485766b2d54a355b8234d453c178.jpg,0.9979709982872009
a0d8658950e65b61a36a05209dde66a5.jpg,0.9995900988578796
a0dd7e6f9eca1465bc3912d5e9088d75.jpg,0.9840302467346191
a0e19c0adda28d1e9fb1674c3f24309f.jpg,0.9998881816864014
a0e9cfad53ed2aafcfe78cc10255648f.jpg,0.9260117411613464
a0f470cbbe4ed6628ee847441310812f.jpg,0.9991845488548279
a109831da736de455425523bd494d7cf.jpg,0.9920133948326111
a109835fd28f166ac0a105dd816ee93f.jpg,0.9998019337654114
a11845a572cf2e37d581de059226397f.jpg,0.016733072698116302
a12e1ab2001d2a402c0680d7fa7b3900.jpg,0.7627981305122375
a138a4066bd8e7ab4377db208f2e4bdd.jpg,0.9991926550865173
a145bc2050292f5b1f44c93356bc6c95.jpg,0.7886465787887573
a15b2ee6da1431a832faa8a68ad1f534.jpg,0.9956663846969604
a165b1b62945dbd2c01e24bcc77281f7.jpg,0.9995381832122803
a173eb7ad3f0e4393457208a660f5415.jpg,0.9997544884681702
a1740fa40cc749a8502c893d317b42da.jpg,0.019585011526942253
a1869b511a601aa4a711db0cac2640ac.jpg,0.050603579729795456
a192fc259e164adfb3dac4d16a40f9f2.jpg,0.022134436294436455
a1a5b372bdc0a32e4c0925bd6d66444c.jpg,0.9976208806037903
a1af862265a5c2847865e772b58bcf90.jpg,0.9987398982048035
a1b0b2b990c2cd2065ae4a00f1b8c895.jpg,0.13205918669700623
a1ba326f612d0590dfd2f9fdd342a030.jpg,0.7773149013519287
a1cb1aeaa5fcca2016c40cb5ac71a4b4.jpg,0.015020137652754784
a1e5a01542e573609ccceb0f4fb31abc.jpg,0.999923825263977
a1eaa94ec3b5fa39f7112f95f95bb3f5.jpg,0.9971007704734802
a21ab4ded4050916e4ba01d23389feb4.jpg,0.9255170822143555
a21b6e298e4fafd69842008615b5179a.jpg,0.009836439043283463
a21f856603a60ec285ace0a722b533eb.jpg,0.979462206363678
a241284864005e4842a71060ad03ef62.jpg,0.9862909913063049
a246b69cf0877aeabc372f8b73df91e7.jpg,0.9956279993057251
a25bee5371f95ea9da4e99eff10136b1.jpg,0.16551795601844788
a2924033ff945a733cea301d0e389c37.jpg,0.9925259351730347
a2b309c4a67e1488b0e85a4dfc7edd6e.jpg,0.9998722076416016
a2ba0c2c55407a1cb90fa353d348bdcf.jpg,0.9969724416732788
a2d2e86aa1523db31f8c4be53838f7fc.jpg,0.2449992299079895
a2e90b83a2ab6208d60515793ab11e57.jpg,0.3580377995967865
a2f138d45a058b315499d225628d8f30.jpg,0.9999958276748657
a2f5d58a844fadb27ede7ee29ce45af3.jpg,0.9886804819107056
a2fcbee88063e6e359e8b97f9917b8fa.jpg,0.010424494743347168
a32131ec928f87e5bccca232097a4d16.jpg,0.09280252456665039
a3613c3655bca710ebebafdcb1a8bb9c.jpg,0.9982713460922241
a361944e1c04705756c4ed9bc50f0470.jpg,0.9368494153022766
a399ef3ce9dd94c6ebf2b61ddc17730b.jpg,0.012923507019877434
a39e75a0a3bdc9d4ccf5198adf61cc06.jpg,0.2941909432411194
a3b65ec70c5640d6d66706c2c441a79e.jpg,0.9832332730293274
a3ba727f3e7828f6ff4f558153eff2ba.jpg,0.9964767098426819
a3d215c0cee2237026888c2aad9ce46c.jpg,0.22048966586589813
a3d7af39f4f52624ace1c423c0a106cd.jpg,0.999601423740387
a3df22f752ada723fdc349217a0c7016.jpg,0.9920561909675598
a3e386b6a24aeb24c7214fd559405aee.jpg,0.830594539642334
a3f4f8b58e059ed058a5950cc828dddd.jpg,0.999783456325531
a402ff6586e4e04ef5724d5c4378817e.jpg,0.026053931564092636
a409e2141eb79867eb3cd49ca21fd860.jpg,0.9999985694885254
a419061b6409a0595913b15c46cd5f87.jpg,0.9481406211853027
a43f7b1fb90031dd167c5be5d10d7c7a.jpg,0.9894652366638184
a461aed1d1d9d75970948701f1d37fb2.jpg,0.9907355904579163
a4677732c761b3475e9ffab392414a2e.jpg,0.9413266777992249
a47453d74fa3881444d5291b50217c4a.jpg,0.12306990474462509
a479485005ec76c3a0e82fc684e41f05.jpg,0.8844415545463562
a480235c97e1605768db8b3be2784c46.jpg,0.012934851460158825
a48e676f56806bfb1aceb56a7f22ac80.jpg,0.43592745065689087
a48e8f85fae7681176010350cd4cb4ae.jpg,0.974599301815033
a49eab904dfedb6f8139a58663ada555.jpg,0.9646590948104858
a4a572e9b739282d1157b687668bdff5.jpg,0.9924030303955078
a4b24c79fee527f89239d5d12e148e20.jpg,0.9999486207962036
a4caced64092a0584e85a05a393ced9e.jpg,0.22985585033893585
a4d2fa7e515b58c2984e4c5bdef7468c.jpg,0.9472087025642395
a4e7177e9d1a45dcb0ed7109cd2ca718.jpg,0.9772400259971619
a53884d9524d9d460de02b68d22ec661.jpg,0.9999549388885498
a56d13671935d197717e79185edca35a.jpg,0.9998855590820312
a58447fa87a2319d3ea8f7d36e7095f6.jpg,0.8830841779708862
a5b9428f05065eb564e6dc9364948056.jpg,0.9905038475990295
a5c5cc3cbe5ab99ccc816169a49472ca.jpg,0.9999996423721313
a5cd9b09ff30825f7ebc5302c18df0c7.jpg,0.9651939868927002
a5e82e4b7764c78b3090d1506709acdb.jpg,0.9927063584327698
a60d96cdae6780b8d869439242e415f9.jpg,0.9093176126480103
a6178e9f2a006a06c725876fec8e2bc1.jpg,0.9854228496551514
a61efd79b7c07a1496d32396be982285.jpg,0.983267605304718
a62122f9f66ef2b67ab714b5bb22bf23.jpg,0.9985571503639221
a6218635cc6958c5f697a4ac8fa2e074.jpg,0.9909403324127197
a67b29fb09a039d150525f23998e15c0.jpg,0.731419026851654
a68b03887d80dd88db2875226c033fe2.jpg,0.9138851761817932
a69bf0d6211c091c750240a979293d38.jpg,0.9972020387649536
a6c04a43ba6b9052c7373f43e943141b.jpg,0.9989463686943054
a6d3fbf99f75c1a85fe0967ac9f62aa4.jpg,0.9990571141242981
a6dc4431434b64390bca6e69f196a8ec.jpg,0.998643696308136
a6ee3a2ee94db1e2943d844c7bec6222.jpg,0.015569585375487804
a6ef4d855eae9d7f1c818c343b5ca864.jpg,0.6423823833465576
a71098209869eada58998b44fa8528f1.jpg,0.9693372845649719
a710982eefc98829a0761d626bbc1941.jpg,0.9996229410171509
a715480e25a3178372affa70f34612d6.jpg,0.9959932565689087
a72029a7d71d7472e73bf2635cea16b3.jpg,0.9663838744163513
a72f4468dfe498bcac525978f33efd44.jpg,0.9883008599281311
a73ab02d7b5dc789365b3e4590492cec.jpg,0.1753365397453308
a7406f264e50f07996ebf181d005fdc0.jpg,0.9787124395370483
a74dd1b4f464cab38c1ca2c0880052ab.jpg,0.9994039535522461
a766489961f7ce4ce3ac026958dba650.jpg,0.547319233417511
a769031d8cd9fec31b8d5e54b5b33508.jpg,0.30770888924598694
a772cb7448e1224e95e1859e9215d2ab.jpg,0.9768645167350769
a786eaaf1ec405e3a40137b913f65de7.jpg,0.912460207939148
a78822bc79d58bc531cb1c10a046617b.jpg,0.05806630849838257
a7a7f5b0304ed0337f9d8c0d7b372d92.jpg,0.984621524810791
a7dc0009b57055498e727eaf3e2039c2.jpg,0.94376140832901
a7e4594738f35f5901ff655f4ba05b56.jpg,0.999987006187439
a7f7b32c20807f42a285ac35a5de3017.jpg,0.9717298150062561
a809f014165691b4cf1dac6b7c00503f.jpg,0.025568444281816483
a81437a93a3302da8cf178b12557ae4e.jpg,0.015085914172232151
a8279fcec460173301e669f64305d423.jpg,0.9995330572128296
a84a00cdb44212b9857490810a8c04df.jpg,0.022073352709412575
a8539c8904eae0338d827564e997641a.jpg,0.9997900128364563
a87a44c7a32ef6598944dcb4d64d61e5.jpg,0.9672461748123169
a88e441829e23ded06d3da81fffd26cc.jpg,0.9441871643066406
a8941d441bb946953e285266305d9d36.jpg,0.19362616539001465
a8acf3e8016d3fee55ccadeb663f2a24.jpg,0.050126586109399796
a8d7daee5cab8dfdae85cb6357788385.jpg,0.30232587456703186
a8f90569010fe08eed7c00fc187ff3c7.jpg,0.06194832921028137
a8faf0476fd2a0dd2c34738d8b6cc765.jpg,0.997226893901825
a8fdfd0a8864a1ac9e04de3992c85edc.jpg,0.7605683207511902
a9067ab9d94aff93e0d0a0f6a029b87d.jpg,0.754106879234314
a91987db2af25df475aa6603dd1e08d7.jpg,0.8953463435173035
a92bc5f7ae3817c3fab98c00241633bd.jpg,0.9878195524215698
a92f6fcc755b5bdb110f3bca048eeda7.jpg,0.01584480330348015
a9494a5a43831c4a116e34186ee4b5aa.jpg,0.01472835149616003
a95fa851daa69d2640851bea77c322ce.jpg,0.9999927282333374
a9652fd28f407163d52e505b549be090.jpg,0.9999033212661743
a96a8ee219477fb43f2ef442e2718827.jpg,0.9958598017692566
a97ba396593a8c526c66be0a5564af67.jpg,0.9999562501907349
a98973dbe9d645b9ba02259d002af9d3.jpg,0.9982247948646545
a9994f5cf3a327e48743f5f9a9cad65c.jpg,0.9991611242294312
a9a6cfee36fb7f3c174cf8db5bd914a8.jpg,0.9999691247940063
a9ad3634359963f85b887c7b97a60c60.jpg,0.9996949434280396
a9b2582d171d08c9e8168641f7434d4f.jpg,0.9979616403579712
a9bb57aef76037fb4279fef085da7ded.jpg,0.995637834072113
a9bc7aa0c47c507bca5b3bddf937bbac.jpg,0.9862511157989502
a9c5f268d93ca3401e0201ab19db0d2a.jpg,0.9961016178131104
a9e7e93727bacd28d5f9c5e2958a5193.jpg,0.9900327920913696
a9fd5bb423cce240f3b98d5a26cd0c2d.jpg,0.9912253022193909
aa055a1d3e03a7cfc72fa26d8065810c.jpg,0.999221682548523
aa11bb61cea4cf1ae5e0e06e7c9bae7f.jpg,0.022697284817695618
aa12ab6f4daebdcdd6ec2b70a79eb4c6.jpg,0.9817126393318176
aa3e5834f6a4529706017b8c87a8803a.jpg,0.9992743134498596
aa4d0d4063990a8b68769a52460f8f83.jpg,0.888450562953949
aaaf0d651127962ebe50819206fc5d9a.jpg,0.9156925082206726
aad3fbb066ca25e6a30021125b6d69a0.jpg,0.9973888993263245
aaf92726afcd63b38c0e7b7619a05520.jpg,0.9930365681648254
ab050650bac9849a474af7fbda82ec51.jpg,0.9998633861541748
ab3ecf562708173d7e418788a6ab82d2.jpg,1.0
ab4b86f50eb4d2b936719b5f31fd1ed4.jpg,0.9384654760360718
ab631d4e875d39e72b230aaad140ad61.jpg,0.17252373695373535
ab67757aa438e861f697c90421d473d9.jpg,0.9998838901519775
ab9c15b319ed86ed134871a2b7161fb1.jpg,0.7816119194030762
ab9f5edbec87a40d07b618448cea7dd9.jpg,0.991019070148468
abad8dfc24316bc4f99c53663ad0d622.jpg,0.999995231628418
abadc4b1abaad30dd6fe2f2aa34ee132.jpg,0.21278955042362213
abb8ce8c764d5a94a5b25e1f9e10ee8c.jpg,0.9111323952674866
abb9a0379b3d28b87d2284dcb170f760.jpg,0.9998254179954529
abc824afd4a79dcd806c17a308e55a9a.jpg,0.9980660080909729
abd23026eeee629cccadc54699b2f18c.jpg,0.996767520904541
abec54388c6a598385a530de1cb735bd.jpg,0.9971235394477844
abf133ac69f90ef3e7eda59428b27fcc.jpg,0.999998927116394
abf677ac1dc7641baee4a21ab3cd6a2d.jpg,0.14590412378311157
ac02b74a7e14645d1506fe1c63f0adda.jpg,0.026259055361151695
ac03127c72ce43866e6a698132524340.jpg,0.9882684946060181
ac032d83a50e26fb717024aee5fdd876.jpg,0.993028461933136
ac0a71d4bdc6960af1b4739146d62b93.jpg,0.9837719798088074
ac24c3591ea072ea4b0e3f2da993f59a.jpg,0.9999972581863403
ac49ca7e01ac8f1c3921aceb1d9aa9c1.jpg,0.744853138923645
ac591a2efecabd7547cd8686b6450f97.jpg,0.9462745785713196
ac5ae82ef1268e61cc9053d855f49ef4.jpg,0.24869196116924286
ac70e6d773e7a03760ee0bf1d0dd5b2a.jpg,0.2790919244289398
ac719ea492e3ec7f0a1cbcc59999ed20.jpg,0.9365851283073425
ac8314d326341a72aba08f15749ad60c.jpg,0.9996065497398376
acc6c2bd03675b9907948c3891dd866d.jpg,0.07366158068180084
acde57aca24a85cab5d559870f2d0dbf.jpg,0.999068558216095
ad232d208a4b3ef5f5800a8501741977.jpg,0.9817948341369629
ad3e849b97299e5e4e70e10b4aa8085c.jpg,0.6133584380149841
ad4a8acc205803f4d8fa3c9ee6103a01.jpg,0.9999186992645264
ad4f3ecda782b24233b02ae092e9af69.jpg,0.9993600249290466
ad5203a0eea609e1b0b945ee7191794e.jpg,0.9996594190597534
ad59d22c3673cae3843f591099744061.jpg,0.9989420771598816
ad5cb887e9d910fdccdd7564ad5dc1ce.jpg,0.9999797344207764
ad6acd70ba18a496e1007f5e7b30d61b.jpg,0.9999816417694092
ad7540778cc3cfdcc1ee326ae4659af8.jpg,0.9861611127853394
ad7822bbca87323dbe37187052f58de1.jpg,0.9965781569480896
ad814fc226912ae1ceefdcb8a269c6e5.jpg,0.997612476348877
ad890acc7078a09be46f034c27d8a7b2.jpg,0.999992847442627
ad9380bba64ceab38762896a61229d79.jpg,0.9998231530189514
adb102e82ecdbaa1c0aa4c0dc6a13d16.jpg,0.02167138084769249
addf4749d3fe82907c39cd441cd59476.jpg,0.2912060022354126
ae12b491a055255dd21bf860a7e45b5e.jpg,0.034248340874910355
ae281781806d32b8933d430ae60d01ab.jpg,0.9824929237365723
ae2ce37d3a7edb80aed488188401c62a.jpg,0.9436846375465393
ae36a3f5543f21d5c31d63a6d041d33d.jpg,0.3685894310474396
ae39cb4e7de0027f9295b5316500b601.jpg,0.7985106706619263
ae5e85c610cce15cf77edede8cb6b438.jpg,0.8720181584358215
ae6393b1edfcff0474e9da2eed1d951c.jpg,0.9998160004615784
ae77d50dd6082db906f1c72b47854e71.jpg,0.9869488477706909
ae77f1fd2b15ce8bde98a93bd3b68b1b.jpg,0.9974653720855713
ae7aabfe694d09481379f1c0deb610aa.jpg,0.861531138420105
ae7d41e3342f3e0cbed71c92e0dfa9ff.jpg,0.9977902173995972
ae89fa0a30fcecd13c672a0e041912dd.jpg,0.9470557570457458
ae911818f19e4e925714aec9f57feae3.jpg,0.9995438456535339
aec28f055d9b9fd2e21a37a96c018923.jpg,0.21863777935504913
af162b52050664011fde5cf93fc81113.jpg,0.8489180207252502
af2f263b1b4e13143033545ca12a3cbc.jpg,0.9178358912467957
af5572400d76d4ddac0d1e13cc494a79.jpg,0.9989336133003235
af5e8b707317b96e3d87362a6974e9cc.jpg,0.993184506893158
af6e6745cbf31670b3c40af603b3c3de.jpg,0.007231257390230894
af8682406b452ece7ea17bba430f019c.jpg,0.9735982418060303
af8798226cbd8f4d84282a31bd459b25.jpg,0.9999856948852539
af98a8621af242be16358ff8b901241f.jpg,0.63380366563797
af9b4fd6f4bbed4c6e72d4901b66ca3e.jpg,0.26062992215156555
afb478de3752ac34f53b577945a98f78.jpg,0.9995575547218323
afcf9af37e4996ad797933b0e3ab6693.jpg,0.0611194483935833
afd444c557bb20321ea36ad0361d62b8.jpg,0.007249182090163231
afd4db8bd0c02513a843a3ba1dc865d2.jpg,0.996691107749939
afe5468e722065fcbbff2a96e3deeacb.jpg,0.9845899343490601
aff04c87070ccf9948ad86abcda9e6e2.jpg,0.26801735162734985
b00627c5cb49b05f112a857f64f7f1be.jpg,0.999626874923706
b013e2a3b31e180fb42fb83aac069623.jpg,0.9998563528060913
b0193f81f6766dd0a59883dd46ef3042.jpg,0.9576797485351562
b01ad733b1f9f5931deffce2e3aaecda.jpg,0.9933425784111023
b01cd45d61621d65cffdb1932c65d463.jpg,0.9996084570884705
b02f31609f97aebd7116ff8a3a95375d.jpg,0.9995113611221313
b033abea57ed54bd81cbebf676275aa7.jpg,0.07262161374092102
b03938bb43a2c29bcabe8815c5bba011.jpg,0.4613257646560669
b047acd8316b16d177fd4db6108d27a4.jpg,0.999896764755249
b047c34e79dbfb22deadba14bbfcb24c.jpg,0.9866602420806885
b0567e18788729a709a6cd55457292ae.jpg,0.9970986843109131
b06ed4bd1fcdc0dce48515c62fd046c2.jpg,0.20139050483703613
b07873a572df21f788d4e1d40541cf42.jpg,0.7541859745979309
b0852e9e8fd4eb2469b834c2fd7ea1aa.jpg,0.9531847238540649
b08560e1485eb6213425f032d813ed81.jpg,0.22823606431484222
b0949f0593e2a0c92303a536063df3c1.jpg,0.9926929473876953
b0abb6527bb4ac0ba04beecd4e1c0572.jpg,0.9947723746299744
b0c3772d0c25493171cbe2e1454c30f1.jpg,0.965548038482666
b0c5e16e906fd1c5374b31f98da58879.jpg,0.9729855060577393
b0cbb4dd28345a5d36169657a1518c64.jpg,0.9945935606956482
b0e00121e43ba5e9f975887e34a4c639.jpg,0.1762867122888565
b0edf6122c004c17dcdc092c2496d51a.jpg,0.9999653100967407
b10cbcfd1203b8e6f356efdcb7a40d88.jpg,0.9830479621887207
b112e58569d15fc72b2e4271d0f2d1f8.jpg,0.14510895311832428
b11923e71eaf813a44e8de85cc9a18ce.jpg,0.018971508368849754
b11b0bbd9c4ee17025409678ca99d41c.jpg,0.9998385906219482
b11b11cb7dd469d000248139908774cb.jpg,0.9989870190620422
b11ec6366ff56da713b49b396f9da4bb.jpg,0.9916110634803772
b124b547124f6cffa7dba3b673c15d8a.jpg,0.9999668598175049
b13d085980121c33eb258ca8f4d1f17c.jpg,0.0073926011100411415
b1434bd3ed4a8d9936ee5205d0aed28a.jpg,0.9706746339797974
b163acb984f1c9be43fda5b36fe89a9c.jpg,0.8712379932403564
b1659cee93fbf8f8523f82c513035a27.jpg,0.008444277569651604
b165ad9ef259fcec443f1bfea9f08dec.jpg,0.010696099139750004
b173371212857336afefec1189dc74c8.jpg,0.8343486189842224
b17552eefe0970aa807c00623217ca69.jpg,0.9981867671012878
b17e4800a4a7bc1563e3f6d88b936d46.jpg,0.9949557185173035
b185a3a5f76f65d8878b399b51558f75.jpg,0.999381422996521
b1a95f5b46be65c9fb99c84c64b95dea.jpg,0.2894579768180847
b1ba600b97284161a9838c19e2dbb787.jpg,0.9554692506790161
b1cc76011c5432d57156c5da95d6cee4.jpg,0.9948128461837769
b1d020464f281f91e5d4e2fcdbf4f7a6.jpg,0.9971174001693726
b1d6424f70b470ab62098983eee9d3e1.jpg,0.03196055069565773
b1ef14ac36996094fa9d5fb96929f920.jpg,0.21167157590389252
b1fb9ba0c239ea810f866526d1907e85.jpg,0.9988756775856018
b20e22bcab877b2d174b35c1f82a1980.jpg,0.998635470867157
b227412559a36e0bae12d7d057f9279b.jpg,0.9996694326400757
b2540255ee5b92cc66f158d72404ea73.jpg,0.08321131020784378
b2803bf4b4a61805659fc5fe2b484c73.jpg,0.9717944860458374
b28a04ccc5428f6762d623af14704150.jpg,0.9893831610679626
b28e5c495c85a6e52f998578aee21960.jpg,0.03860141709446907
b2ab93aa62c283d16c6a2e5456df09a0.jpg,0.9753355979919434
b2b816439553360b760f307da9f7df97.jpg,0.20066368579864502
b2e4ddd91c27067f12a183fbdc3a9275.jpg,0.999603807926178
b2f8ac34bea9e0c7891304ec1074dac2.jpg,0.8020405769348145
b303346f28ed2c9c58a8d545874c3f21.jpg,0.950348973274231
b3097f7c9dd99af858f543f92ffccef5.jpg,0.9999774694442749
b31a0d68facca3a23b123c38f6c62d96.jpg,0.9486672282218933
b322248729a78e779a422f5a9f4ca92e.jpg,0.9455596208572388
b371938eda77678b90aad471cd70bec6.jpg,0.9999645948410034
b3792528b28605c708318bff5643482c.jpg,0.0819750726222992
b379b6715041147a5335a7142e423091.jpg,0.7632478475570679
b39ad9577e7ac50768378cabc5d9bbab.jpg,0.9999089241027832
b3bb80205d43dcbdb4c1fb87dbef3dc4.jpg,0.9994165897369385
b3ed2c53e9cb1e614f0b7776c5a42638.jpg,0.998738706111908
b3fe660d51d0decf690a290337a49551.jpg,0.1575094610452652
b400d5ad67eed5a241f34e0d07300741.jpg,0.7396005392074585
b40bc89803e48bf03c42be495fc3ba78.jpg,0.9999873638153076
b428c4f98e1838b8d1bff290e1c9a41d.jpg,0.9968613386154175
b45ae97679debabb6401e35a64bb7242.jpg,0.46436551213264465
b488384fd709f8aa236cf897cc441078.jpg,0.026118028908967972
b4b74a6e2fe9fcc4db923acc954b3560.jpg,0.99952232837677
b4c10b6fa5e66cce7c7157ead349b0ec.jpg,0.878003716468811
b4c3ecbc339364dc0e1e184dbc754292.jpg,0.98365318775177
b4d6ad35e435219062472e4818a8af7f.jpg,0.9997125267982483
b4df5dabd16b38974b604058ad7c6cc2.jpg,0.9993118047714233
b4dfabc9c484997596390adfb4a2575e.jpg,0.9999709129333496
b4f7092d1f8411728fc1c8b93c784997.jpg,0.23648661375045776
b5010c6d17ce36964a43413c18522782.jpg,0.9355752468109131
b5141d8e6e5a8a98f8bb901bfc694141.jpg,0.8985477089881897
b51d7ba976ddda8f37e988386340adbd.jpg,0.8278658986091614
b52558a522db6ec2501ae188b6d6e526.jpg,0.30616581439971924
b5a3735a88ddc94039dac780a3aa37bb.jpg,0.460334450006485
b5d10241a3f230aaf3780b172296b40e.jpg,0.9844824075698853
b5d5c8f7240d4565f89c61f7dee886ac.jpg,0.993750274181366
b5f083a8d8b197dc195ee712d1325caf.jpg,0.9987494945526123
b5fa0a3f2203f9479542870404e87076.jpg,0.9918702840805054
b61559257313dda41f37bf978b7066ae.jpg,0.11789660155773163
b628a98d7667eda3985fad80610237d0.jpg,0.9902209043502808
b62da84e096d29e7d4a2adb6b962ca67.jpg,0.9953609108924866
b631ffdce7feeca9d72380773cc7d8fc.jpg,0.9994567036628723
b680d991274865e831f1feb8e84f67f3.jpg,0.9318633675575256
b68c6a8fd6c70aec4ff6da82d218827c.jpg,0.13743726909160614
b6a9572398bf9f45f61bc2016d10af58.jpg,0.9253167510032654
b6bc2676f85113051bfaa1ac51f7fc89.jpg,0.9987326264381409
b6c648d213bc5abb1a7542a0f2e31682.jpg,0.9999992847442627
b6c8d14a142cecb4adf009611831a527.jpg,0.9998672008514404
b6ce530d43b1e5273a9ef35669d30733.jpg,0.011314752511680126
b6e3fffc5c358ad65556d575db2fb317.jpg,0.9989585876464844
b6e575d07dfe72c4747be9b304c4052a.jpg,0.03898698836565018
b6e6283665dc896d82613518796c86ed.jpg,0.14120861887931824
b6f40999384523ae51e26a2ff79dbab6.jpg,0.5704770684242249
b6f923740a0c751677140ac5e971cf51.jpg,0.9936840534210205
b70d5a4460f4d002cff97272e5aaea9c.jpg,0.9987955093383789
b73290a52aec62d4bf606a896f61bffd.jpg,0.6131531596183777
b7338a239f737027333711fee0148fc1.jpg,0.9639574289321899
b736b2fa8ceefe993389187d32571843.jpg,0.2662528455257416
b73776f47e5b6fbf35bdcc64a7df016d.jpg,0.9999582767486572
b73eba36e0fbb429b57caad3c373a735.jpg,0.9901797771453857
b75a24f99f1ee3a1bcf79858ba558df4.jpg,0.9894667267799377
b75dd715aeebd93eefa6569bc74bfe04.jpg,0.9866096377372742
b76d1192061a7f68ec08bf92f5a11164.jpg,0.9984943866729736
b773d0c8de0735db32e0bb44bd848a75.jpg,0.9996320009231567
b775dde226fd724c69910cb138bdf3e2.jpg,0.98259037733078
b7b2ee449b45d7788b45fd10c555bb02.jpg,0.99853515625
b7c053bfdceeca3801d052fdbd883334.jpg,0.9834216237068176
b7defe4ffed6567f07c2bb9e264b27a7.jpg,0.7052953839302063
b7f8cf4a5c89d02e5a502814513a815f.jpg,0.9979090690612793
b7fc0a74b9141410b1ce64e955622b89.jpg,0.9999098777770996
b804ebac85d1f804a30d16a234c7a02a.jpg,1.0
b8188276de20b93f8a5ee48fd9becb4f.jpg,0.9998244643211365
b828fe2a3365fec39ec853c04479e178.jpg,0.8790784478187561
b848e41cacb0e9bb12de730d31b1acb2.jpg,0.9988956451416016
b896ab1aa743d229af36fcdc7e1740f5.jpg,0.9711484313011169
b89c7e76c8640d37f5ceb118e1156661.jpg,0.9958615899085999
b8c63c07c90eaa9b580b6b9f593160da.jpg,0.05774453282356262
b8da1b96151b6391e47559175ff54046.jpg,0.9680394530296326
b90d27d9ab51c85ebf2b7c3610f9650f.jpg,0.989437460899353
b93f54e9df43a647eb1483a5453fbb73.jpg,0.30316466093063354
b93f82bba5ece469a8eb9967750eea71.jpg,0.9998738765716553
b97e9c7af7721e61f8e9636f6ef30318.jpg,0.9998160004615784
b99af66eebd7e35c3b3066e03b8e8a2c.jpg,0.24154037237167358
b9a2ba2f0674ecfec04672750d48d352.jpg,0.9976056814193726
b9a5255ca6581ccde7d8606963c0295b.jpg,0.07849488407373428
b9b21e5577ba27cbe8a33c54f0a4285f.jpg,0.26135292649269104
ba0212e63aa26c29e41876df42d1a838.jpg,0.9915174245834351
ba11b37511b52f28167fb77d3c38a115.jpg,0.9851018190383911
ba1c80a40755c0a0c180f254d2276653.jpg,0.0851358100771904
ba1c9e158f28e1eb96d33a712f6aca5d.jpg,0.4929042458534241
ba2e077abcb7d588af43f5d3e02e8fae.jpg,0.32531529664993286
ba4be3f4da02c5292122dfa69b15fa71.jpg,0.41586828231811523
ba4ec60aa793ea8c102bd8dc612a356c.jpg,0.0393771231174469
ba560a5a0c79c807e91023bc77a8c9c3.jpg,0.011384786106646061
ba5791800c66d5928696a31807757309.jpg,0.9932006001472473
ba59b776eabfbadbd00e10c34bdae6b7.jpg,0.9990007281303406
ba670cec063ec17d42734e9938fcbf09.jpg,0.11024061590433121
ba69c7edfe85970d3e8e055a44339bd2.jpg,0.9999476671218872
ba7710d822fd653d56f399911d3f40f8.jpg,0.9903898239135742
ba7983bda9ee8acfe310d00bf391f0a4.jpg,0.3884393274784088
ba8b0566b001506a493c771822b98a87.jpg,0.9731778502464294
ba92512f9349443a3dd85f1050e8d7e8.jpg,0.7595226168632507
baa62009cb7a5b8cf3860a2c3e90bd13.jpg,0.9997972846031189
babb5d52a63bb29f7a26c9e56b43b894.jpg,0.30766692757606506
bac35b8ffd8d35dd840d9e83796da386.jpg,0.8670108318328857
bac6e1be5ab0112a8110ee91fa287a5e.jpg,0.03391767665743828
badf28a5770e02a005a2fe4e205e4d52.jpg,0.0630914494395256
baf4728431fd2a55ab6a9b9110dd5a98.jpg,0.9994743466377258
baf9060c2e20acbb7c3c8fe0814815af.jpg,0.07893218100070953
bb0fa8c8bdbd0731032b5ba955004428.jpg,0.9947704672813416
bb1266d471cacbcb966476ff937e1f29.jpg,0.9962241649627686
bb21ee8059ddc3f89c8b4bf024c22e78.jpg,0.977317214012146
bb300ea1d4ebafad63746eaae08a2cb3.jpg,0.06904230266809464
bb55685034ba965c4b6b940259f45b24.jpg,0.017029354348778725
bb5d9aa020be3ea51ae253c9ca63b13d.jpg,0.018595920875668526
bb67564fe502cfebed2b63b416c5d758.jpg,0.0230854582041502
bb867b646405387216916b646d6f53f1.jpg,0.999180018901825
bb9c3362734b173746319855cc3d2f49.jpg,0.9980738162994385
bbb9639b8a19cfcb2c6b7a9e1b6ec57e.jpg,0.993377149105072
bbc8ac5425085ebc6297a3eb815684eb.jpg,0.9781851768493652
bbe8fff33c1c3db1b545dfa84d155f23.jpg,0.03922487795352936
bbff1b205b1169f6d32177b0bc266cee.jpg,0.9975192546844482
bc1af7884c0e329a379121f79950821b.jpg,0.9940217137336731
bc238389523dfce066c396844d0d9cae.jpg,0.9734758734703064
bc3d2155d3931676f9fbcd606e271e7e.jpg,0.9933640956878662
bc44b2ffbb6c520c7246dafb166ebb06.jpg,0.01933884620666504
bc5a6be8e456f3291e7aa7cdd745289e.jpg,0.9998774528503418
bc6ee1b29521cc954236c0cf4e79520b.jpg,0.03835795074701309
bc71ed087b1f7086e49bf0e8773b514f.jpg,0.9904032945632935
bc9d8704cdfaf63ec7f51d95328ce910.jpg,0.6398248076438904
bca6ae7c070e24b34f09451a15e585bc.jpg,0.6424624919891357
bcd72577f753fec14158e53b0b8e8248.jpg,0.9999436140060425
bce1f29ee70b733e5c1d08f4f1fac3a0.jpg,0.9988723397254944
bcff558878af5532371537710655c8a8.jpg,0.9740497469902039
bd08b5722d6a0a1c6d7f50636ba8a038.jpg,0.9996455907821655
bd08dcff91a721b6cdc91357f5f4e749.jpg,0.996820330619812
bd15c74f6b8b6a8092b06748f80026c3.jpg,0.02356533519923687
bd22cbfa59c2b6549d3f2e02ef36f6f7.jpg,0.9996341466903687
bd25635cb1e68a155ba48fd2db9039a3.jpg,0.9944994449615479
bd2a0b645f6cb5d81ea58e92650f3460.jpg,0.9999126195907593
bd2c5e99d5181956cbb04aebd411aa0d.jpg,0.9977188110351562
bd2f994df6578b3110acaaa6ab07698d.jpg,0.9992696642875671
bd334deed9b7c5d4765ea494cd3043b1.jpg,0.8626429438591003
bd419bd69ce538e15d726e58633d8e5c.jpg,0.9415874481201172
bd43791d99677123363088068ef4e9d6.jpg,0.9999642372131348
bd4b1906b770d37725ea37065b371d29.jpg,0.999994158744812
bd5a4150a5262fdb360be5bd0dc2cc48.jpg,0.8030575513839722
bd60565aba890801205931f44ed673b0.jpg,0.9548869132995605
bd61e017b0bfac3c1be0e0b43e8585e5.jpg,0.9999682903289795
bd8c9f7cf05bf318d6eb99f9e100815d.jpg,0.984714925289154
bd8edc9e1942884b2e7dcb268fa900f3.jpg,0.9999997615814209
bd9c5755cd824b30197db769f1252137.jpg,0.992089033126831
bda53f363eed0b36f1cf317d6f1006f6.jpg,0.17083777487277985
bdacd26f61224494218e9e213cd23787.jpg,0.910849928855896
bdb3e57168773b1727722c62fcc84b5f.jpg,0.01117867324501276
bdc54656e98cf25b332692c43a070b59.jpg,0.9974715709686279
bdda01a9242c116851445567c4eedcf9.jpg,0.9897902607917786
bde8125f4e73773b3e5b36cc9f1e5bc5.jpg,0.948125422000885
bde96aabc07264b2ca48d7f23dde6964.jpg,0.9206643104553223
bdff508839a32d2b24a57eaa569c6511.jpg,0.9974949359893799
bdffd5641cbad5a26aa77034482fc05d.jpg,0.9987899661064148
be0ca63ca66b3612049bd78b08ca65b3.jpg,0.9992455244064331
be3eccee1cfc4d3d500ad29a3b9b2225.jpg,0.04823118448257446
be69b7b25b2dcca519d07b4967094815.jpg,0.9998620748519897
be6b5dc7d5dd29d2eb5a9eb8c3558c5a.jpg,0.9039182066917419
be82cdd688834504354ed142f963824f.jpg,0.9996463060379028
be8ad410d24e2ebd0003a343a20c77dc.jpg,0.9938617944717407
beae30b806114f327dacaa81eac7ef1d.jpg,0.9024056792259216
becaddb397837c02b78db321c3b116d7.jpg,0.9951051473617554
bee03b86bb300e81a3b4480d1a35e801.jpg,0.9910082221031189
bee7dcdc43d9c3f289e207fd379e8deb.jpg,0.995684027671814
beec8f2f230b10e62b10662000c7fa58.jpg,0.9997467398643494
beff2f6be59292fc17b8f9d2ca1e6ce6.jpg,0.8182306885719299
bf025ff62dc72e52d4f6a886efbfcb9e.jpg,0.22183312475681305
bf0b2ca22e13755f48f6e165e0881f2b.jpg,0.024946196004748344
bf19089464c5a9686c675be0b64ea646.jpg,0.12296347320079803
bf1d1277ff42df8bdf410f236f037cdd.jpg,0.11299674212932587
bf3cd371f16d50b22326e15d5a8bfe5f.jpg,0.9999090433120728
bf4b4b1bd5b78119537ed50c0ad24095.jpg,0.979917585849762
bf4c4e3844fc28a47c6faed9823599a0.jpg,0.016427505761384964
bf5561b8a0614e5805c6586b81c14684.jpg,0.9993769526481628
bf55c3e3e717a39e50dfabf7d00e2ee3.jpg,0.9957202076911926
bf752d5eba9cadec310ad03d74fedbf1.jpg,0.01361165288835764
bf98e9f9970accfe6fd983fbab270207.jpg,0.013152885250747204
bfa1bc5d17a5d74e472250cf7a40b4d8.jpg,0.014792556874454021
bfa851d85455d843c7cb7e37fa9e4ff0.jpg,0.06120533496141434
bfb33b4238d5d6b3cb330f7a7dcd0234.jpg,0.9997814297676086
bfc2053e260653ecbcd73ab77bf53b29.jpg,0.06798313558101654
bfd511c92ffa895729714c2dafb4ab5d.jpg,0.03902779519557953
bfdf5ca291319c9004aed3a3ac0e6808.jpg,0.9951885938644409
bfe41fb274aecc9c01b80957ee13caee.jpg,0.013212187215685844
bff10553eb10c3582e951d0f8c98c3e0.jpg,0.9999136924743652
c018c82a94e5e4654146b0e1b6e7b25c.jpg,0.9555633664131165
c0346b34684ebe1efafe70ead726360f.jpg,0.9998152852058411
c0388fad430a97442805e00d7aea780c.jpg,0.023304596543312073
c0737e8ee36ab2c2024e9824dabc68ce.jpg,0.39767175912857056
c07bf2fd75c7d11068b70c20c46df28b.jpg,0.9616885185241699
c07dbe8f11c8714ecb3ff2a84eb02fb6.jpg,0.99997878074646
c08509ddc9e710a84f221c0a1daaea1b.jpg,0.9331524968147278
c0937cf48a891a2ff08a4461ec5dde24.jpg,0.996517539024353
c097404bd02491be131ac1554d6bdf5a.jpg,0.999251663684845
c09f82ef764c4fcc6d440d25fd42f102.jpg,0.1447732150554657
c0b4b16f3b9db623a3c80e3365152575.jpg,0.9705295562744141
c0d852d57a4c0e3dd92c57d43a406656.jpg,0.993962824344635
c0e91b904be7f215b363242927e13e83.jpg,0.9965611100196838
c0ee36887889a803a3be20aca76820e1.jpg,0.9977594614028931
c109a5d72f679bcd37c224afc0254861.jpg,0.9931107759475708
c11d55f05dd33dfa6500282dd374e60f.jpg,0.038352709263563156
c122bef1c76c903cbfdc5302ac0dea7c.jpg,0.20011380314826965
c1289f4470563c021cab6594c1dca269.jpg,0.9881533980369568
c133af795b85f45a6e1010ddbc3493a2.jpg,0.9992293119430542
c14b34fedfbe1ade076309e2752cd015.jpg,0.99395751953125
c14dc0d0266dbc5703d1b31ecf0be02d.jpg,0.03379903361201286
c155761e03bd1e12bb5013e702570363.jpg,0.05361730605363846
c16162b0ceb5585533670ba19ab1b247.jpg,0.9007226824760437
c184ff3c7eb664296b538c560091893a.jpg,0.8249692916870117
c1860d0f821d4733c186c8db7371d8f5.jpg,0.0076718260534107685
c19a73411004ea29f4f248a89881b0f9.jpg,0.9999207258224487
c1a0f4eee85933112caefe7037586fc3.jpg,0.974207878112793
c1a68c13491d75acb15d8ac465278696.jpg,0.08833789825439453
c1b1c1f6960809e7e86463fd04ced432.jpg,0.9969887137413025
c1b61e0262e9454c0965952085d5a873.jpg,0.9983648657798767
c1bc236b00d9c99e6a4315b8ec03ce6d.jpg,0.9978912472724915
c1c699fadc9746977854ad34c747ded5.jpg,0.0467216856777668
c1cd97843f918c8483930374614d2611.jpg,0.8856655955314636
c1d6fd87000ed1f91da37fc8da63ae34.jpg,0.9972988963127136
c1dbbb4cca99db3d2b775ed473ceaf57.jpg,0.06228893622756004
c1eba5e1ed8a9ce51a41c4bd7e5676c9.jpg,0.746793270111084
c1fb6db58fbf31a53f1c7e393024e8b2.jpg,0.05709480121731758
c1fe7ea3d5d30d111ba82ec645b04971.jpg,0.9968516230583191
c21a5535cfde825d063466b8dbcc8c7d.jpg,0.9985746145248413
c22a1b159f6ecfbd62d196f9719e4302.jpg,0.9646307229995728
c23a07439dd2220eac4fa308a62ed812.jpg,0.6379677057266235
c26793bf9e9678b899fac987012790cb.jpg,0.908926784992218
c26ba3c739ba853546c036e2261bc7da.jpg,0.9983805418014526
c2819df523497876e64d96f9b93eca36.jpg,0.7117598652839661
c2a59633372551c990560975a9569d33.jpg,0.9998443126678467
c2ada8208051a3d39deb99514083181c.jpg,0.9589582085609436
c2b254219f3395a193c6e62e6ac90480.jpg,0.9997641444206238
c2b8a349f4c25d6852b2a0a5d816edbf.jpg,0.9999158382415771
c2c23c2d5f39aaaccf9d0fcafeaf8032.jpg,0.9998712539672852
c2c9be6e7e8a8f753d4cf718a0f5313d.jpg,0.9425691366195679
c2d02e243adfcc1b47e308cf92272ccb.jpg,0.999944806098938
c2d06fab04dbf564b6300afa6d02edd5.jpg,0.825802206993103
c2d9796129b833a8d7122d81861a43f4.jpg,0.999923586845398
c2da19ec9ddb986cdc409103dbeb4d6d.jpg,0.3413824737071991
c2eab91f0dcb66e5fc480952d8433e24.jpg,0.999710738658905
c2ebc960912f8561cb82dfab30397f3a.jpg,0.8329794406890869
c2fd810f9e552d84ff6a128f99901604.jpg,0.9787214398384094
c3010d580568d5399e8dad009ddcba78.jpg,0.983440637588501
c34d37c8ecfe1815a74c5f4d0cf276d7.jpg,0.9813862442970276
c34e0a079935f4559e98303d3a83c238.jpg,0.9994613528251648
c3559c5d34572cdafb5e6f74fd7384fe.jpg,0.9804789423942566
c36665e0e083cc156c1dafc2f12b8d23.jpg,0.3999810218811035
c36bad0ccec1440e0ae2e3ee53a46ef2.jpg,0.980413019657135
c38598dddc6f411e169247832081293c.jpg,0.9705772399902344
c396032a37aa6cf49840768d6d57cb17.jpg,0.9919180274009705
c3acfe06876c72a6932b3dd854a71977.jpg,0.1023622676730156
c3beb46d76e926c8e2cb5f7ee36e66be.jpg,0.9964058995246887
c3c649c78630ffe12ad77c9b6f485cf2.jpg,0.007833207026124
c3c659a8fddf5fd80993f123e69d1c75.jpg,0.9998692274093628
c3d1d83d50483e6e97b7290fa2db51ac.jpg,0.9999728202819824
c3dc80b280db07c0a8ab326169f9eac4.jpg,0.056073661893606186
c3dcf3ebbf3847bf0d07c6c0827d02f3.jpg,0.990006685256958
c3f780bfc56ac78d461610ec5f9c67e4.jpg,0.9819629192352295
c411dfbed374b2ba57e92ef009eaa6b8.jpg,0.04353496804833412
c41918dda1dacc702fb784e8f3b8e44d.jpg,0.03650689497590065
c42fe66477e20b883c13c8b424ce5d9a.jpg,0.07134431600570679
c450651a584e564c3cb7f0cc1229cd99.jpg,0.999876856803894
c4576f56020a0c4e99ecdac611eb9cc7.jpg,0.9974268078804016
c458123a63b4107f1ab451eed634e00b.jpg,0.9974103569984436
c459323223e0bb0abd817a32704f46ae.jpg,0.9991377592086792
c471e3ce1047ad5869ebe247c2f345b9.jpg,0.8369282484054565
c49554933cdb84556c1c814a68c5a8ca.jpg,0.8993991613388062
c4a53eaa0287b78f42d4af5aba8681ae.jpg,0.9722191095352173
c4b0997292dea5a9d8e155c14b463827.jpg,0.999931812286377
c4d870326356f4214c26f1e6b48a7a0c.jpg,0.9847053289413452
c4d8e5be4c91e57ace2d6dfca23a0587.jpg,0.4677312970161438
c5003b9f7f00cc9fca14d1bd895a2ffe.jpg,0.8969749212265015
c506db61e0fd015a044d8455224b85c9.jpg,0.999971866607666
c507f51dc4060ad0a1da893b9c171ffb.jpg,0.9995537400245667
c51b22e76fdcbdbebaf3180d58b73601.jpg,0.999927282333374
c52ef829e75445d60669cfaeb8c70892.jpg,0.9903449416160583
c537340a28a199974d4da5bbda5ba444.jpg,0.894283652305603
c57679cd41fc9e400476c129fac26381.jpg,0.9999704360961914
c5aef1096d898f045fef470da7658497.jpg,0.9414570331573486
c5babbd9ed920483ec7173cc5c372779.jpg,0.9958698153495789
c5cb4e2a1566e9ba5c9d22b96fa773fa.jpg,0.9211145043373108
c5d5db80b476389d86849d5e37b975aa.jpg,0.932368814945221
c5ea2c19d05cb9ed420a5dd11249808c.jpg,0.5802874565124512
c5fbd21e872bcb616631c438fb194834.jpg,0.9999909400939941
c601eeedb227351b8b97a2e5e89bed4d.jpg,0.7220088839530945
c61cec0105f9a1cbdc569af8676abb2a.jpg,0.9940332770347595
c61eb49258000ebdd03871220602fc23.jpg,0.998675525188446
c62475af162871a0a92cb2ea6a090bb4.jpg,0.9602993130683899
c62f0cf73b96200d2b9aa032c758a545.jpg,0.9940676689147949
c65d45ffec75081f73d0d8070a62248c.jpg,0.9999570846557617
c660ab853b2d5c969f76c87da7830caf.jpg,0.9832462668418884
c662bde123f0f83b3caae0ffda237a93.jpg,0.5175926089286804
c673ce0fe772656570f87da4df23502e.jpg,0.9996004700660706
c67fef532a25cdb84d6b1277f5a6ace7.jpg,0.9839065074920654
c684fbeccbc1ae2dd07bb557a36ae223.jpg,0.8065475821495056
c68a90e2738efcbc22118ab138382f25.jpg,0.9942387342453003
c69b307119d59a97b3f5b94fe720974a.jpg,0.3391391634941101
c69b76cecb34cb6804b5b1a092f4c41e.jpg,0.9229468703269958
c69c62ff3f623ef3cd371585c896f901.jpg,0.9785491824150085
c6a12c845a337d034ad2bc37e8da3add.jpg,0.99442458152771
c6a1569181d92e0ac2e3b4992a53ef65.jpg,0.9903528094291687
c6b66216505d8aa89cfeeb9e6e27696b.jpg,0.06491939723491669
c6cc90a19210246b54736940f07bcee8.jpg,0.9989207983016968
c6dbed19c6fa5e7ddb60aae40e4f5819.jpg,0.9904317259788513
c6df64fdc949640d32a50a656167e663.jpg,0.9997280240058899
c7178290978f1867a08155a82d1bd4de.jpg,0.6797276735305786
c7188ec5920517e41207ec7d3ca4fb11.jpg,0.9997493624687195
c71c4457964d5e2e164a7d36640755f2.jpg,0.9800705313682556
c71fb9c7ccffbee042b309ff8c941960.jpg,0.7868413925170898
c7248a738fdb8dc00f11e29bb5209a56.jpg,0.9965882301330566
c72f8c60a1503deb6213ae804e518e20.jpg,0.9745679497718811
c765245057c291847d06c3342d387ada.jpg,0.0570751316845417
c77553ad74c99c1dd83b32ad2ef8f102.jpg,0.9991230368614197
c781ddfd6f4cb8b9b949da94ffc4b29e.jpg,0.9904352426528931
c7a026650beeb757b42bfda284af2284.jpg,0.024812785908579826
c7a4a2814839436244c53077c6d688d5.jpg,0.5116315484046936
c7bb2d97d0fcdae03a1dde715d0c909d.jpg,0.9977496266365051
c80a08a2daec8e14fba1bbe1e61ed357.jpg,0.08647742122411728
c823b7e3b54f31000edc109a0913f23b.jpg,0.04327833279967308
c83f3b023b37411ec0f83b01703bc8fe.jpg,0.999845027923584
c8407dd17d9411d2c711b1454f1a9460.jpg,0.999953031539917
c8593d98ebd8a7a7ed74a6307329ac78.jpg,0.9930459856987
c85ae3d889a6761cdbb459e3c85f3560.jpg,0.9937410950660706
c85c9afbefec6c999050909740f808f7.jpg,0.9347051978111267
c86756090489060f4caa8191848b5253.jpg,0.006079605780541897
c8688f94ea15912455b013fb23ab2f7f.jpg,0.99800044298172
c895ebbed836c52cba550f2259274ae3.jpg,0.9800394177436829
c8969af9e8aa88c2adfde8b870e00436.jpg,0.9946228265762329
c8ad14bf62dbb4d03204277e6fd8d5e3.jpg,0.1585569530725479
c8c16030645a0d8b880939f2590f87ef.jpg,0.48851892352104187
c8c9d6b12f33cdd083dbf91d3e4f03fa.jpg,0.9944847226142883
c8e3361b6aa4e580942e4abbacb03b10.jpg,0.9968773126602173
c90987cce99573ba6a9fb966947a3723.jpg,0.9982200264930725
c914054fc411d277a1b8cef045381a45.jpg,0.9993044137954712
c915d0f732b0f1168a6f78f1483f7322.jpg,0.9987143278121948
c952e711b965c1462d6fe401f093a276.jpg,0.9995617270469666
c9555193b2900217d77e3c05d4ddb1f1.jpg,0.6373193860054016
c9572768b1a2d7cc4db372b119781971.jpg,0.999659538269043
c958dd5b9bd2e0f5ba292d18326fc290.jpg,0.9953315854072571
c96dfc599990d51bef1c3fd41087bc3d.jpg,0.8614398241043091
c995ec093a7cf7b5aba8fc19e444f21a.jpg,0.8778406381607056
c998ce36f7dbe8ab56bfe4c564cc4213.jpg,0.0195772685110569
c99ebaf063502bb1357b30c3a48cb300.jpg,0.10641667991876602
c9f3b58ee76f15511bc165f1878f43c7.jpg,0.9997792840003967
c9f48d452bc6fdbbf716a21b78cd3f49.jpg,0.9723086953163147
c9fdb23eb796644b195ee842f5f86549.jpg,0.14503580331802368
ca01428bde6ab89c539f9aa5285d14ed.jpg,0.971786618232727
ca0c652f94562957eac0489d0150da5c.jpg,0.4265938699245453
ca2861e0fe50f1da35f8e2039174c9be.jpg,0.06032056733965874
ca695aae491c15d838b7c73c240169d9.jpg,0.7333809733390808
ca7c046a04e5f06508485bef194a9ebf.jpg,0.9999361038208008
caa14cf5931877ef61ced4caf1aabf11.jpg,0.6272392272949219
cabb2f6bcedd259e8789b20dbd807f62.jpg,0.9991384744644165
cac9269d38a48c352b42a32de4a9829e.jpg,0.10898780822753906
cad31bc4c230c5d3076b8fbabd091647.jpg,0.999636173248291
cae790836fb61f54f8dcaad0ef4c185b.jpg,0.9850379824638367
caeb04ff0a0b2dabaf89dc44c9800164.jpg,0.9965177774429321
caf08e09a0811319d7ab7083d5524a40.jpg,0.023935718461871147
caf0f08fee5bcae23b9e0edab5cbb892.jpg,0.9991368651390076
caf331a793b5816ffaed0050b96e9ffe.jpg,0.999612033367157
cb20d90433f9c180d0cb0ac296783f92.jpg,0.9996292591094971
cb35339d2d9fd1717f06e3e7f89b17a4.jpg,0.9994168281555176
cb392fb7da0e281ea7fff571c12144f3.jpg,0.9977326393127441
cb4321bcba0efc8aee222f0b6421abcb.jpg,0.06714365631341934
cb43840f4b256a077e8d23a87a066838.jpg,0.7616399526596069
cb46c1655fd080a07b48e8144ef927ba.jpg,0.9865628480911255
cb57a729b37d95a5373f49ed6aa6e153.jpg,0.4933517873287201
cb8914e9f7fefdcb0f318e03da94aa00.jpg,0.2308441549539566
cb8c7ea2533bd9745d84c632daacecfa.jpg,0.9988037347793579
cb9f0fc0a952e0450d54bbb97ed182d0.jpg,0.09447731077671051
cba3d6c9792ab0652508ffddccb29539.jpg,0.01850101165473461
cba93f787a305942df6b642a2ba55eeb.jpg,0.9982739686965942
cbbe91832302b603f85de5406a3b76aa.jpg,0.8603203892707825
cbdef064c24cfa8128279396aa497c64.jpg,0.03292590752243996
cbea714fc4d1d84ee5a75f45bbae7009.jpg,0.7916616201400757
cc0f98cfd56fa79ae485e52a3deed77f.jpg,0.034830719232559204
cc172987571e00bc5b69176cd3c65b41.jpg,0.7728068232536316
cc23663e4bcf95a62f816ab1693f3c08.jpg,0.9913477301597595
cc29e8706d32602e4572a5686f3a678a.jpg,0.9730322360992432
cc7b2b90d4315e3e0ff932fe20f74b1f.jpg,0.21535131335258484
cc7f7b0dda05f31d54b934f0db6b6582.jpg,0.9922518134117126
cc8da74b165e04519c7fbcf7574a3cae.jpg,0.9993137121200562
cc94ed3d68ded1d054e8632b59462cae.jpg,0.7118360996246338
cca4a5e7588c6b52f777e4f046755c8c.jpg,0.03948201611638069
ccb5d798fba9e94c58018b7295527804.jpg,0.9792491793632507
cccb1df3adda5babd883b1f45d7b140b.jpg,0.9999715089797974
cceb9c73819208905becefedeb76fe4d.jpg,0.09107813239097595
cd24d218f496080b5f2b717e42439aa1.jpg,0.8769121170043945
cd4b2844b620aa09dad1b12d7ea6a4e8.jpg,0.9901199340820312
cd7b2c39ab919277c23af7e9175c2365.jpg,0.8389119505882263
cd88e4de1d2aaa858f300afc0769c499.jpg,0.9999843835830688
cdb24adb2c5f0b7ec03dc59390cb02c1.jpg,0.05838897451758385
cdc3b6fb9abcac26a345fa893b430ed4.jpg,0.9989860653877258
cde3c34df6bd5509afbd357581c3a665.jpg,0.9018413424491882
cde8ca39c6616273ac6cce33e4d96382.jpg,0.032050833106040955
cdeb3554ed94913a1de67a4dc7089965.jpg,0.9972630739212036
ce01427a36dd8cdf44b6eeb77b50fb67.jpg,0.0359695702791214
ce03060470ef84f8faa3e75adbeffd49.jpg,0.9998471736907959
ce04f97da84ac7dbf726f0c37e349354.jpg,0.9613663554191589
ce070355289ea438c5b1f14dc0c24a83.jpg,0.015601051039993763
ce084746e34b970946e9fe288deb5835.jpg,0.9902104139328003
ce17e6f73cf2f24f914fd540cc7be31d.jpg,0.9610269069671631
ce2b94c8979d0466fb7f2451316f7aca.jpg,0.9964908957481384
ce329294e5218a5b343ec3499ba40376.jpg,0.9980130195617676
ce38c485c1212c1d96f75646609847df.jpg,0.9999959468841553
ce4ccd2b52861e9c3874db5c298bcc4a.jpg,0.980324923992157
ce69f37e117e70d4ee5004b5e8585c97.jpg,0.6969374418258667
ce7ca96b557fcf273c7e5a3bf7d4b5e1.jpg,0.47161218523979187
ce7d91a3acc759dd5157ab74053ace35.jpg,0.8686645030975342
ce818c11716abfa42477827632e91ff0.jpg,0.9995056390762329
ce98c65b70b6a36096450d30940ff103.jpg,0.9978452920913696
cea76db107fdf8ed03ff2d05dab081ff.jpg,0.5666133761405945
ceab31c9b1ac06ed32ccd31279465b32.jpg,0.9999521970748901
ced3ac6a1eeedc4a929a24c461174f09.jpg,0.9464488625526428
ced51c362540ef5ea711bc2cda0cbd08.jpg,0.986085057258606
cf142b4482c49f3a113142098570a0f5.jpg,0.02107929438352585
cf30c19ca0320145ca8c21c1c7074368.jpg,0.9990642666816711
cf390bb6b589b2fb9b2020be19e2ae8e.jpg,0.31890377402305603
cf4303b3fd134928a22b65ee336cb17f.jpg,0.1112685278058052
cf44f55342503f9ef5ceda3aaac4d589.jpg,0.851791262626648
cf4932ddd6389b2ddbb7a44ea63a2331.jpg,0.975967526435852
cf53c04f6244719f1d7a304737e5b17b.jpg,0.9999663829803467
cf54a72fe570b042e95d690413d18d29.jpg,0.9949150085449219
cf674d52f44ca54c1ec863d6913fedd9.jpg,0.03273019567131996
cf86a7bd7d483c530ec9bb805f5fd15a.jpg,0.15200279653072357
cf87d197d6c8698f7659abc5479909cb.jpg,0.9908925294876099
cf8e256f1499e58891c86236dd2f7f6c.jpg,0.057427309453487396
cfa9de8b521ae98d4e7bdf3fa4a6a913.jpg,0.9997678399085999
cfb58d631ba19648ac87a3799b6bcc2b.jpg,0.9684434533119202
cfc77677a01c059df8962313f90806a1.jpg,0.9956600069999695
cfcfff07bfe0f6285dd12fc7f67b2ed7.jpg,0.9976784586906433
cfda38b8398a0a8e5613c33260bdddab.jpg,0.009823509491980076
cff4c716adbec7d62b81c10a2f84a626.jpg,0.996130108833313
cffb41fbb5be6bbf95d63c523b63e05e.jpg,0.7825388312339783
cffe89276b31e5fb92651ee4a10ad6aa.jpg,0.9986978769302368
d00458b6bb06853edcd812a82dc90c42.jpg,0.918356716632843
d02db1a78007d38cda0362ba49167594.jpg,0.9995204210281372
d0407ea73914d63024dbf050983606d9.jpg,0.056499842554330826
d0456a3e692e51e747d199c2870d26c3.jpg,0.999984860420227
d05b2669c525cbe252c42ee541c8ebe8.jpg,0.9689300656318665
d061d978894ce6c020015451847f017c.jpg,0.992038369178772
d07d8ac41a5bde1e98b8310fae91fc6b.jpg,0.8971147537231445
d08c67ba6f35711bb4934d4a701bc012.jpg,0.9714176058769226
d0a83a1843badbcdc65486a5a00e83e0.jpg,0.32865145802497864
d0b3ba421cd9b873fddd14261384398c.jpg,0.5406449437141418
d0bb6cdfbd9c7714d13ad8e4591354d4.jpg,0.1044972687959671
d0bca990842c129c041d898b52d8cd92.jpg,0.008950559422373772
d0bf0e1a756e2b76bc51355f8e7fd7bf.jpg,0.991830050945282
d0cbf84a7111aa53f2b2d4c1e9fc813d.jpg,0.9823418259620667
d0cd1c3b5a0dcd040e3666f437c62aed.jpg,0.09279220551252365
d0e45b6b400eb030c4e7aca311c48c37.jpg,0.11297846585512161
d0e4ed7ec1b2ad782b331125e2585bac.jpg,0.025881115347146988
d0e7a27f9830401e5c030e4eebdd729a.jpg,0.9828353524208069
d0ffd7578b4f59206c87bb81dc74af78.jpg,0.9969304203987122
d107ef004b50c25af7d803798a612ad9.jpg,0.9421343803405762
d1178e330ee7ece753499854ef1c9068.jpg,0.9997186064720154
d11f6ca39e7b08db23b011000fcfdadb.jpg,0.9962067604064941
d13add4d0e0fec5055d743b271799bea.jpg,0.3289775550365448
d145fcaea77eb4f2550e15ff6563cd53.jpg,0.23825787007808685
d14e5ff7b37d5ea2ea822b088f0d938b.jpg,0.9890311360359192
d1545cc50bcdd32d2d06a76857ac4552.jpg,0.012117029167711735
d159004362a73bf4208183ec622b1325.jpg,0.9997493624687195
d16bc42c01134fe85061f36427c47457.jpg,0.9571443200111389
d17c6c6bd416e37a006218c6b5546161.jpg,0.9920529127120972
d1977144c4d882af3ee5a16c1e9bb3cf.jpg,0.9944056272506714
d1a2e111601a42dd83c30880e8bf0333.jpg,0.9183936715126038
d1b4ea8af5eeea60f42cf09f78e9db2e.jpg,0.9858973026275635
d1d95be5ba93e46dda1ead9d3ab7482e.jpg,0.37396687269210815
d1e13f52e5d2a27a77c1ade7ade12c40.jpg,0.011040722019970417
d2076845c338e765a97ac657cf99f40d.jpg,0.8355737328529358
d218276b076ebac2c608ea9ccbe5b06d.jpg,0.9905654191970825
d235e54044e9b961471950e06b063bb7.jpg,0.996066153049469
d2830cc80c6b8431e5b8e51bd93c4e77.jpg,0.9997889399528503
d2db3a3e4e54363d9943f534ae711e2a.jpg,0.08372679352760315
d2dc21cd44a2c5eb4b370eaf51569740.jpg,0.9861676096916199
d2e14509f685254939075f848c85d4ed.jpg,0.9978488683700562
d2eefe7df5a04de796d1ec985a906ac1.jpg,0.996019184589386
d2f5725985de1aa1040e913b357bea35.jpg,0.9994725584983826
d3073369d4a7390d64130705afab26a6.jpg,0.9999980926513672
d3151a9de9491cc970ef16c7d7929e80.jpg,0.999891996383667
d33a8680985970b0b31f148736af2dee.jpg,0.28383970260620117
d34ca6f29c94b1067750913818530256.jpg,0.9979173541069031
d35256c2e6dd2b5980cdf74e9d540575.jpg,0.017779914662241936
d35c6d44cc2c4673aa60df60f36d989e.jpg,0.9342200756072998
d367eb8dd6099982e287c38cd14eb39f.jpg,0.973181426525116
d37cfd9e2999698b06037a9e2f48e71c.jpg,0.986509382724762
d3bc89254fd2811c963670614e500456.jpg,0.656926155090332
d3bea1e5a966a7319c8dc61b296e7083.jpg,0.17908553779125214
d3c9c3a2e07ad3414e6c1bbde1ced2b0.jpg,0.9814474582672119
d3ca468d6e3b0cb56decaab4b36473cd.jpg,0.8204854726791382
d3ccc09a7c7c4ab2a7f461ffac9fa543.jpg,0.9975166320800781
d3df8bd3efd637b06b78da450927ce16.jpg,0.03605538234114647
d3efa78c9b2e2b53415df4b0eea01e58.jpg,0.8398113250732422
d3fb1d51ed2943bd2581b8b56d0ce685.jpg,0.9555760025978088
d41abf7c51266a629f02d40600cd9759.jpg,0.9979724287986755
d45dd818ff29a2d93941bc28f2e5ca5f.jpg,0.9999817609786987
d45ed3b9d808ebf4189a7fe8a9053b46.jpg,0.18534070253372192
d47196b7c138425283174dc2690bded1.jpg,0.9997867941856384
d49f0d6c4e7db8c47609e448da8d96a3.jpg,0.8531405925750732
d4b11038aa760f13c5aaa22e8a4f622e.jpg,0.36039432883262634
d4df3839e99e7e2f9e327d9d970ad8da.jpg,0.9945781230926514
d4e1a81b719f7dee85c2f5b4a8c2105c.jpg,0.999097466468811
d501c213160f55ebe9af0e836c4166c5.jpg,0.999651312828064
d52ee3b4b63c36be3d6cbba5225862f4.jpg,0.9990906715393066
d541f979bc03485a5b24d9c3adf764d8.jpg,0.9727434515953064
d557d020f33758f23cdfc8ea0909336e.jpg,0.9999479055404663
d55e79a03432913b2b189506c4167960.jpg,0.9997398257255554
d55fe47fddd026c7adebb91e5e61afaf.jpg,0.11773817986249924
d56a22cad469188427e4b225701ccd8e.jpg,0.40260300040245056
d575897376e640133e82596b065c9f59.jpg,0.9992107152938843
d5823c37e797c80258c7d23ecb1b2e7f.jpg,0.9998778104782104
d59ba3d3c461fdfcef33361afeb04bf6.jpg,0.09688525646924973
d5a5d4c01a156eea24a08650f1092d96.jpg,0.3665335476398468
d5aa280d59ddb495ec37f45e8f85a801.jpg,0.11743089556694031
d5b04b7b8113f97587169bf504c47ad5.jpg,0.9918960928916931
d5b6f915becc8eed7c0a310fff482339.jpg,0.6405473351478577
d5bdfffac820bf55114a3e2ff4546477.jpg,0.019403837621212006
d5d1036a10374d22befcf0399a7546a4.jpg,0.9995504021644592
d60a104f29a69243ea9a104dd43343b6.jpg,0.014333842322230339
d60bec5c050e85d7d66d4e3eaed8b11c.jpg,0.9990766048431396
d60e54d67ad1a4e0e907d0c044a229a5.jpg,0.013567604124546051
d6133a93ae64ccedfdbc694bd79befc0.jpg,0.4661571681499481
d622d1b58a96159be808d2f72ad0f4d6.jpg,0.9975622892379761
d62aa4097337e34761bd8a0976782a46.jpg,0.9999996423721313
d6455db6a8f5595547912a6114be8799.jpg,0.9998598098754883
d64ff5f4ff1343a6e2b5b2b46455eff6.jpg,0.9998729228973389
d653f3d937ed5d0cc8e7c9f050c7526e.jpg,0.9902405738830566
d65b05a2de72249e80d08c63de015b9c.jpg,0.9927835464477539
d66c39028a503fc6b30e97750ed2660b.jpg,0.9994726777076721
d671866be0c224d932893b11fd367afe.jpg,0.5550166368484497
d685b4b13f24b58b974c55d7d8babb51.jpg,0.9710949063301086
d692de83d8937c3ee6e2629e3271abd0.jpg,0.9999653100967407
d69da1097bf556b6b52524519b204a6a.jpg,0.931046724319458
d69eea06a148a25ee0055bf4285a6294.jpg,0.928329586982727
d6bf7009786d2b874f53339cbcf27712.jpg,0.9961041212081909
d6ddff54a3be55e5e1aa773dddcd52db.jpg,0.9990054965019226
d6e769ccfbefa1137e26eaa2e982ab0c.jpg,0.9973700046539307
d6e7917d0dcd67cf5f8c172b80c7d234.jpg,0.9985149502754211
d6f4c4b5538f772e421f200a765d31c7.jpg,0.7531046271324158
d6f61d42b565d3dc3c0163d7681a50da.jpg,0.9995835423469543
d7085e9514cb3253fca74db423ef7a2b.jpg,0.984952986240387
d716755bf99e7840c49189947cd7ffcf.jpg,0.634490430355072
d730c7762d9932784e3ff1031225dff0.jpg,0.8950760364532471
d739bbe74460e8265d8468e7dbca267e.jpg,0.9998769760131836
d756b655bfed1b403ab6469efe692ae5.jpg,0.9957534074783325
d76193cb2b367b6d051bbc93c39fcbac.jpg,0.9979615211486816
d766accf5f5eacad97d9c1c522773940.jpg,0.9981707334518433
d76ba07a4e35574429daa47efa608fde.jpg,0.7792131900787354
d76bcf366854223ff398f0da5d47e9de.jpg,0.9985558390617371
d76dcd9702666179a3bd37919186a547.jpg,0.6399469971656799
d7767faa110919cdfce8f8872ed29694.jpg,0.892898678779602
d7843e22fc31e0137b47e79fc57f2668.jpg,0.9999159574508667
d7a3cef90fcc29ec4c2600e0ae4020a3.jpg,0.9965651631355286
d7ccfd6663d6d06394f27ff86e46f92f.jpg,0.9995397329330444
d7ce0a6061362da0c0f0e39e186fe70b.jpg,0.958003044128418
d7d47c245805f898e4a3a417c96b7f92.jpg,0.0765833631157875
d7d7031b49eeef76daa1f7dca27bb969.jpg,0.9949507713317871
d7de5b0f0acf926b27c1a78fb6c0121f.jpg,0.9898396730422974
d7f0bf29ed815066d96ef12f2239db07.jpg,0.02699919603765011
d80f504c21030bda3288f14658420628.jpg,0.999750554561615
d817caf96fa9aa4fb7ffe0bafdf4eed6.jpg,0.9989940524101257
d823ff767964dfbb33d8fdcd30dfc546.jpg,0.19832684099674225
d850de6ebb8b4a1bfe359e7f6bf31978.jpg,0.9976375102996826
d8581fb229d5dafd0270d6c27dd20a0d.jpg,0.9194232225418091
d863d2b6ec7883be0d16d65110da0788.jpg,0.5895182490348816
d87b71188d1bc9948507aa077dcaad4a.jpg,0.9997777342796326
d897b736b4399cfcb01adc878b3f5fcd.jpg,0.04531854763627052
d899834747234e4e86ec64d459aa1104.jpg,0.9999631643295288
d8a4a553f1aa162cab1c010fddcf61a9.jpg,0.9779303073883057
d8a4de4428ef7b7b7f13799449f7a2a4.jpg,0.9999687671661377
d8a5fcb4087135cdbed6168eb3c947ed.jpg,0.9953692555427551
d8b93cf3f30fd9048a2c6a64f822fa96.jpg,0.9988036155700684
d8e55718ae486f6c922fe7c797893c55.jpg,0.9933872818946838
d8ee62393c4e026c1243367a1d753872.jpg,0.9664236903190613
d8f633c64ab2aad8031fbd8c80c29117.jpg,0.9983189702033997
d916fa1746640f86bb0b5b6258cb7eb0.jpg,0.33002743124961853
d91989075ade0ecab01c9b5cae1c00d3.jpg,0.9388037919998169
d927f70fc41e8086b8f9603d134d8a5b.jpg,0.9683569669723511
d9284223eed0ec98573a9e10f757bbd2.jpg,0.9999967813491821
d92eb277cb33354f881129b7ad438607.jpg,0.9923287034034729
d98c394d96cae3ae0ae299ba64ecbf1e.jpg,0.995995283126831
d98d2fa352247fe3a726d5b8a109cbef.jpg,0.9579484462738037
d9a0da40cf62a8e4a55da0a2800aa41e.jpg,0.9999144077301025
d9b9a79ecc5a26b42ac276aa1f8921db.jpg,0.9948357343673706
d9c3b057f8e51bb3649a7ef7f968ee53.jpg,0.9539264440536499
d9d832abf54cd3f8e39e72f4aaee766d.jpg,0.9687889814376831
d9e8d4570821f5740c1dd96115c7a1ce.jpg,0.9944855570793152
da0148a7743539315011e7c5c6c54bdf.jpg,0.9982227683067322
da498fc860c8b76ca925c4218c5f0373.jpg,0.8099841475486755
da68d0a49db35d11e3e1a55e61071bae.jpg,0.9999122619628906
da7a0e4e5bbb277efd612bf9e3b507e6.jpg,0.04534323886036873
da7babd8d22a59edcc8062800eed69cf.jpg,0.07504777610301971
da9d952a538cef94017831db46bcbcd9.jpg,0.998487114906311
daab69e2c58fcace97d3f42d1de980be.jpg,0.9999433755874634
daac5850a8685a50c6af3f0d0c179c10.jpg,0.66718989610672
dab429e604ce9d7a3bd83f7fc9974190.jpg,0.6860218048095703
dabda259a000feb881cf9d66a87372cf.jpg,0.9216133952140808
dad984f3416cdca2c4e818ebb32dcbe8.jpg,0.9986157417297363
dadfb5ca7c1ded00aac585bdbea2c66c.jpg,0.9307512640953064
daeb32be5933c80dbba1ddc5add671d2.jpg,0.999842643737793
daf90cc5824bfdc6fe19b729f74b20a2.jpg,0.011228893883526325
db4687e4f9d5f8a585fbf3705ff582d7.jpg,0.999432384967804
db60bdd75524f7a7e8afe707fe3e5174.jpg,0.9997097849845886
db63f5b5e6dd208b0274af861940ab79.jpg,0.9636369347572327
db65811bd0bbaf9ad21e5de3f9444fb5.jpg,0.9995003938674927
db76b833d66e49f35acfd828d83e37fd.jpg,0.038552477955818176
db9700a11df40ef9484d8a1e29b10e84.jpg,0.05816006287932396
dbb2bd0c0a735604332b9f3626d1f5c8.jpg,0.996035635471344
dbbf1dffcc0c8e469ed1b29d4b87e62f.jpg,0.9153093695640564
dbc8265c1dd8db61eb12191186593a3d.jpg,0.9833555817604065
dbdb97df617c0241526578971d0ff701.jpg,0.9999933242797852
dbdcd87f5605bab70e241e0a28feec25.jpg,0.9581457376480103
dbf36cb4d067819eb2c8dfc60021a005.jpg,0.9999996423721313
dbf3f9dc09c80071a347863592ff4ea1.jpg,0.9993809461593628
dbf56a779e51899db9c78ac9626bff6c.jpg,0.9975317716598511
dc0272cfddb4fa84a72647182b14e37b.jpg,0.9997274279594421
dc0c3a444f3c55e444808fe0755754d7.jpg,0.9987024068832397
dc22b67bc641eb0af08010e587a62b16.jpg,0.7840537428855896
dc36fd4e43f8646c07dd3cc4481c1792.jpg,0.994300365447998
dc3a0726984bb965efdb9f935c775fd3.jpg,0.9999507665634155
dc52e5870f11b3f243561185c9fd3266.jpg,0.9999947547912598
dc54646fd919db287588015dcf4f90c6.jpg,0.36478033661842346
dc59a317e8524296bddf4a6a1a03223b.jpg,0.010559184476733208
dc777600fde37f68463f91aacca03b02.jpg,0.9895318746566772
dc7c865d30e8ee23b967433257337959.jpg,0.9942083358764648
dca6602557334b56e96bed9b17cc9d64.jpg,0.08170710504055023
dca96ce805b92633e60414e5b85d851b.jpg,0.9980448484420776
dcc18814ca150bb797f3ddfd48204250.jpg,0.025965826585888863
dcc7f473e549e950436e1bac177adaff.jpg,0.5124473571777344
dccecc893160bc69b9eb44fa5a6a1791.jpg,0.9626909494400024
dcd260c6887b22967591c9b2b49b4d99.jpg,0.9998176693916321
dcd6af02516f0aa88e04bf19b730cb8f.jpg,0.996466875076294
dce6bd0871a4fae5896e0db9a33a25b3.jpg,0.08713232725858688
dcfedcc0e6dac5096d977498610575df.jpg,0.10782842338085175
dd228af63efd3a52c008b2c4f9161422.jpg,0.9941463470458984
dd2833a911543a701f4c7d281c5789d9.jpg,0.9877324104309082
dd387635a2640d0f5799b2c7b641709c.jpg,0.6333706378936768
dd4253492de79fb8e3d0e548c2fc582d.jpg,0.051964644342660904
dd44550dd4478af8e57e7184f1c7d02c.jpg,0.9997712969779968
dd51e6443afe7d8064deda257018c1ef.jpg,0.927812397480011
dd6e5567482ce53910251b469049f4d5.jpg,0.999984860420227
dd79f13265042f2e07364156fe4bdbcd.jpg,0.8007065057754517
dd937c2865ecb1c8685a8beeed7bd746.jpg,0.9624471068382263
dd948f0ac90c2b568dfa72523fb46f87.jpg,0.13814203441143036
dd9e81c2de1b23c8ab136a851a923160.jpg,0.9999710321426392
ddaf044fd7fc52975476daa0e7132540.jpg,0.9852919578552246
ddb94dd7f95657fcb9d75d7dcb72d610.jpg,0.9984269142150879
ddc312e664b669d4aa1f165c69c18969.jpg,0.9950960278511047
ddcbe63e36e95ada98b80e6b59d999cf.jpg,0.9999749660491943
ddcc2b26fa35d6f95947de253f6e510d.jpg,0.9923449158668518
ddd0c8d8d9a9613c7e32e6cf5d7f2de8.jpg,0.9999370574951172
ddd297275023abab3efcf93edcd808a2.jpg,0.9997186064720154
dddda0970b17ff41dec6dc5c4bbf561a.jpg,0.9981415271759033
de049d8a65edc21ad34c275806c78c45.jpg,0.7105197310447693
de27aa0043a13e293e981aa6e441037f.jpg,0.17225764691829681
de3e2b3f5291ac1230365f6abc908719.jpg,0.7999879717826843
de3eda7e0e1305c71246c075257ea2a4.jpg,0.02832259051501751
de45be06085a068b934f030ea4fba093.jpg,0.9950218200683594
de64611da693d0a08ed07846262a1c2a.jpg,0.9993922710418701
de6adc68cf6551f41c286c8d71ec80f1.jpg,0.990502119064331
de7dacd602b15cb9c422af03b40a35d5.jpg,0.9987377524375916
de8826069157019a8a1650ae8698c993.jpg,0.15407173335552216
de94b7aaad48e2c8ebd86c274ec6f29d.jpg,0.9516468644142151
dead66926be34c78c8c43265694d6893.jpg,0.9798012971878052
deb1853532deb71288ff753185229078.jpg,0.9999303817749023
debed8f708b740899ceafb9a3b0a8739.jpg,0.9684408903121948
dec5713ad292f4bef9c7bb60fe3552cd.jpg,0.040736835449934006
dec9b680a10dbf271ee114fed2477fe3.jpg,0.2831554114818573
ded77e27884578bcd8b614c5ca28c24d.jpg,0.9997755885124207
dedfa5e73ff765e80960ef5ae1f881a9.jpg,0.9991108775138855
dedfd928d59a9b49a129db3a9a5c7b04.jpg,0.2824656665325165
dee276a5b593efc18f39fb00ca68c242.jpg,0.20584136247634888
def4c9581c74c2e39b831d7e40cb6f6e.jpg,0.9969809651374817
df0a96db57280c1ea8c4aad30789774f.jpg,0.9601207971572876
df29a65df28d278feeb91df0a54caa15.jpg,0.9666906595230103
df334135ee20c36338b729b9d2fd459e.jpg,0.7790992259979248
df4f6a2f51e27b71089117a916d9d395.jpg,0.9678100943565369
df7224c519611ec9156981019b5e681c.jpg,0.9726559519767761
df76907a969e39beb1cab52796dbc59f.jpg,0.9999450445175171
df7bf9e9afae09d63b9e85f3a6b28085.jpg,0.9944137334823608
df9d0979bc4f2a419d75dbdc0d9788d5.jpg,0.9961711764335632
dfb048a72a78c4c4bdda9d93bec5b3f5.jpg,0.9450474381446838
dfdf9bb6892ab408747a8e8b30a55d1e.jpg,0.8419879674911499
dfecee5c9e06aecc384aa5a9c8cc40ab.jpg,0.9999616146087646
dfed87eb777ea2bf88b4508d34aa846c.jpg,0.998710036277771
e01f5872d2f5b8d9438c6982e1f6cc69.jpg,0.9954898953437805
e0251fcc9539ecaac51bd1794b1fdff5.jpg,0.9658072590827942
e02865dc77069561f48c91a279e59dc6.jpg,0.9998462200164795
e0289fc5529038cb9ceed9d4889a8394.jpg,0.04218709468841553
e04741cbe8777c18f0b0a545d2e65a4c.jpg,0.9999510049819946
e04ea78c41da8e482b374b19a0b83738.jpg,0.17717891931533813
e0575dba73163736f438b2dc54118381.jpg,0.7442365288734436
e0584526b68deb73f71f81a11a1c6476.jpg,0.8813437819480896
e08d743654caa136b62cce7b7356469d.jpg,0.35165441036224365
e09e9a628e3b7923dd79a8d85cb79006.jpg,0.9810420274734497
e0ab514b0b043f678225b47279c03765.jpg,0.1669653207063675
e0cc2f1c3a2ec91df4bc03d29df9b98a.jpg,0.49837279319763184
e0d0f12bf7af62f76ee161f32657bb6c.jpg,0.05719815194606781
e0d65d49c09cae1dc6f6134bf468b718.jpg,0.9979701638221741
e0e8a7671aec2c2129038495aa9403d6.jpg,0.08905180543661118
e0fd3060f37d14cced807fbbe30df452.jpg,0.9852448105812073
e131917b02948291f7ab87e4ea2a4944.jpg,0.011569409631192684
e13b6dab83b26297a79af65cd33260bb.jpg,0.9995378255844116
e14bb7ac8b1f2cc534cfd76a3e764451.jpg,0.9997233748435974
e14d73040f9a80ee6e1a2ef7284a7d08.jpg,0.9942008852958679
e157ba906fd0f25c14c80b160cd9af04.jpg,0.030284876003861427
e1753775f31f357c0877f0e3743b17d1.jpg,0.9999401569366455
e182c5387f86f746626a1b11f60a820d.jpg,0.9671276807785034
e19fe8726d26616f7aa400f3e847c3ef.jpg,0.9986839890480042
e1ab0410d2b026103d9750ef1fee85f5.jpg,0.14609423279762268
e2003e26f3272e01d148ee15e00ac716.jpg,0.18415941298007965
e20635bc692a85eecada356975c613f9.jpg,0.8413431644439697
e21d2fb167127dcbdef6ac637c3a7687.jpg,0.6180385947227478
e223aaa7af24b665473c60669c8a968d.jpg,0.9655830264091492
e236ebb0ea71474a221e24d1fbce4760.jpg,0.9968582391738892
e23cda8fb0bf23c7c1a157bb3d65c38e.jpg,0.9731133580207825
e25ec0618f8e535b51778ec15e5105ea.jpg,0.0342322438955307
e266a2529346da9588627af8f442b1b3.jpg,0.43024152517318726
e2738879210a5e5eecdfe80ba44bb042.jpg,0.9994066953659058
e279a5ab7ca1e1af269284649669c91f.jpg,0.31955283880233765
e279d6740ae2847373606c95d20e25cb.jpg,0.021245431154966354
e288ff8b27f470e2f211e85a4d215d6b.jpg,0.6281266808509827
e28f6488b487d722259309cf8c1b466a.jpg,0.9939277172088623
e299f2f3a167b3b87140a724edd5a5ce.jpg,0.02909933775663376
e2b991edf276e95dc5fdb370366e7e10.jpg,0.9922631978988647
e2ddc11426abf1d69a32946bf9ab4c2a.jpg,0.9999650716781616
e302eb3d7c7708cbef20fe232d9be4c3.jpg,0.43572166562080383
e30343364df4a977e034fc7e753abe56.jpg,0.9874417781829834
e30e2e86c54a73f277bdeab98bc06171.jpg,0.02514018304646015
e32764fa3820fe8d80794f5053d076e0.jpg,0.4200823903083801
e33e5d97560eb260ea3461214362f977.jpg,0.017601890489459038
e342db6ce1243d5e475cb3a94091718a.jpg,0.9999157190322876
e36a0df35a140fee42de31ffeb6536dc.jpg,0.01429007202386856
e370358984a1e57d26f006f035788fe2.jpg,0.9980865716934204
e3a6b8d9c4abb24b5501abde3b360264.jpg,0.9966226816177368
e3ac52b0f7d6e6488f26a49b2b8581a5.jpg,0.9985278844833374
e3cf3730a09e4f0267ba7b1c21c4b707.jpg,0.9999983310699463
e3d1e1b38264c74a2f9b4aab9398d5c0.jpg,0.20757722854614258
e3d731523e892121c528cae77357411c.jpg,0.9986727237701416
e3f0ecacde01a12eb82ea91017682d53.jpg,0.1655472368001938
e3f346f9144a4c714ca2db6165c8de45.jpg,0.969031035900116
e41385cf2734eb853c3103cb8c11a4aa.jpg,0.054168131202459335
e4212c6c1d16735a90dbc69e6fb29690.jpg,0.9926069974899292
e421d581be3b4c2e280a26dfec37e7b1.jpg,0.9999698400497437
e42c6ed84889ea1c31947db94781bfc7.jpg,0.02239835076034069
e43b0f272e0d5ff7aaf0812738331643.jpg,0.9980295300483704
e44833fe9007d67a7de0f761df087d8e.jpg,0.9930230379104614
e4491d2eef6c800caec7019a7b1e4c4b.jpg,0.4092333912849426
e4531911f1176c47d7caa585cf65d01c.jpg,0.999997615814209
e471486da93d2e9db71ff33341faae1f.jpg,0.9981081485748291
e480d0c6ea4bca9b5ea0886a1ba4266e.jpg,0.9997753500938416
e498314e0443d7595c54dda179d9896d.jpg,0.5632544159889221
e4ad48ba2f6a1e462b6620cf42203012.jpg,0.013149134814739227
e4baa78cb9dd7da0d19aaf13496a2204.jpg,0.0653124675154686
e4bcf2c421ebce50fd6cea79285c5dbe.jpg,0.9992678761482239
e4bd460aec9b3eeabe3ee4362baed5e3.jpg,0.08849193155765533
e4bf4d79c2ef0553e4e86f9e8d1afef7.jpg,0.9492236375808716
e4dacb75de89c9d8dbd3395a17bb1b16.jpg,0.9999927282333374
e4e678cffb3f106839a16dea399865f1.jpg,0.9921175837516785
e4e7025d1092d94e0dd023759c085025.jpg,0.9970978498458862
e4ebfd11c0b6bf39786e0adae6b1a24d.jpg,0.2430209219455719
e4f1f6fbd7ef71968930ab4498a10617.jpg,0.9974672794342041
e51d5192a5d7d8e0c9a74aa63bf9f33c.jpg,0.9975317716598511
e534d0a2ef2ef04d56d554b0fcbe1864.jpg,0.9904266595840454
e553f76d1f32791810be537e32f71a6a.jpg,0.988008975982666
e57e0398dc8d9245fb3dd2b58ead9ae1.jpg,0.9999818801879883
e59d7b3277063472eea6091ef2ecb5c0.jpg,0.9184408783912659
e5bd18f9217f37b4480526b0d1e5779a.jpg,0.02915680781006813
e5bda9618b850904b17206cb4b2889ae.jpg,0.11224610358476639
e5dab7d42d6f3372842affd1e372aa41.jpg,0.9636180996894836
e6083ba00ecd6c4b0a50cd730dd9aa1f.jpg,0.3692423403263092
e60b05c80f101d4c6fdd691a44301dc5.jpg,0.9994825124740601
e6176d0843d273640dec368f9172448f.jpg,0.05434049293398857
e620bee8fbde2db239d0b289ae993345.jpg,0.9971913695335388
e622c3908e6c4bc94310b6d40b3fc374.jpg,0.8242700695991516
e62a655af28d2e50fafeede9994a4ac4.jpg,0.9989583492279053
e63307c044ad70255a584f449f5eb958.jpg,0.8509835600852966
e63cfc5dca64791d57e9496d039843bc.jpg,0.006200936622917652
e641380817e16f4280e9eb85f23a1e0b.jpg,0.999321699142456
e649daba14a05dcbcb9ef3a226a03a32.jpg,0.9189901351928711
e66fd4d909fdac139856ed50b1d3dc9f.jpg,0.3070499002933502
e68a6ef381f6f8db7fbc0e391e7f203d.jpg,0.6542746424674988
e68ba09a2187bd88c66f2c2bb85377a1.jpg,0.9848056435585022
e68f5a3030dd8cc684063f0e4cb00ad3.jpg,0.9999319314956665
e6a2a09438c4025f3a96f799217b50ca.jpg,0.9997153878211975
e6a8b275dc191bd9a277c261c593a640.jpg,0.9949373006820679
e6cdfbaada09b929c88afdf5e29e36e8.jpg,0.9994082450866699
e6d5907bbe0dfb4a0e97336a67fbd7cf.jpg,0.9607502222061157
e6dedb05c3bdea7024b61193dede0609.jpg,0.9991592168807983
e6f1bea6cc6e19262969002bda5f8c43.jpg,0.9916374087333679
e6f626665125a252bd6d02191e7c97ba.jpg,0.9999992847442627
e6fa71e19148b833290ddd00327adf89.jpg,0.036808568984270096
e6ff9ffc58c24afb7fb14132baff34b1.jpg,0.9997074007987976
e724cc538a1020504bb33914a6d5f6cf.jpg,0.9214950203895569
e72feafa09952d930c9f82e85edf5d8d.jpg,0.999901294708252
e7368365f4ec8eaa74869b52bf81637a.jpg,0.15260964632034302
e747de9dbf3428e391449489dee3edcc.jpg,0.3728328347206116
e753bb8393c563d58ee89a91fe80b552.jpg,0.9934653639793396
e75fac264e2a1cdf6974606c7c4b5ad7.jpg,0.999539852142334
e76c5ab034cd604320bed1ac153028cb.jpg,0.9988877177238464
e793cca201d7cd53c94afc5224f2bcc5.jpg,0.015908407047390938
e7aeb80fdca5c653a09b8adfce39ca7e.jpg,0.9999704360961914
e7b7104a47a8efef9dd52bdb63531cbe.jpg,0.9947851300239563
e7c4d667c654f81d2d282bf25a774d09.jpg,0.9978220462799072
e7ccc54171015bd7ec7085bbdea7cec0.jpg,0.29130274057388306
e7d508a32bd8e12a322c96bfb631dcf6.jpg,0.9996262788772583
e7de90aac322ed1cacf03eb7881ecb96.jpg,0.9987536668777466
e7e3d2d199098dea45d47c53a3c719c3.jpg,0.9942781925201416
e7ee03814766d90d6db23322f44c34ba.jpg,0.03683976083993912
e7f2a662ea99a52c73d759a79fcd68a5.jpg,0.8346094489097595
e7f48e8cbce522378afdf7236157369d.jpg,0.032418958842754364
e807eeb1b3e2db1762e0d2c12f0c99ad.jpg,0.15816476941108704
e80a12232a02619341067c69b2ee96fc.jpg,0.2579370439052582
e80e1b9aec70cf0916a6be4877937362.jpg,0.9922806024551392
e814b83420ee1de337c52ebf8524364c.jpg,0.04199802502989769
e81b6d9deb8038ea98a9641662894285.jpg,0.9850364923477173
e81c25f9c8f4fce399b0b3707183fffa.jpg,0.9806190729141235
e82e5b093d028106badc1e2407eed957.jpg,0.7134345173835754
e835114a5c9c895697c9f91877523f69.jpg,0.9281268119812012
e85cfc19c7f590791362ac27fb7259ee.jpg,0.9985551238059998
e85fa97cea759077666972bbd3e51ab4.jpg,0.9909528493881226
e862e12c615cee60e76bec3a1ec24f7c.jpg,0.7248896956443787
e880364d6521c6f3a27748ec62b0e335.jpg,0.9992208480834961
e89393769cb19e203224012e5ad8fb12.jpg,0.8370091915130615
e8974e9ca2758d6a5a989c34c26ace5e.jpg,0.06394455581903458
e8a396add5e36240ce58305654fb20e2.jpg,0.9326174855232239
e8ae7991832ce4ea5ecfbeba3b778290.jpg,0.9855038523674011
e8b639a15f871c14cd4ac8c06df66de1.jpg,0.014396042563021183
e8d069170ae39aa850cc16336a669e92.jpg,0.9826206564903259
e8d249095fd6b5b25ad3a470cd196ec4.jpg,0.9797184467315674
e8d6af56a1e2a3a683952768264e7305.jpg,0.9999191761016846
e922a47983c8ae227febdb669596b495.jpg,0.9700321555137634
e92583cefd869139bfab1481ffe14b5f.jpg,0.9905874133110046
e93ecccd9073a03c6e585b9abd14fee8.jpg,0.9785687327384949
e952ad3e23c76c6af7c70434b87d84ad.jpg,0.9840111136436462
e957005a65164ce9c3898adb143fe5d4.jpg,0.0407283753156662
e965c26229d2ac93ebbb6f34705972e5.jpg,0.9353948831558228
e97de4ce99876f91be2657e77308132b.jpg,0.9998747110366821
e9890e3556a48b957c4fadef627afd1e.jpg,0.29759806394577026
e9a80a95f7b3e0c9b1f344881d30c41b.jpg,0.9970033764839172
e9d34c801ce85abea166dd362c5a631b.jpg,0.9672804474830627
e9d5ab00af8905fc7e9ad60ad81043a1.jpg,0.1335974931716919
e9d7c24172366179b38f5ba66719ef7d.jpg,0.23730173707008362
e9fb704a35fede3231f1ad481fbc0e96.jpg,0.016592353582382202
ea051fc4fbda11d28fa213053bfcb2f5.jpg,0.01838950254023075
ea05af568b15f5b721eea4ebdad1855a.jpg,0.9986826777458191
ea2957d82e8b040c0d2dba7c78c170c8.jpg,0.9998952150344849
ea369a6ecac2a429e979ed1fb29cbe7d.jpg,0.5411256551742554
ea4c4fbe72010dbf433aea2d3d42f70f.jpg,0.9753928780555725
ea54018a1e34bbe2609459dd59d3553b.jpg,0.9635087847709656
ea6377990bbdbe1ab57bed03a3df60a8.jpg,0.9888110160827637
ea75c6e4a9bfc84b8f01472c3298da46.jpg,0.9869721531867981
ea7af09f613f5bed612ebda61159a679.jpg,0.9997437596321106
ea94121b24e7bde6211012996c58da21.jpg,0.9995343685150146
ea9422f63363a362ba6f482617006e76.jpg,0.9992294311523438
eac3762f9f20c481dd026c64b722275d.jpg,0.997067391872406
eada284c2a32c7ef7c5803610a4557ed.jpg,0.06566165387630463
eada4955766c97a8822d0609ead8341c.jpg,0.22875703871250153
eb052afc28750874be2233d462a034f8.jpg,0.7552804350852966
eb094b105c65a26c80690d221babb57c.jpg,0.999832034111023
eb0be5c6b4878ba826f1384e91deb4a5.jpg,0.9968180656433105
eb1366520acc45967669749c5b0618f9.jpg,0.9529750943183899
eb1d4598bdd9968da80776d47055e108.jpg,0.999765932559967
eb553e43fc2fc20eeb7e5caaa298afc5.jpg,0.8405859470367432
eb578b61491eda218fa8f519c6a31d2f.jpg,0.033722519874572754
eb5f64b20306086a3bf3c3f6a33e31ec.jpg,0.9987136125564575
eb639a43bce8b259c8db00c26cda8fad.jpg,0.6426481008529663
eb67416c12b195dbd52effb958f16f69.jpg,0.9999148845672607
eb6f127fab1b5ad4b61c63d6ecec7a87.jpg,0.03439632058143616
eb9c52569d04448391a49aeac65939aa.jpg,0.04522145912051201
eba1f2093bad05245de6279704461612.jpg,0.9866668581962585
eba7a1e5c40cca3b59f5935fed40e394.jpg,0.062003470957279205
ebc47ee7a5cb41cd1d97e4c535a3d454.jpg,0.981875479221344
ebc8b312b6f59de08fe7ab2053bd12ac.jpg,0.49227580428123474
ebd8f0a23818958c52d7df6ae78e32dc.jpg,0.9964140057563782
ec143adb2b265ff70ebf713a00ae5541.jpg,0.9938169121742249
ec151317c2ed50e530530b72ed6421c2.jpg,0.6361406445503235
ec187a374f601e870c82a7c84b855cc6.jpg,0.9997125267982483
ec37062fa2480d3205f1b1272f707572.jpg,0.9999943971633911
ec4b9b4ab777876b0165ffcc0c27cb1c.jpg,0.9880536198616028
ec4de6044eedbc557015c1d1009741be.jpg,0.999674916267395
ec5d90754ba4d166e3b7783458fd16db.jpg,0.9999105930328369
ec622a52e42c7189107d08ada9524e7b.jpg,0.9958437085151672
ec6672ce94b40d8a874bf8ead7df1132.jpg,0.46231353282928467
ec995cd540e56674d21abb0dcf667905.jpg,0.9974693059921265
eca93947155e08b14936cf79407cf715.jpg,0.9767043590545654
ecb36fc11dd212fa10b1a5ca934fd702.jpg,0.5353609919548035
ecb41eff2432ec1e9b86cff4e0b0f78d.jpg,0.9999996423721313
ecdc2a59089a45640bfa1ce68bf548b2.jpg,0.9995542168617249
ece1b98aa60c4ffbe8e14ef363640be3.jpg,0.9888652563095093
ed0179187b65c52da1ba24add12fb9cf.jpg,0.9999784231185913
ed144683ff642815c30447a4db2bc5da.jpg,0.0850953683257103
ed186545abcc3583d7defeae163fda28.jpg,0.9999809265136719
ed3ce0999b1de7434f35d4431c6017fd.jpg,0.013934263028204441
ed44fcef896a6f9669f858a7ba7de240.jpg,0.9920142292976379
ed50301634d7ebd55c90fce8d3e8dab6.jpg,0.9983628392219543
ed5a7977924c686ec360793e23f0f47b.jpg,0.9842494130134583
ed602195fd7efd2908e9fa59d299899d.jpg,0.9972983002662659
ed867ecbacf96a2944745c1ca3d8510d.jpg,0.9945278763771057
ed9225d399aefa69a1e4136550fa2f0a.jpg,0.9995556473731995
ed9284e9527d183b5b0bc9e451491f17.jpg,0.1554948091506958
eda4d188c61b2dcc3472438ee914d727.jpg,0.9977161884307861
edae566dc88ad984072b19cc0f944bb6.jpg,0.999843955039978
edc698e42750ea343e9fbcb41ce8eeb7.jpg,0.020459778606891632
edd5d2820d3640af09d456dd483268f0.jpg,0.011856460012495518
eded89b4f85aac5bd8cb92bde06cf6a0.jpg,0.039436377584934235
ee03d4c3d53809cebb51c0374e58d62f.jpg,0.9985632300376892
ee19089763a7a59a0e3646c5f7807690.jpg,0.998847484588623
ee2944c91ea57e3239a2f3d44719c9ca.jpg,0.9969990253448486
ee3849581b78dc115abf73c580eb26f0.jpg,0.9999631643295288
ee3ddba5f04e0674db0d18a9dd3b8131.jpg,0.045502595603466034
ee6c02db3adf1f853562a5cb12047557.jpg,0.3410317003726959
ee8afcdbd7624a9aca985fcbad3ac0cc.jpg,0.9977937936782837
ee90f0b7165cdab0ec4cc79c056400dc.jpg,0.053540412336587906
eed7442d391e46ff6053c2db50aeb0e4.jpg,0.9660164713859558
eee214316f9400bf5bfbbdd2ecb1899e.jpg,0.05888919159770012
ef1e5c166736d707740a73863f0e47e9.jpg,0.9830188155174255
ef489c717826a6b3ce58b603b96499ec.jpg,0.9983528852462769
ef4f5e98b7b241f74802bf513acdfe26.jpg,0.017182400450110435
ef59f6ccd542bb363da8841e7de43b1a.jpg,0.7549981474876404
ef60e114f6a064451a27417f032b8cee.jpg,0.9997255206108093
ef7429135ab698f7c2f11a62cf8ce504.jpg,0.9750325679779053
ef7864941809bb7d1f023e3ade08a535.jpg,0.9972906708717346
ef7cde503fbdcab2ab66e54000827a60.jpg,0.033817727118730545
ef7d859bad8793ea4c19b3b8c62e0c3b.jpg,0.7396649122238159
ef93c1880e2cb5e08088a6ed9c3f737c.jpg,0.375660240650177
ef9c8347bf86db13f42f0497e0f50ea3.jpg,0.16463693976402283
efa11b447572f6666290dd35ac5225c3.jpg,0.9549937844276428
efb94ce68604091fa8799d31dc7df39f.jpg,0.7167609930038452
efdfcf7c1c35f9783035db097e934e62.jpg,0.9328022003173828
efe6e64cf35b9c558f7a9aa28601f168.jpg,0.9969661831855774
f0281d7d405f530ff247a01e3ce5778e.jpg,0.019960250705480576
f039cca58a221a5e1255f1cedd22b4b1.jpg,0.9919283390045166
f046eb881b199527b958a1e79ceb3648.jpg,0.9860430955886841
f04e9a60d89b789012b36b70c9db804c.jpg,0.018782926723361015
f05b36aa1adef52c9b569404abf4f53b.jpg,0.9991990923881531
f0720f7eac8fd0b72dd78cc7f63f4467.jpg,0.5434615015983582
f0783a1878a31d62454497c95410135b.jpg,0.3260844051837921
f08153e6ebeb1cbcd9142eb8c77fcca8.jpg,0.051027290523052216
f09209bbc65b8e9c62bdd8f8aab1020c.jpg,0.9928718209266663
f093449ae8fe70fd04cdd134c44307d3.jpg,0.9833018183708191
f09c1e7d2d57068475183549143cd148.jpg,0.9898443222045898
f09c6e873c900ca6d61f73085e85091f.jpg,0.9999771118164062
f0ab1fd2e4bed5cef3318bfc17c30b15.jpg,0.936766505241394
f0b0d8d6d17d0efd3a47fc2b6b8e017e.jpg,0.9296847581863403
f0b435a35a66e2e7cb86966cd8b37bde.jpg,0.9594674110412598
f0bb2a944df10f47fe56ad38747a4b14.jpg,0.9990911483764648
f0c07b73a3b501719e6198b12ff81ee3.jpg,0.9987748265266418
f110f55b31af987603e90e9b57095172.jpg,0.694068968296051
f147cd4973a443280f1085f44ec26e45.jpg,0.9970614314079285
f1546668528e13594143945b05436772.jpg,0.9994144439697266
f17e5bb37c3ec5acb480541f463066a2.jpg,0.9565709829330444
f181e6a2cfa3a42118a7d2c826e05ed3.jpg,0.15936319530010223
f18eb2c98eb0d2206103ef403d9f2c1e.jpg,0.9895817041397095
f18fd9414c43de36c52be8d5ac2e0307.jpg,0.9829859137535095
f194b171e01507e94311b67e49a84446.jpg,0.9998353719711304
f1a6b4810e2fddb55fea3403572900da.jpg,0.9973078966140747
f1a7d32b15502b983d890ae409e6b4b8.jpg,0.9307268857955933
f1e05bb5ef7fdf442a0021ee0709da96.jpg,0.48709559440612793
f1e84da73bc3817652eaf92db68e1125.jpg,0.9990887641906738
f1f1694eab88d7a8d726eeb166a6fd12.jpg,0.9818130731582642
f20970311d7c61d6784b3af887c4a76c.jpg,0.9708938002586365
f213f42febab0cba49f47ee4a7cb461d.jpg,0.9796262383460999
f215dcfc7d8acce6a86b4255a81ad0f7.jpg,0.731713056564331
f222798165130b918085d49607ff65dc.jpg,0.99903404712677
f23298f3bb5292883e568caeec211f48.jpg,0.9992107152938843
f232f9d9a7bb96f614f30cff06a6dbbd.jpg,0.2904667258262634
f23461e215ed8cb22d21e10291967194.jpg,0.9908326268196106
f236cce2c2e20ef3155e8d4ec911b6a6.jpg,0.05335725471377373
f238f8506c272c30dbdeaa8f129926c1.jpg,0.9453825354576111
f2467e4a2f594e138103e4e6ac965f74.jpg,0.9998492002487183
f27f88d847b2bedbd255e838308da72e.jpg,0.977432906627655
f28b3d3505d0d2fae1dd701cb5fe5f18.jpg,0.9516785740852356
f290049d8a7c6aad1a98969075285fbb.jpg,0.015363335609436035
f2b8162e85b44962f386cdcaca979ec5.jpg,0.9948906898498535
f2bcafcacd38f69b07a83cdff902c33e.jpg,0.14642979204654694
f2d74b144a6783380bb51c0208dc5a4e.jpg,0.6928884387016296
f2f6980c9f5e2f0912fc3c3d0c4c64bb.jpg,0.8380590081214905
f2f9d87fce6e740c913e032901d673df.jpg,0.9961045980453491
f316da5511c61ffe7c7da8398777e38a.jpg,0.6192627549171448
f325d27c032f48e09da3f67f5025c819.jpg,0.9959975481033325
f32fe348b5e336f8728d36f4a21dd9f2.jpg,0.061555590480566025
f339b3b63bf48ead08412c3a594a385f.jpg,0.12412615865468979
f340c8dc9995bb31502b248dc1104f8c.jpg,0.997866690158844
f34d904f1866fc88a5f3884d56620c4c.jpg,0.7912092804908752
f36bef4cdcdcc66035b034fa964590d8.jpg,0.9844682812690735
f394e0dcdc983379f242e534577e487d.jpg,0.9953557252883911
f3d27e03f8f9ba56d643e603f2f5db33.jpg,0.982455849647522
f3d2f8f72847b33bea5a1e7c3846e90f.jpg,0.870518147945404
f3ec5a423611f0b3bea1404f4311f994.jpg,0.9895063042640686
f412707e899a344e81783ee7d4dcad0e.jpg,0.01666550152003765
f41560777e6a67c2f21bbd6f3e33c9d1.jpg,0.36168500781059265
f419537a2ccb32c0f6e6fb359fe6ff1c.jpg,0.8435564637184143
f41fcc29f18c1af1cc46a887b002cc62.jpg,0.9981461763381958
f42cac593fe5867570d53ef8bb01fc19.jpg,0.8992794156074524
f42e221845f773949f324a90750d8a17.jpg,0.06797930598258972
f4393d036c4bb9e79d90b7615323ef25.jpg,0.18940363824367523
f43f67579977433145405af0823f3017.jpg,0.997734546661377
f452c685324a96aec26d835ef21a31bf.jpg,0.9772341251373291
f45a0bc7cee7bc0c39ea74b1d8ed5ff6.jpg,0.864203929901123
f46384bd7609a9a4d25c5cf297077f33.jpg,0.04603911563754082
f46a5d60b4878663ea178392ae7323ab.jpg,0.9810124635696411
f47857ff9db3af6815733b572a162a7b.jpg,0.0326913446187973
f4a0aa8a3b733588cfbb1f91fb5ca66d.jpg,0.9999997615814209
f4c547e498962cb120ffd2032cf6fcfc.jpg,0.06399895995855331
f4d6a3d687c06917560721fc42ad7fd5.jpg,0.9950674772262573
f4dee119774147b58c3b3e6ba26dfbec.jpg,0.9996054768562317
f4eb8445accbc01dbd40007bca6a91a8.jpg,0.999386191368103
f4fde46f863a8c0aaca2663a81d34f75.jpg,0.9989079236984253
f501413f2e2a1efcd8de7051ea86b2a2.jpg,0.9943693280220032
f504b3162298ae73f580b867864ec30c.jpg,0.986090898513794
f52188eefd4d5886765e205efe3b0906.jpg,0.9955306649208069
f529552f37c6db5ff8b2c001b9815778.jpg,0.9927299618721008
f5328f3df9469564c546182489a112f5.jpg,0.9977076053619385
f54cb65a550ecf43884c598dda19ab67.jpg,0.9679374694824219
f5a7cfeb3286ccd844c01105cfc9a11a.jpg,0.9994008541107178
f5aabc3680fbea2f14a53f8b278e58cb.jpg,0.9927099943161011
f5be9adbaa6090232643fa5ebfebf1f6.jpg,0.9899390339851379
f6031477ffa62c296a37534961d1c48a.jpg,0.9996899366378784
f605bbd0e7d3dd02219abc10f425d893.jpg,0.9978756904602051
f61221de5868b143ec1d2ec71e30312b.jpg,0.9825689792633057
f6371b2054c8e2ca70ff8f8b95d89dda.jpg,0.9999951124191284
f64942f410114888deeb910ca695ce37.jpg,0.9995504021644592
f65d0b6bf52fd05cd0eb87f979f5cbf9.jpg,0.9999289512634277
f66c9ddc13f64dd6f4137d573c6ac4fe.jpg,0.9999021291732788
f686228a99e5ad5da3b3ba9a4435c310.jpg,0.7917694449424744
f696c720452e31b8400f1154555738ab.jpg,0.5662921667098999
f69d0bc9aa417bc103c1f88a6a698d4a.jpg,0.9967169165611267
f6a4591438869775a333cfdbf20d80d0.jpg,0.9999998807907104
f6ae9c160db66f8fc2a7d332e59f3540.jpg,0.02758519910275936
f6b759fbfd3d2f9db952cd6ebb8fa8a4.jpg,0.9634827971458435
f6cf4337e6b3462e88fa2c03d75d287b.jpg,0.00987822376191616
f6d550027317286701dbd3b276b7e048.jpg,0.9999582767486572
f6e47ae1cf5dee5aa6eba0750e60ae9d.jpg,0.8841737508773804
f6e4c866613138b3909911ff0a8d1897.jpg,0.999900221824646
f6eed269f15fc2cd24fc125688917f3e.jpg,0.9999363422393799
f6f24e123abe05cec1cf53ec9a7b0e94.jpg,0.3340250253677368
f6f2eb095f48db85c783b71696ad9909.jpg,0.9781846404075623
f70b1fda0add0622101e99740a0d37ab.jpg,0.9270358085632324
f716a411eb34ebfbb18c426a5c7ec4f7.jpg,0.12732316553592682
f7174cf55d26ec8f991b77eabe783a2b.jpg,0.27823683619499207
f7342746018e29d7e39d8f7ae1539abf.jpg,0.9997596144676208
f74e6483799d99dbcdf884601eac204a.jpg,0.9997920393943787
f76dfcef136e783ba0128938ed04a4c6.jpg,0.037981223315000534
f77830ed31fbce8dd6b861babc2b930e.jpg,0.999351441860199
f77ea1a71dfd393ba5c1589f804ecc11.jpg,0.9964936375617981
f786a2b386fcac75e27a2974d4dc3672.jpg,0.9993100166320801
f79868855c999fc0e9b02a4a423a694e.jpg,0.14604057371616364
f79bfc0a4836f627cb8c6f2a21f76d47.jpg,0.7493458390235901
f7af4434376bc5a5e5c55aeda5ba0778.jpg,0.9900890588760376
f7b00fd4739007f7b412b2772186491f.jpg,0.9518469572067261
f7d9b03f0be2f514b6df8423acd8cda7.jpg,0.9999496936798096
f7e684c529adf174f078de60416246be.jpg,0.9999991655349731
f8459f696bbed0543d4550c940a801d8.jpg,0.9068620204925537
f8504c18f3d5f1c2a40d00577e2c79bb.jpg,0.8985406160354614
f852b04b38e6874c1c01db8d94a3b4de.jpg,0.9702339768409729
f86fd34c71decec3056023a783a5baa3.jpg,0.9942874312400818
f87354b679630e4eb508642989e7e767.jpg,0.5777794718742371
f8841130740633640168fbde6feeec0c.jpg,0.2958260178565979
f884e7f7cee836f4c948918ec13d8854.jpg,0.9808841943740845
f88eb08c5fb3339366892ceee7cac703.jpg,0.9806728363037109
f89058749c902639d11c1fc8c9744f44.jpg,0.9825641512870789
f8934277fb051e4ef60d4990e466432e.jpg,0.9565111994743347
f8c7566b1d343d6c9f9d336ceb694075.jpg,0.08315319567918777
f8da58cbeb8e01dd447f551eae5dd2e1.jpg,0.892005205154419
f9045f5f85272c1f7786b24f1b633ceb.jpg,0.9821773767471313
f906847359dc7ea940fd8c9fbd8a7688.jpg,0.999830961227417
f9181908c4e8c45999c3b9acd448ce42.jpg,0.999825656414032
f92d4efaec7d6b1a69d9f794cba63a00.jpg,0.8497601747512817
f933c3cac38b7943b59690a9b58fd95d.jpg,0.8982856273651123
f93a0e10ad2cdb385e2323e3b701f4ef.jpg,0.026882939040660858
f94c33023b7a737d1a0465cb9833a984.jpg,0.9489102959632874
f97b3ec8c3794628edc8e133f940764e.jpg,0.30690881609916687
f9852f9d6f1a0f802593655cbbfed0cd.jpg,0.9089657068252563
f98afb5ffdd4c4204397d79ef2d03ad4.jpg,0.014079306274652481
f996d6505a35dee9c1c0df41f9edf2d8.jpg,0.9975869655609131
f99a06d1d08da7486a0a5598d8967a44.jpg,0.04799928888678551
f99e8194bfdfbf6c6657ba1a9e69ae3c.jpg,0.9109029173851013
f9a4b600b08c41bf5d4233e683b54ae4.jpg,0.9992437362670898
f9bf424a0c89b95de6d3a45af83bba60.jpg,0.9998067021369934
f9c81183753b0918675dd2033bc39803.jpg,0.9946622252464294
f9d5768122bc3bde0f83161f0164539d.jpg,0.8273454904556274
f9f6a99d7b96306a930a72501281495e.jpg,0.9935719966888428
f9f8fd04ea9355d8d82138a840e7aa9d.jpg,0.37593960762023926
fa32bbf60d4fc052ebf57d01e803daf5.jpg,0.9276959300041199
fa37fa0fd9cc4cca9497b4f696625885.jpg,0.99930739402771
fa50966fb9dcfe124f38df77a0019e17.jpg,0.9929458498954773
fa50e18ff38d615f660c72ef46da4c9a.jpg,0.999711811542511
fa68f70a01b695bf917b4d78f1d60c21.jpg,0.9984473586082458
fa797735be687a50719fa13b75b5c491.jpg,0.9978232383728027
fa88c685baf806e4f07ab63d454babee.jpg,0.9962338805198669
fab26c23a11428543f7bda1ecf79e120.jpg,0.015478732995688915
fabca50fa61ab8561038974fd383bca9.jpg,0.15114082396030426
fac1b4a81d9699ca00a8fae4bd55d4a6.jpg,0.9999945163726807
fac4070a8ba2509138ae7d965badd78b.jpg,0.9273046851158142
facd0bd6149c4d3556c0c8eb358a36cb.jpg,0.21487967669963837
fad762d75dd9a7d30cf41d0694152ddd.jpg,0.9942124485969543
fad8b3fc7dfcd4bf30005487c48a2f31.jpg,0.016264349222183228
fae20c66dcf48357e8aeb26e3d493b0e.jpg,0.9659934639930725
fae5a8d915104db8d5936852a89dba75.jpg,0.6620776057243347
faf422f619a622fdfbe6c709bca825c1.jpg,0.005674046464264393
faf64b96a78b441024a9cb76afbd5036.jpg,0.9942787885665894
fb483aa1c32c7393a34b44efb44f34ac.jpg,0.9567041993141174
fb4f464486f4894330273346ce939252.jpg,0.9914451837539673
fb5184634474672d043758eb5164c2bf.jpg,0.962235689163208
fb594e0a01c8752f8e536c2b55d3a4c0.jpg,0.9943894743919373
fb5e3f57da3a6f25d8f9b15cd8fb0f73.jpg,0.9952073693275452
fb61030036b65521e569ba79c143fd96.jpg,0.9977062940597534
fb62e857b81f0dc230d376f4519ed351.jpg,0.9992644190788269
fb6312fa44a5cb3a944f5711f42503a2.jpg,0.9879524111747742
fb65bbeb4a4d7af6580e1b98f3ea12f3.jpg,0.020597334951162338
fb66a2521a1b746ee1c4ffac4e10f019.jpg,0.036803580820560455
fb6912b67de88fff04b2289beca30ff1.jpg,0.9955731630325317
fb6c7844c5b385e71f5bbf590ae62e23.jpg,0.9997965693473816
fb8651df69757f0226d795a82b01e746.jpg,0.9998732805252075
fb96e5cef979ba23010129acfc05a29a.jpg,0.22573189437389374
fb9812e4bf4ab106d7c37287bbac3939.jpg,0.9761604070663452
fb9c9c66bf3576711f1d4688feb83f5f.jpg,0.016627877950668335
fbafd2972fb679dc20e63579475628f9.jpg,0.9763794541358948
fbbecd9974917ad61daf8646bb679050.jpg,0.9847532510757446
fbca5cc6833460c0391a357dbb7f4f58.jpg,0.9988786578178406
fbd6c6687c25931a808beb58afeab020.jpg,0.9966879487037659
fbddf8e530b846de3028651b6a7e4a39.jpg,0.8954949378967285
fbe4af18ba26852fe15fbdcda66aa1b1.jpg,0.9990838766098022
fbebf744bf236db9e702136781da1081.jpg,0.9316262602806091
fbf777c5c02068a4c85f2f5eb39c53b1.jpg,0.6212470531463623
fc02ba5f3e81ec1e45f3957ce1385ded.jpg,0.9969856142997742
fc0cb5bfdbeb95e7d9eced80da25a44e.jpg,0.12103976309299469
fc1ab4e86b2ccff9a824846bdf824f9a.jpg,0.9998201727867126
fc2dfdbef47014982487f6f582df6bbd.jpg,0.9952114224433899
fc2f0c12b1a785a29f753111143b3a66.jpg,0.1611669659614563
fc35cbb85c6cce8a40bb25d473e26a91.jpg,0.8990200757980347
fc42e123741b5fd390645e18e2d08389.jpg,0.12127586454153061
fc4d29d817b57e19241339bcaf3f5753.jpg,0.9998238682746887
fc6e5fe8d161b1575072d487a9069c0f.jpg,0.9991706609725952
fc748366c51fe0f145bfa9f9fb021656.jpg,0.9983464479446411
fc76ae520f30c6aba6dbfa8e82def89c.jpg,0.9997780919075012
fc809914df7875644843fcb11f9c9658.jpg,0.9999953508377075
fca2b51228035f054d7d85473b6db3e0.jpg,0.6610358953475952
fcabd7894231b629bee9a9f76516da9c.jpg,0.9268273711204529
fcd64f594fd5a3b7efb37f4b62e2e6b5.jpg,0.9988069534301758
fcd865133c9e1e40d1d3660b47b81af9.jpg,0.9925869107246399
fcdee07e2a9f849149f9b48badc987cd.jpg,0.6405065655708313
fceb475a7ca3c6719bfdb8c66800303f.jpg,0.9999690055847168
fcfbb4db625708d6c02c00ca5a57eeb4.jpg,0.02147601544857025
fd25c85113214a6770eac8517a0dc8ec.jpg,0.9998939037322998
fd3039fade529f6fc1428ddeed075828.jpg,0.23393242061138153
fd30ff53c0125431b35e4168dd72e288.jpg,0.021924201399087906
fd4d7605207aed8e17574c5157d0532d.jpg,0.9996095299720764
fd4f6c93466b6c3438e1d7b616328b00.jpg,0.999646782875061
fd6fc9105684632afc853c4c8542026d.jpg,0.49085021018981934
fd70e0348d3ca3fb87d0ebc35c6f04b8.jpg,0.9959118366241455
fd93cb95a0bd3167f3c6772c238290b5.jpg,0.9851313233375549
fd96a8e3e9efc64cca64c92ada769bbb.jpg,0.9926714897155762
fd97b32507fbc484837b39b0346f893e.jpg,0.12002542614936829
fd98366b548135de4cc7cc4d896c1f9c.jpg,0.3984619081020355
fd9b78dbc8fbe0d116eeeff11298e81c.jpg,0.019770903512835503
fdadd70d46f473bc81773484cd7698ce.jpg,0.9992614388465881
fdb60a8e0b9d5a2086186d05ce368b03.jpg,0.09877327084541321
fdb8f00d317dda165c819913aabd56bd.jpg,0.052891649305820465
fdbe1d4bf0bc38a5020468a4e905f54d.jpg,0.9617599844932556
fdcffddff9a2591d11549d9b7d4fa82c.jpg,0.9831967353820801
fdd85be2ebe14d32613e48dd3af2dbf1.jpg,0.6082906723022461
fde60f274a6a0be9bc294c204ffab731.jpg,0.9988977909088135
fe104c9bb7205629889ab8cba64dd04f.jpg,0.9969396591186523
fe2064906df36eb5cbddc0261945d854.jpg,0.9999138116836548
fe3af39f7ed104cb1a1d3764b0df3d8b.jpg,0.598423182964325
fe595c2f96952db75f8dea9e6d2a6402.jpg,0.9945409893989563
fe6f5c37f1bd08202390b617d5405a48.jpg,0.01415790244936943
fe75980d25479a3410a97a0a612f2bd6.jpg,0.9882287979125977
fe875b77445bae122678aa8ad855ff77.jpg,0.9872845411300659
fe8d3adf09859c03d6d7baf9dc1042f8.jpg,0.999134361743927
fe958d4dfeba58fa21cacc156246a320.jpg,0.037066876888275146
feb5e97217dde30ad23505a9bc246c12.jpg,0.9977418184280396
febf18e1e32539bd2014e83376e297ed.jpg,0.999618411064148
fef042cf395d8d236c7a222ca6111f6f.jpg,0.4017188847064972
fef24110b83b6fc439f6fa823ad6ce78.jpg,0.8052015900611877
ff01372293362bd068923395535d831f.jpg,0.991925060749054
ff0437b4c375e4e8cd8ebba5ecab3500.jpg,0.9994588494300842
ff0cba3dc2ea18ce5cff5a2379f1d927.jpg,0.9958557486534119
ff1c471a319b31a8b570df85e344a5d1.jpg,0.8779690265655518
ff2ebd7673bd012b5f5920039530479b.jpg,0.9999940395355225
ff360b32a4cb50adf2f89ab3cfc9b6aa.jpg,0.2553115487098694
ff4d7f31dd2413ed8eef344470f20d97.jpg,0.017604200169444084
ff680e4f9bb7283eaf4cbc7530099657.jpg,0.11271493881940842
ff6d1ceccb9e19e750fc7e2c637c3c83.jpg,0.9998140931129456
ff6f8ae36c1d66214127fe5008789407.jpg,0.9509443044662476
ff7403812efdc9ec93301c32e8f39c30.jpg,0.9449990391731262
ff8bc1e0fe61fba8ea9a05c91cd0933a.jpg,0.9974244832992554
ff9937f41664d329822e72c6a14d3f16.jpg,0.6089295148849487
ff9c0bafab5f89febd18c1d6865c079b.jpg,0.9999809265136719
ffaafd0c9f2f0e73172848463bc2e523.jpg,0.9961207509040833
ffae37344310a1549162493237d25d3f.jpg,0.999980092048645
ffbd469c56873d064326204aac546e0d.jpg,0.9993866682052612
ffcb76b7d47f29ece11c751e5f763f52.jpg,0.9924439787864685
fffed17d1a8e0433a934db518d7f532c.jpg,0.8975790739059448
